Symbol,Name,Last Sale,Net Change,% Change,Market Cap,Country,IPO Year,Volume,Sector,Industry
AAMI,Acadian Asset Management Inc. Common Stock,$50.69,-0.42,-0.822%,1810776972.00,United Kingdom,2014,36233,Finance,Investment Managers
AAOI,Applied Optoelectronics Inc. Common Stock,$93.81,7.48,8.664%,7054401023.00,United States,2013,10335270,Technology,Semiconductors
AAPG,Ascentage Pharma Group International American Depository Shares,$24.02,-0.38,-1.557%,2091340813.00,China,2025,989,Health Care,Biotechnology: Pharmaceutical Preparations
AB,AllianceBernstein Holding L.P.  Units,$38.01,-0.05,-0.131%,3507728790.00,United States,,135387,Finance,Investment Managers
ABAT,American Battery Technology Company Common Stock,$3.1698,-0.1002,-3.064%,417491965.00,United States,,1221007,Basic Materials,Metal Mining
ABCB,Ameris Bancorp Common Stock,$73.885,-1.155,-1.539%,5015335744.00,United States,1994,310064,Finance,Major Banks
ABCL,AbCellera Biologics Inc. Common Shares,$3.485,-0.065,-1.831%,1026909379.00,Canada,2020,570284,Health Care,Biotechnology: Pharmaceutical Preparations
ABSI,Absci Corporation Common Stock,$2.955,-0.075,-2.475%,444347874.00,United States,2021,1908095,Health Care,Biotechnology: Commercial Physical & Biological Resarch
ABT,Abbott Laboratories Common Stock,$108.98,-1.73,-1.563%,189805815170.00,United States,,1511195,Health Care,Biotechnology: Pharmaceutical Preparations
ABTC,American Bitcoin Corp. Class A Common Stock,$1.045,-0.015,-1.415%,969347219.00,United States,2018,4370629,Technology,EDP Services
ABUS,Arbutus Biopharma Corporation Common Stock,$4.295,-0.065,-1.491%,826031653.00,Canada,,391302,Health Care,Biotechnology: Pharmaceutical Preparations
ABX,Abacus Global Management Inc. Class A Common Stock,$9.99,-0.10,-0.991%,964456128.00,United States,,192380,Finance,Investment Managers
ACAD,ACADIA Pharmaceuticals Inc. Common Stock,$20.285,-0.615,-2.943%,3458483225.00,United States,1985,432998,Health Care,Biotechnology: Pharmaceutical Preparations
ACDC,ProFrac Holding Corp. Class A Common Stock,$6.758,-0.012,-0.177%,1222662449.00,United States,2022,639340,Energy,Oilfield Services/Equipment
ACHC,Acadia Healthcare Company Inc. Common Stock,$23.49,-0.24,-1.011%,2166054642.00,United States,,333358,Health Care,Medical Specialities
ACIC,American Coastal Insurance Corporation Common Stock,$11.22,-0.20,-1.751%,545922620.00,United States,,36831,Finance,Property-Casualty Insurers
ACIW,ACI Worldwide Inc. Common Stock,$39.64,-0.22,-0.552%,4032180047.00,United States,,73433,Technology,Computer Software: Prepackaged Software
ACLS,Axcelis Technologies Inc. Common Stock,$86.28,1.13,1.327%,2650419358.00,United States,2000,113239,Technology,Industrial Machinery/Components
ACLX,Arcellx Inc. Common Stock,$114.555,0.035,0.031%,6699154864.00,United States,2022,320077,Health Care,Biotechnology: Biological Products (No Diagnostic Substances)
ACMR,ACM Research Inc. Class A Common Stock,$47.56,0.22,0.465%,3126004371.00,United States,2017,194328,Technology,Industrial Machinery/Components
ACNB,ACNB Corporation Common Stock,$45.69,-0.59,-1.275%,473051506.00,United States,,15800,Finance,Major Banks
ACRS,Aclaris Therapeutics Inc. Common Stock,$3.795,-0.085,-2.191%,457658742.00,United States,2015,408223,Health Care,Biotechnology: Pharmaceutical Preparations
ACT,Enact Holdings Inc. Common Stock,$40.85,-0.04,-0.098%,5780841344.00,United States,2021,65589,Finance,Specialty Insurers
ADAM,Adamas Trust Inc. Common Stock,$7.98,0.00,0.00%,721985241.00,United States,,166935,Technology,Computer Software: Prepackaged Software
ADBE,Adobe Inc. Common Stock,$250.18,-4.02,-1.581%,102698890000.00,United States,1986,1698425,Technology,Computer Software: Prepackaged Software
ADEA,Adeia Inc. Common Stock,$23.63,0.17,0.725%,2576910740.00,United States,2003,164929,Technology,Computer Software: Prepackaged Software
ADI,Analog Devices Inc. Common Stock,$315.49,1.83,0.583%,154023529492.00,United States,,686919,Technology,Semiconductors
ADMA,ADMA Biologics Inc Common Stock,$15.16,-0.99,-6.13%,3610493108.00,United States,,1381942,Health Care,Biotechnology: Biological Products (No Diagnostic Substances)
ADPT,Adaptive Biotechnologies Corporation Common Stock,$13.35,-0.04,-0.299%,2055653839.00,United States,2019,337003,Health Care,Biotechnology: Biological Products (No Diagnostic Substances)
ADSK,Autodesk Inc. Common Stock,$251.61,-1.31,-0.518%,53089710000.00,United States,,242801,Technology,Computer Software: Prepackaged Software
ADUS,Addus HomeCare Corporation Common Stock,$100.69,-0.83,-0.818%,1864604707.00,United States,2009,53306,Health Care,Medical/Nursing Services
AEF,abrdn Emerging Markets ex-China Fund Inc. Common Stock,$7.78,-0.02,-0.256%,835280250.00,United States,,55855,Finance,Finance/Investors Services
AEIS,Advanced Energy Industries Inc. Common Stock,$319.90,3.99,1.263%,12107672770.00,United States,1995,80452,Technology,Industrial Machinery/Components
AEM,Agnico Eagle Mines Limited Common Stock,$197.86,-11.59,-5.534%,99133717645.00,Canada,,1031842,Basic Materials,Precious Metals
AFG,American Financial Group Inc. Common Stock,$127.635,-0.945,-0.735%,10631846550.00,United States,,37873,Finance,Property-Casualty Insurers
AFGB,American Financial Group Inc. 5.875% Subordinated Debentures due 2059,$21.4222,0.0922,0.432%,1784444260.00,United States,2019,1263,Finance,Property-Casualty Insurers
AFGC,American Financial Group Inc. 5.125% Subordinated Debentures due 2059,$18.49,0.00,0.00%,1540195422.00,United States,2019,591,Finance,Property-Casualty Insurers
AFGD,American Financial Group Inc. 5.625% Subordinated Debentures due 2060,$20.5099,0.0055,0.027%,1708450735.00,United States,2020,968,Finance,Property-Casualty Insurers
AFGE,American Financial Group Inc. 4.500% Subordinated Debentures due 2060,$16.90,-0.10,-0.588%,1407750278.00,United States,2020,672,Finance,Property-Casualty Insurers
AFL,AFLAC Incorporated Common Stock,$109.025,-0.495,-0.452%,56297179504.00,United States,,311278,Finance,Accident &Health Insurance
AFRM,Affirm Holdings Inc. Class A Common Stock,$48.26,0.70,1.472%,16075920017.00,United States,2021,1338377,Finance,Finance: Consumer Services
AG,First Majestic Silver Corp. Ordinary Shares (Canada),$20.46,-1.28,-5.888%,10089588933.00,Canada,,10446860,Basic Materials,Precious Metals
AGI,Alamos Gold Inc. Class A Common Shares,$42.405,-3.315,-7.251%,17805045197.00,Canada,2015,1463421,Basic Materials,Precious Metals
AGIO,Agios Pharmaceuticals Inc. Common Stock,$28.215,-0.695,-2.404%,1653178133.00,United States,2013,110027,Health Care,Biotechnology: Pharmaceutical Preparations
AGM,Federal Agricultural Mortgage Corporation Common Stock,$147.70,0.13,0.088%,1603576094.00,United States,,37032,Finance,Finance Companies
AGYS,Agilysys Inc. Common Stock (DE),$68.62,0.60,0.882%,1928787909.00,United States,,59376,Technology,EDP Services
AHCO,AdaptHealth Corp. Common Stock,$10.53,0.08,0.766%,1431183012.00,United States,2018,107994,Health Care,Medical/Nursing Services
AHRT,AH Realty Trust Inc. Common Stock,$5.85,0.16,2.812%,469033631.00,United States,2013,478708,Finance,Real Estate
AI,C3.ai Inc. Class A Common Stock,$8.695,-0.115,-1.305%,1263307175.00,United States,2020,1214278,Technology,Computer Software: Prepackaged Software
AIG,American International Group Inc. New Common Stock,$75.825,-0.815,-1.063%,40684636447.00,United States,,430053,Finance,Life Insurance
AII,American Integrity Insurance Group Inc. Common Stock,$18.72,-0.47,-2.449%,366519048.00,United States,2025,12215,Finance,Property-Casualty Insurers
AIP,Arteris Inc. Common Stock,$15.62,0.16,1.035%,710198617.00,United States,2021,72794,Technology,Semiconductors
AIZ,Assurant Inc. Common Stock,$215.225,-2.095,-0.964%,10696632783.00,United States,2004,69787,Finance,Property-Casualty Insurers
AIZN,Assurant Inc. 5.25% Subordinated Notes due 2061,$20.244,-0.076,-0.374%,1021496267.00,United States,2020,1450,Finance,Property-Casualty Insurers
AJG,Arthur J. Gallagher & Co. Common Stock,$208.13,-1.03,-0.492%,53510223000.00,United States,,352713,Finance,Specialty Insurers
AKBA,Akebia Therapeutics Inc. Common Stock,$1.43,-0.06,-4.027%,383067312.00,United States,2014,1099488,Health Care,Biotechnology: Pharmaceutical Preparations
AKTS,Aktis Oncology Inc. Common stock,$18.785,-0.445,-2.314%,1001183206.00,United States,2026,77019,Health Care,Biotechnology: Pharmaceutical Preparations
ALAB,Astera Labs Inc. Common Stock,$126.8301,-0.7399,-0.58%,21588322437.00,United States,2024,1465030,Technology,Semiconductors
ALGM,Allegro MicroSystems Inc. Common Stock,$32.13,0.07,0.218%,5953395653.00,United States,2020,753971,Technology,Semiconductors
ALGN,Align Technology Inc. Common Stock,$172.045,-4.075,-2.314%,12263734400.00,United States,2001,348602,Health Care,Industrial Specialties
ALHC,Alignment Healthcare Inc. Common Stock,$17.89,-0.03,-0.167%,3654864260.00,United States,2021,1121292,Health Care,Medical Specialities
ALKS,Alkermes plc Ordinary Shares,$27.12,-0.53,-1.917%,4519546210.00,Ireland,1991,287406,Health Care,Biotechnology: Pharmaceutical Preparations
ALKT,Alkami Technology Inc. Common Stock,$17.5496,-0.1704,-0.962%,1862857468.00,United States,2021,220393,Technology,Computer Software: Prepackaged Software
ALL,Allstate Corporation (The) Common Stock,$205.955,-1.315,-0.634%,53452704339.00,United States,,158308,Finance,Property-Casualty Insurers
ALLO,Allogene Therapeutics Inc. Common Stock,$2.12,-0.15,-6.608%,516809190.00,United States,2018,2450697,Health Care,Biotechnology: Biological Products (No Diagnostic Substances)
ALLY,Ally Financial Inc. Common Stock,$37.82,0.46,1.231%,11689848094.00,United States,2014,1042659,Finance,Major Banks
ALM,Almonty Industries Inc. Common Shares,$17.89,-0.27,-1.487%,4021879667.00,Canada,,2016047,Basic Materials,Other Metals and Minerals
ALMS,Alumis Inc. Common Stock,$25.345,-0.865,-3.30%,2645850799.00,United States,2024,294625,Health Care,Biotechnology: Pharmaceutical Preparations
ALNY,Alnylam Pharmaceuticals Inc. Common Stock,$313.82,-6.60,-2.06%,41619795050.00,United States,2004,174417,Health Care,Biotechnology: Pharmaceutical Preparations
ALRM,Alarm.com Holdings Inc. Common Stock,$46.57,0.42,0.91%,2312952978.00,United States,2015,82996,Technology,Computer Software: Prepackaged Software
ALRS,Alerus Financial Corporation Common Stock,$23.23,-0.23,-0.98%,590068970.00,United States,2019,20603,Finance,Major Banks
ALT,Altimmune Inc. Common Stock,$3.416,-0.114,-3.229%,444319062.00,United States,,1052916,Health Care,Biotechnology: Pharmaceutical Preparations
ALTI,AlTi Global Inc. Class A Common Stock,$3.625,-0.175,-4.605%,531618477.00,United States,2021,30755,Finance,Investment Managers
AMAL,Amalgamated Financial Corp. Common Stock (DE),$37.39,-0.02,-0.053%,1115319621.00,United States,2018,51355,Finance,Major Banks
AMBA,Ambarella Inc. Ordinary Shares,$52.68,-0.01,-0.019%,2267899602.00,United States,2012,189806,Technology,Semiconductors
AMBQ,Ambiq Micro Inc. Common Stock,$25.8974,-0.0826,-0.318%,550648414.00,United States,2025,65463,Technology,Semiconductors
AMG,Affiliated Managers Group Inc. Common Stock,$276.3262,-2.5338,-0.909%,7373690039.00,United States,,130656,Finance,Investment Managers
AMGN,Amgen Inc. Common Stock,$354.94,-6.19,-1.714%,191336680565.00,United States,1983,557479,Health Care,Biotechnology: Biological Products (No Diagnostic Substances)
AMKR,Amkor Technology Inc. Common Stock,$47.31,0.97,2.093%,11700191771.00,United States,1998,981001,Technology,Semiconductors
AMLX,Amylyx Pharmaceuticals Inc. Common Stock,$13.77,-0.52,-3.639%,1522093719.00,United States,2022,127670,Health Care,Biotechnology: Pharmaceutical Preparations
AMP,Ameriprise Financial Inc. Common Stock,$437.22,-0.72,-0.164%,39865281068.00,United States,,156804,Finance,Investment Managers
AMPH,Amphastar Pharmaceuticals Inc. Common Stock,$19.08,-0.43,-2.204%,865662863.00,United States,2014,272946,Health Care,Biotechnology: Pharmaceutical Preparations
AMPL,Amplitude Inc. Class A Common Stock,$7.175,0.025,0.35%,959489001.00,United States,,231536,Technology,Computer Software: Prepackaged Software
AMR,Alpha Metallurgical Resources Inc. Common Stock,$194.00,3.13,1.64%,2481780890.00,United States,2018,53081,Energy,Coal Mining
AMRN,Amarin Corporation plc,$15.24,-0.28,-1.804%,310352298.00,Ireland,,9399,Health Care,Biotechnology: Pharmaceutical Preparations
AMRX,Amneal Pharmaceuticals Inc. Class A Common Stock,$12.46,0.03,0.241%,3920278598.00,United States,,368423,Health Care,Biotechnology: Pharmaceutical Preparations
AMSF,AMERISAFE Inc. Common Stock,$33.05,-0.15,-0.452%,621170817.00,United States,2005,48186,Finance,Property-Casualty Insurers
AMTB,Amerant Bancorp Inc. Class A Common Stock,$20.54,-0.36,-1.722%,826343631.00,United States,,44210,Finance,Major Banks
AMWD,American Woodmark Corporation Common Stock,$39.46,-0.56,-1.399%,574916219.00,United States,1986,47497,Basic Materials,Forest Products
ANAB,AnaptysBio Inc. Common Stock,$65.02,-2.27,-3.373%,1869211540.00,United States,2017,75531,Health Care,Biotechnology: Pharmaceutical Preparations
ANGO,AngioDynamics Inc. Common Stock,$10.45,-0.26,-2.428%,430721684.00,United States,2004,87764,Health Care,Medical/Dental Instruments
ANIP,ANI Pharmaceuticals Inc.,$74.00,-0.28,-0.377%,1661904432.00,United States,,47785,Health Care,Biotechnology: Pharmaceutical Preparations
ANNX,Annexon Inc. Common Stock,$5.53,-0.08,-1.426%,661569406.00,United States,2020,835912,Health Care,Biotechnology: Pharmaceutical Preparations
ANRO,Alto Neuroscience Inc. Common Stock,$22.47,0.11,0.492%,717815745.00,United States,2024,108992,Health Care,Biotechnology: Pharmaceutical Preparations
AON,Aon plc Class A Ordinary Shares (Ireland),$316.39,-4.79,-1.491%,67787979989.00,United States,,136698,Finance,Specialty Insurers
AORT,Artivion Inc. Common Stock,$36.81,-0.67,-1.788%,1762606249.00,United States,,36478,Health Care,Medical/Dental Instruments
APA,APA Corporation Common Stock,$36.11,0.245,0.683%,12755910798.00,United States,,1871165,Energy,Oil & Gas Production
APAM,Artisan Partners Asset Management Inc. Class A Common Stock,$36.355,0.075,0.207%,2929709847.00,United States,2013,76571,Finance,Investment Managers
APC,ARKO Petroleum Corp. Class A Common Stock,$18.655,-0.195,-1.034%,860202776.00,United States,2026,10988,Energy,Oil Refining/Marketing
APD,Air Products and Chemicals Inc. Common Stock,$285.43,-0.72,-0.252%,63552704363.00,United States,,201957,Basic Materials,Major Chemicals
APGE,Apogee Therapeutics Inc. Common Stock,$66.46,-3.39,-4.853%,4617989516.00,United States,2023,112672,Health Care,Biotechnology: Biological Products (No Diagnostic Substances)
APH,Amphenol Corporation Common Stock,$131.155,-3.965,-2.934%,161217684144.00,United States,,2862167,Technology,Electrical Products
API,Agora Inc. American Depositary Shares,$3.85,-0.01,-0.259%,360016353.00,China,2020,117227,Technology,Computer Software: Prepackaged Software
APLD,Applied Digital Corporation Common Stock,$26.91,-0.60,-2.181%,7523654497.00,United States,2022,4031039,Finance,Finance: Consumer Services
APLS,Apellis Pharmaceuticals Inc. Common Stock,$17.85,-0.97,-5.154%,2281763876.00,United States,2017,506899,Health Care,Biotechnology: Pharmaceutical Preparations
APO,Apollo Global Management Inc. (New) Common Stock,$112.065,3.175,2.916%,64801287933.00,United States,,2097468,Finance,Investment Managers
APOS,Apollo Global Management Inc. 7.625% Fixed-Rate Resettable Junior Subordinated Notes due 2053,$25.6701,-0.0599,-0.233%,14620001690.00,United States,1987,11158,Finance,Investment Managers
APP,Applovin Corporation Class A Common Stock,$459.37,0.28,0.061%,154935394860.00,United States,2021,1058000,Technology,Computer Software: Programming Data Processing
APPF,AppFolio Inc. Class A Common Stock,$168.455,-0.025,-0.015%,6062683321.00,United States,2015,62876,Technology,Computer Software: Prepackaged Software
APPN,Appian Corporation Class A Common Stock,$25.45,-0.03,-0.118%,1882275485.00,United States,2017,77318,Technology,Computer Software: Prepackaged Software
AQST,Aquestive Therapeutics Inc. Common Stock,$4.0499,-0.0601,-1.462%,494270244.00,United States,2018,372612,Health Care,Biotechnology: Pharmaceutical Preparations
AR,Antero Resources Corporation Common Stock,$40.85,-0.28,-0.681%,12603246250.00,United States,2013,1371652,Energy,Oil & Gas Production
ARCC,Ares Capital Corporation Common Stock,$18.5793,0.1393,0.755%,13340361844.00,United States,2004,1993358,Finance,Finance: Consumer Services
ARDT,Ardent Health Inc. Common Stock,$9.105,-0.195,-2.097%,1301125223.00,United States,2024,49898,Health Care,Hospital/Nursing Management
ARDX,Ardelyx Inc. Common Stock,$5.73,-0.10,-1.715%,1405267757.00,United States,2014,538332,Health Care,Biotechnology: Pharmaceutical Preparations
AREC,American Resources Corporation Class A Common Stock,$3.145,0.005,0.159%,336281701.00,United States,,769179,Energy,Coal Mining
ARES,Ares Management Corporation Class A Common Stock,$107.895,2.225,2.106%,35548451032.00,United States,2014,1296369,Finance,Investment Managers
ARLP,Alliance Resource Partners L.P. Common Units representing Limited Partners Interests,$27.25,-0.05,-0.183%,3505952327.00,United States,1999,59086,Energy,Coal Mining
ARM,Arm Holdings plc American Depositary Shares,$128.2644,0.9544,0.75%,135865861273.00,United Kingdom,2023,1555448,Technology,Semiconductors
ARMP,Armata Pharmaceuticals Inc. Common Stock,$9.32,-0.29,-3.018%,339312355.00,United States,,5359,Health Care,Biotechnology: Biological Products (No Diagnostic Substances)
AROW,Arrow Financial Corporation Common Stock,$31.75,-0.48,-1.489%,524244665.00,United States,,5958,Finance,Major Banks
ARQT,Arcutis Biotherapeutics Inc. Common Stock,$22.39,-0.33,-1.452%,2777107423.00,United States,2020,440771,Health Care,Biotechnology: Pharmaceutical Preparations
ARVN,Arvinas Inc. Common Stock,$10.98,-1.03,-8.576%,702291747.00,United States,2018,502843,Health Care,Biotechnology: Pharmaceutical Preparations
ARW,Arrow Electronics Inc. Common Stock,$141.035,0.145,0.103%,7204937281.00,United States,,43191,Technology,Electronic Components
ARWR,Arrowhead Pharmaceuticals Inc. Common Stock,$55.55,-2.02,-3.509%,7778788155.00,United States,,320703,Health Care,Biotechnology: Pharmaceutical Preparations
ASAN,Asana Inc. Class A Common Stock,$6.875,0.025,0.365%,1636855468.00,United States,2020,781436,Technology,Computer Software: Prepackaged Software
ASB,Associated Banc-Corp Common Stock,$24.49,-0.23,-0.93%,4049019129.00,United States,,328830,Finance,Major Banks
ASBA,Associated Banc-Corp 6.625% Fixed-Rate Reset Subordinated Notes due 2033,$24.64,0.05,0.203%,3718196082.00,United States,2023,7408,Finance,Major Banks
ASM,Avino Silver & Gold Mines Ltd. Common Shares (Canada),$6.415,-0.515,-7.431%,1077358508.00,Canada,,2766781,Basic Materials,Metal Mining
ASMB,Assembly Biosciences Inc. Common Stock,$27.655,-0.875,-3.067%,437423007.00,United States,2010,10543,Health Care,Biotechnology: Pharmaceutical Preparations
ASST,Strive Inc. Class A Common Stock,$10.19,-0.91,-8.198%,680465629.00,United States,2023,1456090,Technology,Computer Software: Prepackaged Software
ATEC,Alphatec Holdings Inc. Common Stock,$12.93,-0.12,-0.92%,1957041097.00,United States,2006,537779,Health Care,Medical/Dental Instruments
ATGL,Alpha Technology Group Limited Class A Ordinary Shares,$18.90,-0.59,-3.027%,311141250.00,China,2023,727,Technology,EDP Services
ATHM,Autohome Inc. American Depositary Shares each representing four class A ordinary shares.,$18.65,-0.18,-0.956%,2208975658.00,China,2013,140137,Technology,EDP Services
ATLC,Atlanticus Holdings Corporation Common Stock,$53.205,-0.655,-1.216%,793787581.00,United States,1995,7158,Finance,Finance: Consumer Services
ATLCL,Atlanticus Holdings Corporation 6.125% Senior Notes due 2026,$25.00,0.01,0.04%,378136225.00,United States,,901,Finance,Finance: Consumer Services
ATLCP,Atlanticus Holdings Corporation 7.625% Series B Cumulative Perpetual Preferred Stock no par value per share,$24.2931,0.0031,0.013%,362438889.00,United States,,1279,Finance,Finance: Consumer Services
ATLCZ,Atlanticus Holdings Corporation 9.25% Senior Notes due 2029,$25.4399,-0.0601,-0.236%,384789910.00,United States,,34056,Finance,Finance: Consumer Services
ATRC,AtriCure Inc. Common Stock,$29.315,-0.265,-0.896%,1460177248.00,United States,2005,161691,Health Care,Medical/Dental Instruments
AUB,Atlantic Union Bankshares Corporation Common Stock,$33.98,-0.53,-1.536%,4845682799.00,United States,,149437,Finance,Major Banks
AUPH,Aurinia Pharmaceuticals Inc Ordinary Shares,$14.03,-0.44,-3.041%,1865582835.00,Canada,,228667,Health Care,Biotechnology: Pharmaceutical Preparations
AUR,Aurora Innovation Inc. Class A Common Stock,$4.075,-0.145,-3.436%,7941413961.00,United States,2021,4030588,Technology,EDP Services
AURA,Aura Biosciences Inc. Common Stock,$6.565,-0.245,-3.598%,416898961.00,United States,2021,76720,Health Care,Biotechnology: Biological Products (No Diagnostic Substances)
AUROW,Aurora Innovation Inc. Warrant,$0.249,0.00,0.00%,485254497.00,United States,2021,387,Technology,EDP Services
AUTL,Autolus Therapeutics plc American Depositary Share,$1.455,-0.055,-3.642%,387238481.00,United Kingdom,2018,337479,Health Care,Biotechnology: Biological Products (No Diagnostic Substances)
AVAH,Aveanna Healthcare Holdings Inc. Common Stock,$6.99,-0.08,-1.132%,1460290567.00,United States,2021,173374,Health Care,Medical/Nursing Services
AVBP,ArriVent BioPharma Inc. Common Stock,$23.04,-0.97,-4.04%,1018405371.00,United States,2024,87877,Health Care,Biotechnology: Pharmaceutical Preparations
AVIR,Atea Pharmaceuticals Inc. Common Stock,$5.9601,-0.1699,-2.772%,474853582.00,United States,2020,151874,Health Care,Biotechnology: Pharmaceutical Preparations
AVNS,Avanos Medical Inc. Common Stock,$13.52,-0.09,-0.661%,628784848.00,United States,2014,85909,Health Care,Industrial Specialties
AVNW,Aviat Networks Inc. Common Stock,$25.42,-0.03,-0.118%,327976720.00,United States,,15043,Technology,Radio And Television Broadcasting And Communications Equipment
AVPT,AvePoint Inc. Class A Common Stock,$10.44,-0.05,-0.477%,2254608953.00,United States,2019,255202,Technology,Computer Software: Prepackaged Software
AVR,Anteris Technologies Global Corp. Common Stock,$6.02,0.05,0.838%,585336965.00,United States,2024,204206,Health Care,Industrial Specialties
AVT,Avnet Inc. Common Stock,$60.48,0.47,0.783%,4951072244.00,United States,,95128,Technology,Electronic Components
AVXL,Anavex Life Sciences Corp. Common Stock,$4.33,-0.22,-4.835%,401268712.00,United States,,282602,Health Care,Biotechnology: Biological Products (No Diagnostic Substances)
AX,Axos Financial Inc. Common Stock,$82.69,-0.52,-0.625%,4686724410.00,United States,2018,96225,Finance,Savings Institutions
AXGN,Axogen Inc. Common Stock,$31.05,-1.70,-5.191%,1611423026.00,United States,,374601,Health Care,Biotechnology: Electromedical & Electrotherapeutic Apparatus
AXSM,Axsome Therapeutics Inc. Common Stock,$158.35,-2.82,-1.75%,8100123313.00,United States,2015,80880,Health Care,Biotechnology: Pharmaceutical Preparations
AXTI,AXT Inc Common Stock,$49.87,5.51,12.421%,2349420284.00,United States,1998,4991636,Technology,Semiconductors
AZTA,Azenta Inc.,$22.34,0.31,1.407%,1029014558.00,United States,,512138,Technology,Industrial Machinery/Components
B,Barrick Mining Corporation Common Shares,$40.77,-2.03,-4.743%,68304443304.00,Canada,,7061446,Basic Materials,Precious Metals
BANC,Banc of California Inc. Common Stock,$16.87,-0.06,-0.354%,2529884582.00,United States,,440014,Finance,Major Banks
BAND,Bandwidth Inc. Class A Common Stock,$14.94,-0.10,-0.665%,468920615.00,United States,2017,44673,Technology,Computer Software: Prepackaged Software
BANF,BancFirst Corporation Common Stock,$104.00,-2.07,-1.952%,3488690192.00,United States,1993,37781,Finance,Major Banks
BANFP,BancFirst Corporation - BFC Capital Trust II Cumulative Trust Preferred Securities,$26.08,0.00,0.00%,874856156.00,United States,,5,Finance,Major Banks
BANR,Banner Corporation Common Stock,$58.10,-0.85,-1.442%,1981085434.00,United States,,90920,Finance,Major Banks
BAX,Baxter International Inc. Common Stock,$17.31,-0.31,-1.759%,8914650000.00,United States,,1557450,Health Care,Medical/Dental Instruments
BB,BlackBerry Limited Common Stock,$3.355,0.025,0.751%,1979450000.00,Canada,,2574728,Technology,Computer Software: Prepackaged Software
BBAI,BigBear.ai Inc. Common Stock,$3.8797,-0.0803,-2.028%,1846956702.00,United States,2021,9958138,Technology,Computer Software: Prepackaged Software
BBDC,Barings BDC Inc. Common Stock,$8.4112,0.1012,1.218%,880710543.00,United States,,134617,Finance,Diversified Financial Services
BBIO,BridgeBio Pharma Inc. Common Stock,$70.30,-0.64,-0.902%,13628559831.00,United States,2019,325529,Health Care,Biotechnology: Pharmaceutical Preparations
BBNX,Beta Bionics Inc. Common Stock,$10.44,-0.20,-1.88%,463349604.00,United States,2025,82218,Health Care,Medical/Dental Instruments
BBOT,BridgeBio Oncology Therapeutics Inc. Common Stock  ,$9.24,-0.24,-2.532%,739503285.00,United States,2024,48918,Health Care,Biotechnology: Pharmaceutical Preparations
BBT,Beacon Financial Corporation Common stock,$28.51,-0.19,-0.662%,2389596612.00,United States,,125814,Finance,Banks
BCAL,California BanCorp Common Stock,$17.39,-0.09,-0.515%,562164200.00,United States,,88653,Finance,Major Banks
BCAT,BlackRock Capital Allocation Term Trust Common Shares of Beneficial Interest,$14.785,-0.005,-0.034%,1598775975.00,United States,2020,207095,Finance,Finance/Investors Services
BCAX,Bicara Therapeutics Inc. Common Stock,$18.62,-0.70,-3.623%,1016884322.00,United States,2024,76681,Health Care,Biotechnology: Pharmaceutical Preparations
BCML,BayCom Corp Common Stock,$28.555,-0.265,-0.92%,311515547.00,United States,2018,4312,Finance,Major Banks
BCRX,BioCryst Pharmaceuticals Inc. Common Stock,$8.985,-0.225,-2.443%,2253443571.00,United States,1994,1294686,Health Care,Biotechnology: Biological Products (No Diagnostic Substances)
BCS,Barclays PLC Common Stock,$21.385,0.245,1.159%,74345445125.00,United Kingdom,,2176846,Finance,Commercial Banks
BCSF,Bain Capital Specialty Finance Inc. Common Stock,$12.4716,0.1616,1.313%,809014072.00,United States,2018,121735,Finance,Finance/Investors Services
BCX,BlackRock Resources Common Shares of Beneficial Interest,$12.09,-0.11,-0.902%,1025933341.00,United States,2011,52837,Finance,Finance/Investors Services
BCYC,Bicycle Therapeutics plc American Depositary Shares,$4.89,-0.18,-3.55%,339209011.00,United Kingdom,2019,340659,Health Care,Biotechnology: Pharmaceutical Preparations
BDJ,Blackrock Enhanced Equity Dividend Trust,$8.895,-0.025,-0.28%,1573216096.00,United States,2005,160255,Finance,Finance Companies
BDX,Becton Dickinson and Company Common Stock,$156.985,-4.655,-2.88%,44700192886.00,United States,,485286,Health Care,Medical/Dental Instruments
BE,Bloom Energy Corporation Class A Common Stock,$158.415,-1.635,-1.022%,44443045479.00,United States,2018,3260155,Energy,Industrial Machinery/Components
BEAM,Beam Therapeutics Inc. Common Stock,$25.75,-0.08,-0.31%,2622798309.00,United States,2020,376261,Health Care,Biotechnology: Biological Products (No Diagnostic Substances)
BEKE,KE Holdings Inc American Depositary Shares (each representing three Class A Ordinary Shares),$16.445,-0.565,-3.322%,19137607620.00,China,2020,1452680,Finance,Real Estate
BEN,Franklin Resources Inc. Common Stock,$24.525,-0.095,-0.386%,12771723562.00,United States,,703878,Finance,Investment Managers
BETR,Better Home & Finance Holding Company Class A Common Stock,$30.345,-0.875,-2.803%,499171973.00,United Kingdom,2021,73458,Finance,Finance: Consumer Services
BFC,Bank First Corporation Common Stock,$133.535,-2.085,-1.537%,1495815938.00,United States,,44918,Finance,Major Banks
BFLY,Butterfly Network Inc. Class A Common Stock,$4.055,-0.215,-5.035%,1032536276.00,United States,2020,1503248,Health Care,Medical Electronics
BFST,Business First Bancshares Inc. Common Stock,$25.89,-0.31,-1.183%,846873473.00,United States,,60342,Finance,Major Banks
BGC,BGC Group Inc. Class A Common Stock,$9.685,-0.155,-1.575%,4593227828.00,United States,,301771,Finance,Investment Bankers/Brokers/Service
BGR,BlackRock Energy and Resources Trust,$16.40,-0.03,-0.183%,2223613582.00,United States,2004,25402,Finance,Trusts Except Educational Religious and Charitable
BHB,Bar Harbor Bankshares Inc. Common Stock,$31.49,-0.51,-1.594%,527208855.00,United States,1997,18536,Finance,Major Banks
BHC,Bausch Health Companies Inc. Common Stock,$5.0781,-0.1019,-1.967%,1881753066.00,Canada,,325169,Health Care,Biotechnology: Pharmaceutical Preparations
BHE,Benchmark Electronics Inc. Common Stock,$54.48,0.10,0.184%,1943140612.00,United States,,30682,Technology,Electrical Products
BHF,Brighthouse Financial Inc. Common Stock,$59.54,-0.05,-0.084%,3404741254.00,United States,,127540,Finance,Life Insurance
BHFAL,Brighthouse Financial Inc. 6.25% Junior Subordinated Debentures due 2058,$16.9594,0.0794,0.47%,969808009.00,United States,,4221,Finance,Life Insurance
BHFAM,Brighthouse Financial Inc. Depositary shares each representing a 1/1000th Interest in a Share of 4.625% Non-Cumulative Preferred Stock Series D,$11.20,-0.1138,-1.006%,640461909.00,United States,,13445,Finance,Life Insurance
BHFAN,Brighthouse Financial Inc. Depositary shares each representing a 1/1000th interest in a share of 5.375% Non-Cumulative Preferred Stock Series C,$12.70,-0.06,-0.47%,726238057.00,United States,,4949,Finance,Life Insurance
BHFAO,Brighthouse Financial Inc. Depositary Shares 6.75% Non-Cumulative Preferred Stock Series B,$16.15,0.085,0.529%,923523199.00,United States,,6240,Finance,Life Insurance
BHFAP,Brighthouse Financial Inc. Depositary Shares 6.6% Non-Cumulative Preferred Stock Series A,$15.6801,0.0001,0.001%,896652391.00,United States,,6545,Finance,Life Insurance
BHRB,Burke & Herbert Financial Services Corp. Common Stock,$61.58,-0.70,-1.124%,926092814.00,United States,,29279,Finance,Major Banks
BHVN,Biohaven Ltd. Common Shares ,$9.29,-0.24,-2.518%,1397407225.00,United States,2022,379952,Health Care,Biotechnology: Pharmaceutical Preparations
BIDU,Baidu Inc. ADS,$124.005,3.315,2.747%,42629309958.00,China,2005,1204460,Technology,Computer Software: Programming Data Processing
BIIB,Biogen Inc. Common Stock,$181.11,-4.18,-2.256%,26579437006.00,United States,,196544,Health Care,Biotechnology: Biological Products (No Diagnostic Substances)
BILI,Bilibili Inc. American Depositary Shares,$26.01,-0.75,-2.803%,10871828891.00,China,2018,722597,Technology,EDP Services
BILL,BILL Holdings Inc. Common Stock,$40.88,-0.29,-0.704%,4045502787.00,United States,2019,214746,Technology,EDP Services
BIOA,BioAge Labs Inc. Common Stock,$19.25,-1.97,-9.284%,803638836.00,United States,2024,146283,Health Care,Biotechnology: Pharmaceutical Preparations
BITF,Bitfarms Ltd. Common Stock,$2.32,-0.05,-2.11%,1398327972.00,Canada,,8278906,Finance,Finance: Consumer Services
BK,The Bank of New York Mellon Corporation Common Stock,$115.97,-0.15,-0.129%,79813683103.00,United States,,424733,Finance,Major Banks
BKD,Brookdale Senior Living Inc. Common Stock,$14.36,-0.19,-1.306%,3414699051.00,United States,2005,357605,Health Care,Hospital/Nursing Management
BKSY,BlackSky Technology Inc. Class A Common Stock,$26.666,0.266,1.008%,1105535294.00,United States,2019,530798,Technology,Radio And Television Broadcasting And Communications Equipment
BKT,BlackRock Income Trust Inc. (The),$10.8234,0.0034,0.031%,1610115729.00,United States,,15312,Finance,Investment Bankers/Brokers/Service
BKTI,BK Technologies Corporation Common Stock,$79.5832,1.1532,1.47%,301262442.00,United States,,16751,Technology,Radio And Television Broadcasting And Communications Equipment
BKU,BankUnited Inc. Common Stock,$42.83,-0.35,-0.811%,3153941666.00,United States,2011,111845,Finance,Savings Institutions
BKV,BKV Corporation Common Stock,$28.67,-0.18,-0.624%,2935259744.00,United States,2024,294147,Energy,Oil & Gas Production
BL,BlackLine Inc. Common Stock,$38.45,0.26,0.681%,2289402781.00,United States,2016,234522,Technology,Computer Software: Prepackaged Software
BLDP,Ballard Power Systems Inc. Common Shares,$2.715,0.035,1.306%,816980033.00,Canada,,1276316,Energy,Industrial Machinery/Components
BLFS,BioLife Solutions Inc. Common Stock,$19.33,-0.07,-0.361%,933639000.00,United States,,52689,Health Care,Biotechnology: Electromedical & Electrotherapeutic Apparatus
BLK,BlackRock Inc. Common Stock,$969.65,-1.36,-0.14%,150820850382.00,United States,1999,177701,Finance,Investment Bankers/Brokers/Service
BLKB,Blackbaud Inc. Common Stock,$43.91,-0.03,-0.068%,2016937965.00,United States,2004,55558,Technology,Computer Software: Prepackaged Software
BLLN,BillionToOne Inc. Class A Common Stock,$72.56,2.80,4.014%,3335279319.00,United States,2025,76257,Health Care,Medical Specialities
BLND,Blend Labs Inc. Class A Common Stock,$1.552,0.052,3.467%,399042066.00,United States,2021,1470245,Technology,Computer Software: Programming Data Processing
BLTE,Belite Bio Inc American Depositary Shares,$159.07,-2.34,-1.45%,5967452194.00,United States,2022,54308,Health Care,Biotechnology: Pharmaceutical Preparations
BMBL,Bumble Inc. Class A Common Stock,$3.94,-0.20,-4.831%,511474004.00,United States,2021,1312430,Technology,Computer Software: Programming Data Processing
BME,Blackrock Health Sciences Trust,$39.45,-0.35,-0.879%,525987560.00,United States,2005,11439,Finance,Trusts Except Educational Religious and Charitable
BMNR,BitMine Immersion Technologies Inc. Common Stock,$21.93,-1.30,-5.596%,9975133550.00,United States,2025,18620911,Finance,Finance: Consumer Services
BMO,Bank Of Montreal Common Stock,$139.55,-0.41,-0.293%,98371573859.00,Canada,,148407,Finance,Commercial Banks
BMRC,Bank of Marin Bancorp Common Stock,$23.705,-0.235,-0.982%,382278351.00,United States,,38009,Finance,Major Banks
BMRN,BioMarin Pharmaceutical Inc. Common Stock,$55.11,-0.94,-1.677%,10598940314.00,United States,1999,820177,Health Care,Biotechnology: Pharmaceutical Preparations
BMY,Bristol-Myers Squibb Company Common Stock,$59.25,-0.46,-0.77%,120661067021.00,United States,,2318356,Health Care,Biotechnology: Pharmaceutical Preparations
BNS,Bank Nova Scotia Halifax Pfd 3 Ordinary Shares,$70.45,0.18,0.256%,86828465393.00,Canada,,398726,Finance,Major Banks
BNTC,Benitec Biopharma Inc. Common Stock,$11.72,-0.03,-0.255%,402632794.00,United States,2015,24897,Health Care,Biotechnology: Pharmaceutical Preparations
BOC,Boston Omaha Corporation Class A Common Stock,$12.035,-0.185,-1.514%,378542078.00,United States,2022,28345,Finance,Real Estate
BOH,Bank of Hawaii Corporation Common Stock,$71.67,-0.60,-0.83%,2847128090.00,United States,,50523,Finance,Major Banks
BOKF,BOK Financial Corporation Common Stock,$123.495,-1.355,-1.085%,7495738349.00,United States,,57434,Finance,Major Banks
BOW,Bowhead Specialty Holdings Inc. Common Stock,$22.285,-0.505,-2.216%,731795610.00,United States,2024,36790,Finance,Property-Casualty Insurers
BOX,Box Inc. Class A Common Stock,$24.58,0.12,0.491%,3403090701.00,United States,2015,306913,Technology,Computer Software: Prepackaged Software
BP,BP p.l.c. Common Stock,$44.43,0.58,1.323%,115905449371.00,United Kingdom,,3938191,Energy,Integrated oil Companies
BPOP,Popular Inc. Common Stock,$130.13,-0.56,-0.428%,8472022819.00,United States,,63533,Finance,Major Banks
BPOPM,Popular Inc. Popular Capital Trust II - 6.125% Cumulative Monthly Income Trust Preferred Securities,$25.34,0.03,0.119%,1649743013.00,United States,,272,Finance,Major Banks
BRBS,Blue Ridge Bankshares Inc. Common Stock,$3.965,-0.015,-0.377%,362165007.00,United States,,51378,Finance,Major Banks
BRO,Brown & Brown Inc. Common Stock,$66.91,-1.42,-2.078%,22777503739.00,United States,,783964,Finance,Specialty Insurers
BRZE,Braze Inc. Class A Common Stock,$19.10,-0.17,-0.882%,2143316012.00,United States,2021,233506,Technology,Computer Software: Prepackaged Software
BSM,Black Stone Minerals L.P. Common units representing limited partner interests,$15.28,-0.06,-0.391%,3469247783.00,United States,2015,72488,Energy,Oil & Gas Production
BSRR,Sierra Bancorp Common Stock,$32.205,-0.525,-1.604%,424671329.00,United States,,9700,Finance,Major Banks
BST,BlackRock Science and Technology Trust Common Shares of Beneficial Interest,$38.72,-0.12,-0.309%,857951178.00,United States,2014,20845,Finance,Finance Companies
BSTZ,BlackRock Science and Technology Term Trust Common Shares of Beneficial Interest,$21.9901,0.0901,0.411%,487252897.00,United States,2019,51416,Finance,Trusts Except Educational Religious and Charitable
BSVN,Bank7 Corp. Common stock,$39.75,0.34,0.863%,375772253.00,United States,2018,4349,Finance,Major Banks
BSX,Boston Scientific Corporation Common Stock,$70.75,-0.45,-0.632%,104984896012.00,United States,,1712580,Health Care,Medical/Dental Instruments
BSY,Bentley Systems Incorporated Class B Common Stock,$37.45,-0.43,-1.135%,11343410934.00,United States,2020,353395,Technology,Computer Software: Prepackaged Software
BTBT,Bit Digital Inc. Ordinary Shares,$1.62,-0.05,-2.994%,524353226.00,United States,2018,4361008,Finance,Finance: Consumer Services
BTE,Baytex Energy Corp Common Shares,$4.105,0.005,0.122%,3142788000.00,Canada,2023,5726040,Energy,Oil & Gas Production
BTG,B2Gold Corp Common shares (Canada),$4.685,-0.155,-3.202%,6280813395.00,Canada,,16281280,Basic Materials,Precious Metals
BTI,British American Tobacco  Industries p.l.c. Common Stock ADR,$58.505,-2.045,-3.377%,127648846054.00,United Kingdom,1998,2220200,Health Care, Medicinal Chemicals and Botanical Products 
BTSG,BrightSpring Health Services Inc. Common Stock,$44.135,2.035,4.834%,8541748875.00,United States,2024,1483691,Health Care,Medical/Nursing Services
BTSGU,BrightSpring Health Services Inc. Tangible Equity Unit,$147.36,7.64,5.468%,28519590216.00,United States,2024,302,Health Care,Medical/Nursing Services
BTU,Peabody Energy Corporation Common Stock ,$35.63,0.23,0.65%,4337876715.00,United States,2017,978365,Energy,Coal Mining
BTZ,BlackRock Credit Allocation Income Trust,$10.11,-0.04,-0.394%,1093244850.00,United States,2006,99243,Finance,Finance Companies
BULL,Webull Corporation Class A Ordinary Shares,$5.2803,-0.1897,-3.468%,2655577933.00,United States,,2300588,Finance,Investment Bankers/Brokers/Service
BULLW,Webull Corporation Warrants,$1.44,0.00,0.00%,724207379.00,United States,,5,Finance,Investment Bankers/Brokers/Service
BUSE,First Busey Corporation Class A Common Stock,$24.32,-0.47,-1.896%,2097051560.00,United States,,157531,Finance,Major Banks
BUSEP,First Busey Corporation Depositary Shares Each Representing a 1/40thInterest in a Share of 8.25% Fixed-Rate Series B Non-Cumulative Perpetual Preferred Stock $0.001 par value,$25.6635,-0.1055,-0.409%,2212898137.00,United States,,4300,Finance,Major Banks
BVS,Bioventus Inc. Class A Common Stock,$8.941,-0.049,-0.545%,743486968.00,United States,2021,50803,Health Care,Medical/Dental Instruments
BWB,Bridgewater Bancshares Inc. Common Stock,$16.975,-0.165,-0.963%,472321991.00,United States,2018,12017,Finance,Major Banks
BWBBP,Bridgewater Bancshares Inc. Depositary Shares Each Representing a 1/100th Interest in a Share of 5.875% Non-Cumulative Perpetual Preferred Stock Series A,$20.475,0.00,0.00%,569707968.00,United States,,3,Finance,Major Banks
BWFG,Bankwell Financial Group Inc. Common Stock,$46.605,-0.295,-0.629%,371758205.00,United States,2014,8195,Finance,Major Banks
BWIN,The Baldwin Insurance Group Inc. Class A Common Stock,$20.785,-0.635,-2.965%,2969291080.00,United States,2019,430669,Finance,Specialty Insurers
BX,Blackstone Inc. Common Stock,$114.725,2.725,2.433%,85146685052.00,United States,2007,3122053,Finance,Investment Managers
BY,Byline Bancorp Inc. Common Stock,$30.13,-0.18,-0.594%,1373647520.00,United States,2017,26360,Finance,Major Banks
BZ,KANZHUN LIMITED American Depository Shares,$14.01,-0.54,-3.711%,6090647199.00,China,2021,1565444,Technology,Computer Software: Programming Data Processing
C,Citigroup Inc. Common Stock,$108.29,0.58,0.538%,189433755485.00,United States,,3270542,Finance,Major Banks
CAC,Camden National Corporation Common Stock,$45.13,-0.50,-1.096%,763840098.00,United States,,12393,Finance,Major Banks
CACC,Credit Acceptance Corporation Common Stock,$463.78,4.34,0.945%,4984559958.00,United States,1992,74129,Finance,Finance: Consumer Services
CACI,CACI International Inc. Class A Common Stock,$615.28,2.35,0.383%,13588935027.00,United States,,63508,Technology,EDP Services
CAH,Cardinal Health Inc. Common Stock,$214.035,-2.325,-1.075%,50365863485.00,United States,,225633,Health Care,Other Pharmaceuticals
CAI,Caris Life Sciences Inc. Common Stock,$18.35,-0.19,-1.025%,5185341514.00,United States,2025,396421,Health Care,Medical Specialities
CAN,Canaan Inc. American Depositary Shares,$0.4701,-0.0059,-1.239%,311494319.00,China,2019,5674418,Technology,Semiconductors
CAPL,CrossAmerica Partners LP Common Units representing limited partner interests,$21.725,-0.095,-0.435%,828484570.00,United States,2012,13500,Energy,Oil Refining/Marketing
CAPR,Capricor Therapeutics Inc. Common Stock,$30.57,-0.62,-1.988%,1580987926.00,United States,,175796,Health Care,Biotechnology: Pharmaceutical Preparations
CARE,Carter Bankshares Inc. Common Stock,$19.73,-0.22,-1.103%,437304658.00,United States,,25908,Finance,Major Banks
CARG,CarGurus Inc. Class A Common Stock ,$34.33,0.91,2.723%,3267843417.00,United States,2017,363372,Technology,EDP Services
CARL,Carlsmed Inc. Common Stock,$11.57,-0.13,-1.111%,309289147.00,United States,2025,57210,Health Care,Medical/Dental Instruments
CARS,Cars.com Inc. Common Stock ,$8.095,0.075,0.935%,474664596.00,United States,2017,471984,Technology,EDP Services
CASH,Pathward Financial Inc. Common Stock,$90.445,-0.405,-0.446%,1968416490.00,United States,1993,41350,Finance,Major Banks
CATX,Perspective Therapeutics Inc. Common Stock,$4.93,-0.02,-0.404%,561691839.00,United States,,289769,Health Care,Medical/Dental Instruments
CATY,Cathay General Bancorp Common Stock,$47.19,-0.29,-0.611%,3159731928.00,United States,,84384,Finance,Major Banks
CBAN,Colony Bankcorp Inc. Common Stock,$19.23,-0.25,-1.283%,407028237.00,United States,,21258,Finance,Major Banks
CBK,Commercial Bancgroup Inc. Common Stock,$24.75,-0.21,-0.841%,302931189.00,United States,2025,12293,Finance,Major Banks
CBLL,CeriBell Inc. Common Stock,$19.16,-0.34,-1.744%,721205948.00,United States,2024,42832,Health Care,Biotechnology: Electromedical & Electrotherapeutic Apparatus
CBNK,Capital Bancorp Inc. Common Stock,$28.685,-0.345,-1.188%,469568975.00,United States,2018,7147,Finance,Major Banks
CBRE,CBRE Group Inc Common Stock Class A,$134.2737,-2.0063,-1.472%,39632031132.00,United States,,368319,Finance,Real Estate
CBSH,Commerce Bancshares Inc. Common Stock,$47.44,-0.38,-0.795%,6987151347.00,United States,,374182,Finance,Major Banks
CBU,Community Financial System Inc. Common Stock,$56.04,-0.60,-1.059%,2954649093.00,United States,,45708,Finance,Major Banks
CCAP,Crescent Capital BDC Inc. Common stock,$13.295,0.105,0.796%,490887190.00,United States,,54813,Finance,Finance: Consumer Services
CCB,Coastal Financial Corporation Common Stock,$76.88,-1.61,-2.051%,1169265075.00,United States,2018,24362,Finance,Major Banks
CCBG,Capital City Bank Group Common Stock,$41.75,-0.38,-0.902%,716106897.00,United States,,19820,Finance,Major Banks
CCC,CCC Intelligent Solutions Holdings Inc. Common Stock,$6.145,-0.025,-0.405%,3730789639.00,United States,,1740309,Technology,Computer Software: Prepackaged Software
CCJ,Cameco Corporation Common Stock,$110.005,-1.515,-1.359%,47910805245.00,Canada,1996,806890,Basic Materials,Other Metals and Minerals
CCLDO,CareCloud Inc. 8.75% Series B Cumulative Redeemable Perpetual Preferred Stock,$25.9499,-0.2301,-0.879%,1102687777.00,United States,,2371,Technology,Computer Software: Prepackaged Software
CCNE,CNB Financial Corporation Common Stock,$27.20,-0.28,-1.019%,806107360.00,United States,,34753,Finance,Major Banks
CCNEP,CNB Financial Corporation Depositary Shares each representing a 1/40th ownership interest in a share of 7.125% Series A Fixed-Rate Non-Cumulative Perpetual Preferred Stock,$24.90,0.00,0.00%,737943870.00,United States,,3,Finance,Major Banks
CCSI,Consensus Cloud Solutions Inc. Common Stock,$29.065,-0.745,-2.499%,548425596.00,United States,,25112,Technology,Computer Software: Prepackaged Software
CDE,Coeur Mining Inc. Common Stock,$19.675,-1.365,-6.488%,12633269395.00,United States,,9760509,Basic Materials,Precious Metals
CDNA,CareDx Inc. Common Stock,$17.50,-0.10,-0.568%,896286020.00,United States,2014,97362,Health Care,Medical Specialities
CDNS,Cadence Design Systems Inc. Common Stock,$292.98,-0.77,-0.262%,79881289980.00,United States,,286915,Technology,Computer Software: Prepackaged Software
CDRE,Cadre Holdings Inc. Common Stock,$33.12,0.14,0.424%,1415103800.00,United States,2021,57438,Health Care,Industrial Specialties
CDW,CDW Corporation Common Stock,$118.08,0.64,0.545%,15231562871.00,United States,2013,178337,Technology,Retail: Computer Software & Peripheral Equipment
CELC,Celcuity Inc. Common Stock,$113.77,-0.34,-0.298%,5264281136.00,United States,2017,107797,Health Care,Medical Specialities
CERS,Cerus Corporation Common Stock,$1.835,0.035,1.944%,352635209.00,United States,1997,1208292,Technology,EDP Services
CERT,Certara Inc. Common Stock,$6.59,-0.04,-0.603%,1048729714.00,United States,2020,332144,Technology,Computer Software: Prepackaged Software
CET,Central Securities Corporation Common Stock,$50.51,-0.05,-0.099%,12224692852.00,United States,1951,5480,Finance,Finance/Investors Services
CEVA,CEVA Inc. Common Stock,$18.39,-0.11,-0.595%,510398561.00,United States,,43452,Technology,Computer Software: Programming Data Processing
CFFN,Capitol Federal Financial Inc. Common Stock,$6.945,-0.045,-0.644%,901767775.00,United States,,290055,Finance,Savings Institutions
CFG,Citizens Financial Group Inc. Common Stock,$56.96,-0.13,-0.228%,24207069103.00,United States,2014,1167173,Finance,Major Banks
CFR,Cullen/Frost Bankers Inc. Common Stock,$129.68,-0.68,-0.522%,8196008387.00,United States,,83090,Finance,Major Banks
CG,The Carlyle Group Inc. Common Stock,$48.39,0.52,1.086%,17477067932.00,United States,2012,405239,Finance,Investment Managers
CGABL,The Carlyle Group Inc. 4.625% Subordinated Notes due 2061,$17.13,-0.24,-1.382%,6196005057.00,United States,,11964,Finance,Investment Managers
CGAU,Centerra Gold Inc. Common Shares,$17.44,-1.01,-5.474%,3518190070.00,Canada,2021,1213312,Basic Materials,Precious Metals
CGBD,Carlyle Secured Lending Inc. Common Stock,$11.225,0.095,0.854%,793348461.00,United States,2017,204271,Finance,Finance: Consumer Services
CGC,Canopy Growth Corporation Common Shares,$1.0399,-0.0301,-2.813%,382979196.00,Canada,,4554871,Health Care, Medicinal Chemicals and Botanical Products 
CGEM,Cullinan Therapeutics Inc. Common Stock,$13.10,-0.34,-2.53%,792892277.00,United States,2021,165390,Health Care,Biotechnology: Biological Products (No Diagnostic Substances)
CGON,CG Oncology Inc. Common stock,$65.735,-2.905,-4.232%,5550347872.00,United States,2024,567893,Health Care,Biotechnology: Biological Products (No Diagnostic Substances)
CHCO,City Holding Company Common Stock,$116.90,-0.91,-0.772%,1677564332.00,United States,,53796,Finance,Major Banks
CHE,Chemed Corp,$390.42,-8.92,-2.234%,5374184397.00,United States,,65024,Health Care,Medical/Nursing Services
CHRD,Chord Energy Corporation Common Stock,$127.94,0.87,0.685%,7272433288.00,United States,,256757,Energy,Oil & Gas Production
CHYM,Chime Financial Inc. Class A Common Stock,$19.10,-0.55,-2.799%,7336306562.00,United States,2025,1520310,Finance,Finance: Consumer Services
CI,The Cigna Group Common Stock,$264.80,1.33,0.505%,69782287750.00,United States,,379460,Health Care,Medical Specialities
CIFR,Cipher Digital Inc. Common Stock,$14.675,-0.415,-2.75%,5945127298.00,United States,2020,6008078,Finance,Finance: Consumer Services
CIGI,Colliers International Group Inc. Subordinate Voting Shares,$107.50,-0.24,-0.223%,5493660758.00,Canada,,88529,Finance,Real Estate
CII,BlackRock Enhanced Large Cap Core Fund Inc. Common Stock,$21.835,-0.125,-0.569%,3248228554.00,United States,2004,17112,Finance,Investment Bankers/Brokers/Service
CINF,Cincinnati Financial Corporation Common Stock,$162.27,-2.50,-1.517%,25252064058.00,United States,,68337,Finance,Property-Casualty Insurers
CION,CION Investment Corporation Common Stock,$6.81,0.09,1.339%,343881328.00,United States,2021,252105,Finance,Finance/Investors Services
CIVB,Civista Bancshares Inc. Common Stock,$21.955,-0.295,-1.326%,455243270.00,United States,,21186,Finance,Major Banks
CLBK,Columbia Financial Inc. Common Stock,$17.41,-0.03,-0.172%,1812700961.00,United States,2018,55104,Finance,Savings Institutions
CLDX,Celldex Therapeutics Inc.,$28.52,-1.12,-3.779%,1898472188.00,United States,,108566,Health Care,Biotechnology: In Vitro & In Vivo Diagnostic Substances
CLF,Cleveland-Cliffs Inc. Common Stock,$8.275,-0.075,-0.898%,4719981379.00,United States,,5621864,Basic Materials,Metal Mining
CLMB,Climb Global Solutions Inc. Common Stock,$79.20,-0.73,-0.913%,364770806.00,United States,,39382,Technology,Retail: Computer Software & Peripheral Equipment
CLMT,Calumet Inc. Common Stock,$28.89,0.26,0.908%,2506974587.00,United States,2006,104474,Energy,Integrated oil Companies
CLOV,Clover Health Investments Corp. Class A Common Stock,$1.91,-0.02,-1.036%,1002114516.00,United States,,1978087,Health Care,Medical Specialities
CLS,Celestica Inc. Common Stock,$282.08,0.13,0.046%,32430132256.00,Canada,1998,430599,Technology,Electrical Products
CLSK,CleanSpark Inc. Common Stock,$10.005,-0.105,-1.039%,2558807895.00,United States,,7034223,Finance,Finance: Consumer Services
CLVT,Clarivate Plc Ordinary Shares,$2.60,0.06,2.362%,1665816313.00,United Kingdom,2019,1044199,Technology,EDP Services
CLYM,Climb Bio Inc. Common Stock,$7.16,0.04,0.562%,342018737.00,United States,2021,151986,Health Care,Biotechnology: Pharmaceutical Preparations
CM,Canadian Imperial Bank of Commerce Common Stock,$97.92,0.19,0.194%,90542805120.00,Canada,,222020,Finance,Commercial Banks
CMCL,Caledonia Mining Corporation Plc Common Shares,$23.98,-0.87,-3.501%,462688920.00,Canada,,51757,Basic Materials,Precious Metals
CMCM,Cheetah Mobile Inc. American Depositary Shares each representing fifty (50) Class A Ordinary Shares,$7.29,0.05,0.691%,5593377290.00,China,2022,16205,Technology,Computer Software: Prepackaged Software
CME,CME Group Inc. Class A Common Stock,$312.735,-0.595,-0.19%,112154736048.00,United States,2002,297708,Finance,Investment Bankers/Brokers/Service
CMPS,COMPASS Pathways Plc American Depository Shares,$5.925,-0.135,-2.228%,568900986.00,United Kingdom,2020,585466,Health Care,Biotechnology: Pharmaceutical Preparations
CMPX,Compass Therapeutics Inc. Common Stock,$5.255,-0.195,-3.578%,946361993.00,United States,,319487,Health Care,Biotechnology: Biological Products (No Diagnostic Substances)
CMTG,Claros Mortgage Trust Inc. Common Stock,$2.235,-0.005,-0.223%,313388938.00,United States,2021,208068,Finance,Real Estate
CNA,CNA Financial Corporation Common Stock,$46.40,-0.37,-0.791%,12559244414.00,United States,,45975,Finance,Property-Casualty Insurers
CNC,Centene Corporation Common Stock,$35.6203,0.6803,1.947%,17517030551.00,United States,,1069356,Health Care,Medical Specialities
CNMD,CONMED Corporation Common Stock,$37.30,-0.04,-0.107%,1150090893.00,United States,1987,48431,Health Care,Biotechnology: Electromedical & Electrotherapeutic Apparatus
CNO,CNO Financial Group Inc. Common Stock,$40.66,-0.21,-0.514%,3833331770.00,United States,,62529,Finance,Accident &Health Insurance
CNOB,ConnectOne Bancorp Inc. Common Stock,$25.64,-0.32,-1.233%,1289009514.00,United States,,189845,Finance,Major Banks
CNOBP,ConnectOne Bancorp Inc. Depositary Shares each representing a 1/40th interest in a share of 5.25% Fixed-Rate Reset Non-Cumulative Perpetual Preferred Stock Series A,$24.60,0.07,0.285%,1236725197.00,United States,,376,Finance,Major Banks
CNQ,Canadian Natural Resources Limited Common Stock,$48.97,-0.01,-0.02%,102150048840.00,Canada,,2114329,Energy,Oil & Gas Production
CNR,Core Natural Resources Inc. Common Stock,$98.42,-0.36,-0.364%,4994851022.00,United States,2017,184162,Energy,Coal Mining
CNS,Cohen & Steers Inc Common Stock,$63.805,-0.435,-0.677%,3278950690.00,United States,2004,37471,Finance,Investment Managers
CNTA,Centessa Pharmaceuticals plc American Depositary Shares,$28.555,-0.395,-1.364%,4093533521.00,United Kingdom,2021,394829,Health Care,Biotechnology: Pharmaceutical Preparations
CNX,CNX Resources Corporation Common Stock,$41.14,-0.42,-1.011%,5857026514.00,United States,1999,351854,Energy,Oil & Gas Production
CNXC,Concentrix Corporation Common Stock,$32.14,-0.76,-2.31%,1979737351.00,United States,,352985,Technology,Computer Software: Prepackaged Software
COF,Capital One Financial Corporation Common Stock,$183.74,0.32,0.174%,114273710898.00,United States,1994,712362,Finance,Major Banks
COFS,ChoiceOne Financial Services Inc. Common Stock,$27.31,-0.23,-0.835%,409156153.00,United States,,19785,Finance,Major Banks
COGT,Cogent Biosciences Inc. Common Stock,$34.65,-0.77,-2.174%,5624000613.00,United States,2018,270256,Health Care,Biotechnology: Pharmaceutical Preparations
COHR,Coherent Corp. Common Stock,$259.25,13.45,5.472%,48604670131.00,United States,,4028216,Technology,Electronic Components
COIN,Coinbase Global Inc. Class A Common Stock,$202.99,-7.24,-3.444%,53604618555.00,United States,,4439523,Finance,Finance: Consumer Services
COLB,Columbia Banking System Inc. Common Stock,$26.39,-0.08,-0.302%,7799582630.00,United States,1992,656509,Finance,Major Banks
COLL,Collegium Pharmaceutical Inc. Common Stock,$34.895,-0.825,-2.31%,1108028298.00,United States,2015,113985,Health Care,Biotechnology: Pharmaceutical Preparations
COMP,Compass Inc. Class A Common Stock,$8.245,-0.285,-3.341%,6120054761.00,United States,2021,1674594,Technology,EDP Services
CON,Concentra Group Holdings Parent Inc. Common Stock,$22.80,0.00,0.00%,2932872277.00,United States,2024,99773,Health Care,Medical Specialities
COO,The Cooper Companies Inc. Common Stock,$71.76,-0.29,-0.402%,14001409200.00,United States,,311316,Health Care,Ophthalmic Goods
COP,ConocoPhillips Common Stock,$123.63,0.76,0.619%,151117789362.00,United States,,1989574,Energy,Integrated oil Companies
COR,Cencora Inc. Common Stock,$329.51,-5.20,-1.554%,64099805026.00,United States,,243496,Health Care,Other Pharmaceuticals
CORT,Corcept Therapeutics Incorporated Common Stock,$33.29,-0.22,-0.657%,3541191126.00,United States,2004,199468,Health Care,Biotechnology: Pharmaceutical Preparations
CORZ,Core Scientific Inc. Common Stock,$16.435,0.015,0.091%,5182492185.00,United States,,2664877,Finance,Finance: Consumer Services
CORZW,Core Scientific Inc. Tranche 1 Warrants,$10.16,0.00,0.00%,3203779775.00,United States,,52237,Finance,Finance: Consumer Services
CORZZ,Core Scientific Inc. Tranche 2 Warrants,$16.85,0.33,1.998%,5313355237.00,United States,,3609,Finance,Finance: Consumer Services
COUR,Coursera Inc. Common Stock,$5.91,-0.16,-2.636%,1000643370.00,United States,2021,1091100,Technology,Computer Software: Prepackaged Software
CPF,Central Pacific Financial Corp New,$30.27,-0.38,-1.24%,800236639.00,United States,,34473,Finance,Major Banks
CPRX,Catalyst Pharmaceuticals Inc. Common Stock,$22.62,-0.71,-3.043%,2762442256.00,United States,2006,257602,Health Care,Biotechnology: Pharmaceutical Preparations
CRBG,Corebridge Financial Inc. Common Stock,$24.35,0.16,0.661%,11729051446.00,United States,2022,766415,Finance,Life Insurance
CRC,California Resources Corporation Common Stock,$64.045,0.095,0.149%,5674225222.00,United States,2020,326027,Energy,Oil & Gas Production
CRCL,Circle Internet Group Inc. Class A Common Stock,$129.9901,-2.3199,-1.753%,32083585306.00,United States,2025,7597442,Finance,Finance: Consumer Services
CRCT,Cricut Inc. Class A Common Stock,$4.145,0.015,0.363%,877833397.00,United States,2021,113402,Technology,Industrial Machinery/Components
CRDO,Credo Technology Group Holding Ltd Ordinary Shares,$104.17,0.11,0.106%,19214150250.00,United States,2022,2607015,Technology,Semiconductors
CRGY,Crescent Energy Company Class A Common Stock,$12.475,0.325,2.675%,4090555893.00,United States,2021,1515797,Energy,Oil & Gas Production
CRK,Comstock Resources Inc. Common Stock,$20.16,-0.44,-2.136%,5927478278.00,United States,,317096,Energy,Oil & Gas Production
CRL,Charles River Laboratories International Inc. Common Stock,$152.69,-1.02,-0.664%,7516592782.00,United States,2000,125536,Health Care,Biotechnology: Commercial Physical & Biological Resarch
CRM,Salesforce Inc. Common Stock,$194.63,-0.68,-0.348%,179643490000.00,United States,2004,2101626,Technology,Computer Software: Prepackaged Software
CRMD,CorMedix Inc. Common Stock,$6.33,-0.13,-2.012%,500389000.00,United States,,287183,Health Care,Biotechnology: Pharmaceutical Preparations
CRNC,Cerence Inc. Common Stock,$7.23,-0.01,-0.138%,325480733.00,United States,,145557,Technology,Computer Software: Prepackaged Software
CRNX,Crinetics Pharmaceuticals Inc. Common Stock,$37.025,-0.865,-2.283%,3876714843.00,United States,2018,206516,Health Care,Biotechnology: Pharmaceutical Preparations
CRON,Cronos Group Inc. Common Share,$2.585,-0.005,-0.193%,989779095.00,Canada,,297589,Health Care, Medicinal Chemicals and Botanical Products 
CRSR,Corsair Gaming Inc. Common Stock,$5.445,0.055,1.02%,580776425.00,United States,2020,221539,Technology,Computer peripheral equipment
CRUS,Cirrus Logic Inc. Common Stock,$134.84,-1.03,-0.758%,6877836333.00,United States,1989,70010,Technology,Semiconductors
CRVL,CorVel Corp. Common Stock,$53.96,0.00,0.00%,2760185501.00,United States,,31315,Finance,Specialty Insurers
CRVS,Corvus Pharmaceuticals Inc. Common Stock,$14.492,-0.958,-6.201%,1217217962.00,United States,2016,341022,Health Care,Biotechnology: Pharmaceutical Preparations
CRWD,CrowdStrike Holdings Inc. Class A Common Stock,$435.614,2.414,0.557%,110477848201.00,United States,2019,800328,Technology,Computer Software: Prepackaged Software
CRWV,CoreWeave Inc. Class A Common Stock,$83.61,1.49,1.814%,43952784800.00,United States,2025,8084823,Technology,Computer Software: Prepackaged Software
CSGS,CSG Systems International Inc. Common Stock,$79.72,0.14,0.176%,2272174338.00,United States,1996,191066,Technology,EDP Services
CSIQ,Canadian Solar Inc. Common Shares (ON),$18.50,0.11,0.598%,1238793208.00,Canada,2006,575869,Technology,Semiconductors
CSQ,Calamos Strategic Total Return Common Stock,$17.905,-0.115,-0.638%,2844882872.00,United States,2004,131080,Finance,Finance Companies
CSTL,Castle Biosciences Inc. Common Stock,$25.97,0.07,0.27%,772119212.00,United States,2019,43648,Health Care,Medical Specialities
CTBI,Community Trust Bancorp Inc. Common Stock,$58.01,-0.59,-1.007%,1052926226.00,United States,,30005,Finance,Major Banks
CTGO,Contango ORE Inc. Common Stock,$20.28,-0.97,-4.565%,341136390.00,United States,2021,138504,Basic Materials,Precious Metals
CTMX,CytomX Therapeutics Inc. Common Stock,$4.7767,-0.6733,-12.354%,812931011.00,United States,2015,18651894,Health Care,Biotechnology: Pharmaceutical Preparations
CTNM,Contineum Therapeutics Inc. Class A Common Stock,$12.0601,-1.1549,-8.739%,450276328.00,United States,2024,148608,Health Care,Biotechnology: Pharmaceutical Preparations
CTRA,Coterra Energy Inc. Common Stock,$33.09,0.10,0.303%,25124334139.00,United States,,2433728,Energy,Oil & Gas Production
CTS,CTS Corporation Common Stock,$46.845,0.535,1.155%,1344250535.00,United States,,19306,Technology,Electrical Products
CTSH,Cognizant Technology Solutions Corporation Class A Common Stock,$61.485,0.165,0.269%,29405011876.00,United States,1998,1853599,Technology,EDP Services
CUBB,Customers Bancorp Inc 5.375% Subordinated Notes Due 2034,$22.255,0.075,0.338%,703780770.00,United States,2019,956,Finance,Major Banks
CUBI,Customers Bancorp Inc Common Stock,$65.89,-0.32,-0.483%,2254240145.00,United States,,88032,Finance,Major Banks
CURB,Curbline Properties Corp. Common Stock,$26.31,-0.49,-1.828%,2772230475.00,United States,2024,89084,Finance,Real Estate
CVBF,CVB Financial Corporation Common Stock,$18.69,-0.23,-1.216%,2538107626.00,United States,,242176,Finance,Major Banks
CVE,Cenovus Energy Inc Common Stock,$23.935,0.385,1.635%,45079179000.00,Canada,,2277200,Energy,Oil & Gas Production
CVI,CVR Energy Inc. Common Stock,$31.20,1.38,4.628%,3136554689.00,United States,2007,467728,Energy,Integrated oil Companies
CVLT,Commvault Systems Inc. Common Stock,$80.49,0.36,0.449%,3539498410.00,United States,2006,419989,Technology,Computer Software: Prepackaged Software
CW,Curtiss-Wright Corporation Common Stock,$684.73,5.15,0.758%,25245673277.00,United States,,79007,Technology,Industrial Machinery/Components
CWAN,Clearwater Analytics Holdings Inc. Class A Common Stock,$23.35,-0.03,-0.128%,6899136074.00,United States,2021,1491974,Technology,Computer Software: Prepackaged Software
CWBC,Community West Bancshares Common Stock,$22.19,-0.30,-1.334%,425369319.00,United States,,24190,Finance,Major Banks
CXM,Sprinklr Inc. Class A Common Stock,$5.995,0.015,0.251%,1478883385.00,United States,2021,729779,Technology,Computer Software: Prepackaged Software
CYH,Community Health Systems Inc. Common Stock,$3.10,-0.01,-0.322%,429739844.00,United States,2000,311605,Health Care,Hospital/Nursing Management
CYRX,CryoPort Inc. Common Stock,$8.29,-0.07,-0.837%,413307359.00,United States,,83732,Health Care,Biotechnology: Pharmaceutical Preparations
CYTK,Cytokinetics Incorporated Common Stock,$61.30,-0.83,-1.336%,7549880069.00,United States,2004,575611,Health Care,Biotechnology: Pharmaceutical Preparations
CZNC,Citizens & Northern Corp Common Stock,$21.76,-0.15,-0.685%,389726888.00,United States,,4778,Finance,Major Banks
DASH,DoorDash Inc. Class A Common Stock,$166.81,-3.00,-1.767%,72466659777.00,United States,,716368,Technology,EDP Services
DAVE,Dave Inc. Class A Common Stock,$211.61,1.42,0.676%,2869346533.00,United States,,142547,Finance,Finance: Consumer Services
DAWN,Day One Biopharmaceuticals Inc. Common Stock,$21.30,0.01,0.047%,2200240818.00,United States,2021,1113511,Health Care,Biotechnology: Pharmaceutical Preparations
DBX,Dropbox Inc. Class A Common Stock,$25.36,-0.18,-0.705%,6116535744.00,United States,2018,504733,Technology,Computer Software: Prepackaged Software
DC,Dakota Gold Corp. Common Stock,$5.158,-0.262,-4.834%,584205881.00,United States,2022,714207,Basic Materials,Metal Mining
DCBO,Docebo Inc. Common Shares,$20.085,0.245,1.235%,577734360.00,Canada,,24230,Technology,Computer Software: Prepackaged Software
DCOM,Dime Community Bancshares Inc. Common Stock,$32.29,-0.09,-0.278%,1417721124.00,United States,,62221,Finance,Major Banks
DCOMG,Dime Community Bancshares Inc. 9.000% Fixed-to-Floating Rate Subordinated Notes due 2034,$26.39,0.21,0.802%,1033132530.00,United States,,488,Finance,Major Banks
DCOMP,Dime Community Bancshares Inc. Fixed-Rate Non-Cumulative Perpetual Preferred Stock Series A,$18.98,-0.02,-0.105%,833333754.00,United States,,1098,Finance,Major Banks
DCTH,Delcath Systems Inc. Common Stock,$9.50,-0.24,-2.464%,330088777.00,United States,,89878,Health Care,Medical/Dental Instruments
DDD,3D Systems Corporation Common Stock,$2.22,-0.08,-3.478%,324267259.00,United States,,750014,Technology,Computer Software: Prepackaged Software
DDI,DoubleDown Interactive Co. Ltd. American Depository Shares,$8.69,-0.10,-1.138%,430619394.00,South Korea,2021,9331,Technology,EDP Services
DDOG,Datadog Inc. Class A Common Stock,$132.39,3.52,2.731%,46846377446.00,United States,2019,1287073,Technology,Computer Software: Prepackaged Software
DELL,Dell Technologies Inc. Class C Common Stock ,$151.745,-1.265,-0.827%,97989098697.00,United States,2018,1605759,Technology,Computer Manufacturing
DFTX,Definium Therapeutics Inc. Common Shares,$17.455,-0.635,-3.51%,1719479465.00,United States,,476058,Health Care, Medicinal Chemicals and Botanical Products 
DGICA,Donegal Group Inc. Class A Common Stock,$17.0875,-0.2225,-1.285%,632288147.00,United States,,19557,Finance,Property-Casualty Insurers
DGICB,Donegal Group Inc. Class B Common Stock,$16.03,0.00,0.00%,593157513.00,United States,1986,13,Finance,Property-Casualty Insurers
DGX,Quest Diagnostics Incorporated Common Stock,$198.255,-0.355,-0.179%,21781547272.00,United States,,127786,Health Care,Medical Specialities
DHIL,Diamond Hill Investment Group Inc. Class A Common Stock,$172.60,-0.04,-0.023%,466947725.00,United States,,10853,Finance,Investment Managers
DINO,HF Sinclair Corporation Common Stock,$59.69,1.26,2.156%,10760506532.00,United States,1960,421000,Energy,Natural Gas Distribution
DIOD,Diodes Incorporated Common Stock,$66.82,0.23,0.345%,3065531744.00,United States,,51512,Technology,Semiconductors
DJT,Trump Media & Technology Group Corp. Common Stock,$9.585,-0.215,-2.194%,2652469654.00,United States,2024,1189936,Technology,Computer Software: Programming Data Processing
DJTWW,Trump Media & Technology Group Corp. Warrants,$4.80,-0.20,-4.00%,1328310312.00,United States,2021,16696,Technology,Computer Software: Programming Data Processing
DK,Delek US Holdings Inc. Common Stock,$43.855,1.515,3.578%,2622898303.00,United States,2017,373066,Energy,Integrated oil Companies
DKL,Delek Logistics Partners L.P. Common Units representing Limited Partner Interests,$52.4525,-0.5875,-1.108%,2806856171.00,United States,2012,11402,Energy,Natural Gas Distribution
DLY,DoubleLine Yield Opportunities Fund Common Shares of Beneficial Interest,$14.02,-0.11,-0.778%,672199822.00,United States,2020,40492,Finance,Investment Managers
DMAC,DiaMedica Therapeutics Inc. Common Stock,$7.20,0.04,0.559%,374957561.00,United States,2018,81246,Health Care,Biotechnology: Pharmaceutical Preparations
DMLP,Dorchester Minerals L.P. Common Units Representing Limited Partnership Interests,$27.09,0.04,0.148%,1307240141.00,United States,,18718,Energy,Oil & Gas Production
DNA,Ginkgo Bioworks Holdings Inc. Class A Common Stock,$6.64,-0.19,-2.782%,411177697.00,United States,2021,152270,Health Care,Biotechnology: Biological Products (No Diagnostic Substances)
DNLI,Denali Therapeutics Inc. Common Stock,$20.07,-0.64,-3.09%,3182931224.00,United States,2017,217982,Health Care,Biotechnology: Biological Products (No Diagnostic Substances)
DNN,Denison Mines Corp Ordinary Shares (Canada),$3.6554,-0.0546,-1.472%,3300694437.00,Canada,,8550351,Basic Materials,Other Metals and Minerals
DNTH,Dianthus Therapeutics Inc. Common Stock,$78.41,-0.49,-0.621%,3486978481.00,United States,2018,215739,Health Care,Biotechnology: Pharmaceutical Preparations
DOCN,DigitalOcean Holdings Inc. Common Stock,$83.64,6.05,7.797%,7694553302.00,United States,2021,2285865,Technology,Computer Software: Programming Data Processing
DOCS,Doximity Inc. Class A Common Stock,$25.01,0.10,0.401%,4619571040.00,United States,2021,409543,Technology,EDP Services
DOCU,DocuSign Inc. Common Stock,$49.165,1.625,3.418%,9846409262.00,United States,1989,6121484,Technology,Computer Software: Prepackaged Software
DQ,DAQO New Energy Corp. American Depositary Shares each representing five ordinary shares,$22.00,-1.44,-6.143%,1475247730.00,China,2010,363154,Technology,Semiconductors
DRUG,Bright Minds Biosciences Inc. Common Stock,$69.9006,-2.2294,-3.091%,684128426.00,Canada,,18801,Health Care,Biotechnology: Pharmaceutical Preparations
DSGN,Design Therapeutics Inc. Common Stock,$10.69,-0.35,-3.17%,659276663.00,United States,2021,92486,Health Care,Biotechnology: Pharmaceutical Preparations
DSGX,Descartes Systems Group Inc. (The) Common Stock,$70.55,-0.51,-0.718%,6069013871.00,Canada,,76731,Technology,Computer Software: Prepackaged Software
DSL,DoubleLine Income Solutions Fund Common Shares of Beneficial Interests,$10.98,-0.17,-1.525%,1119925171.00,United States,2013,214624,Finance,Trusts Except Educational Religious and Charitable
DSP,Viant Technology Inc. Class A Common Stock,$12.14,0.39,3.319%,769105117.00,United States,2021,102908,Technology,Computer Software: Programming Data Processing
DT,Dynatrace Inc. Common Stock,$39.87,0.10,0.251%,11891271915.00,United States,2019,1573710,Technology,Computer Software: Prepackaged Software
DUOL,Duolingo Inc. Class A Common Stock,$101.21,-3.15,-3.018%,4751838952.00,United States,2021,447745,Technology,Computer Software: Prepackaged Software
DV,DoubleVerify Holdings Inc. Common Stock,$10.015,0.015,0.15%,1622309530.00,United States,2021,495681,Technology,Computer Software: Programming Data Processing
DVA,DaVita Inc. Common Stock,$151.015,1.035,0.69%,10087802000.00,United States,,172258,Health Care,Misc Health and Biotechnology Services
DVLT,Datavault AI Inc. Common Stock,$0.9567,0.1797,23.127%,554870599.00,United States,2018,99896411,Technology,Semiconductors
DVN,Devon Energy Corporation Common Stock,$47.51,0.09,0.19%,29456200000.00,United States,1985,3779667,Energy,Oil & Gas Production
DXC,DXC Technology Company Common Stock ,$11.835,0.015,0.127%,2009109162.00,United States,,317915,Technology,EDP Services
DXCM,DexCom Inc. Common Stock,$67.66,0.34,0.505%,26039955210.00,United States,2005,900205,Health Care,Medical/Dental Instruments
DYN,Dyne Therapeutics Inc. Common Stock,$18.32,-0.34,-1.822%,3023296820.00,United States,2020,503482,Health Care,Biotechnology: Pharmaceutical Preparations
EBC,Eastern Bankshares Inc. Common Stock,$18.675,-0.155,-0.823%,4381860392.00,United States,2020,316880,Finance,Savings Institutions
EBS,Emergent BioSolutions Inc. Common Stock,$8.11,0.03,0.371%,419861650.00,United States,2006,113482,Health Care,Biotechnology: Pharmaceutical Preparations
ECAT,BlackRock ESG Capital Allocation Term Trust Common Shares of Beneficial Interest,$14.025,-0.095,-0.673%,1516593375.00,United States,2021,97212,Finance,Trusts Except Educational Religious and Charitable
ECCC,Eagle Point Credit Company Inc. 6.50% Series C Term Preferred Stock due 2031,$24.13,-0.15,-0.618%,1463786704.00,United States,,1089,Finance,Trusts Except Educational Religious and Charitable
ECCV,Eagle Point Credit Company Inc. 5.375% Notes due 2029,$23.40,-0.18,-0.763%,1419503062.00,United States,2022,2418,Finance,Trusts Except Educational Religious and Charitable
ECCW,Eagle Point Credit Company Inc. 6.75% Notes due 2031,$24.97,0.07,0.281%,1514743224.00,United States,2021,246,Finance,Trusts Except Educational Religious and Charitable
ECCX,Eagle Point Credit Company Inc. 6.6875% Notes due 2028,$24.53,-0.17,-0.688%,1488051714.00,United States,2022,859,Finance,Trusts Except Educational Religious and Charitable
ECPG,Encore Capital Group Inc Common Stock,$69.02,1.13,1.664%,1477737042.00,United States,,49723,Finance,Finance Companies
ECX,ECARX Holdings Inc. Class A Ordinary shares,$1.20,0.02,1.695%,414876031.00,China,,699408,Technology,EDP Services
EEFT,Euronet Worldwide Inc. Common Stock,$69.96,-1.59,-2.222%,2751573743.00,United States,1997,113171,Finance,Investment Bankers/Brokers/Service
EFC,Ellington Financial Inc. Common Stock ,$11.92,-0.07,-0.584%,1485816354.00,United States,2010,420297,Finance,Real Estate
EFSC,Enterprise Financial Services Corporation Common Stock,$52.50,-0.40,-0.756%,1932840630.00,United States,,55904,Finance,Major Banks
EFSCP,Enterprise Financial Services Corporation Depositary Shares Each Representing a 1/40th Interest in a Share of 5% Fixed Rate Non-Cumulative Perpetual Preferred Stock Series A,$20.315,0.00,0.00%,747917284.00,United States,,16,Finance,Major Banks
EFT,Eaton Vance Floating Rate Income Trust Common Shares of Beneficial Interest,$10.79,0.05,0.466%,313885578.00,United States,2004,35951,Finance,Finance Companies
EFX,Equifax Inc. Common Stock,$186.745,-0.575,-0.307%,22459820777.00,United States,,174868,Finance,Finance: Consumer Services
EGBN,Eagle Bancorp Inc. Common Stock,$24.095,-0.375,-1.532%,731607255.00,United States,,42273,Finance,Major Banks
EGO,Eldorado Gold Corporation Ordinary Shares,$35.43,-1.69,-4.553%,7037992598.00,Canada,,803681,Basic Materials,Precious Metals
EGY,VAALCO Energy Inc.  Common Stock,$5.60,0.08,1.449%,583846217.00,United States,,300120,Energy,Oil & Gas Production
EHAB,Enhabit Inc. Common Stock,$13.615,-0.005,-0.037%,690596981.00,United States,2022,316139,Health Care,Medical/Nursing Services
EHC,Encompass Health Corporation Common Stock,$100.205,-1.365,-1.344%,9961996513.00,United States,,88067,Health Care,Hospital/Nursing Management
EIG,Employers Holdings Inc Common Stock,$39.55,-0.36,-0.902%,770512981.00,United States,2007,42244,Finance,Property-Casualty Insurers
EIKN,Eikon Therapeutics Inc. Common Stock,$13.47,0.63,4.907%,727169019.00,United States,2026,108224,Health Care,Biotechnology: Biological Products (No Diagnostic Substances)
ELAN,Elanco Animal Health Incorporated Common Stock,$25.05,-0.13,-0.516%,12454060329.00,United States,2018,3136878,Health Care,Biotechnology: Pharmaceutical Preparations
ELE,Elemental Royalty Corporation Common Stock,$20.89,-1.26,-5.688%,1332157243.00,Canada,,172322,Basic Materials,Precious Metals
ELV,Elevance Health Inc. Common Stock,$292.54,-3.21,-1.085%,64564943284.00,United States,,340260,Health Care,Medical Specialities
ELVN,Enliven Therapeutics Inc. Common Stock,$27.29,-0.50,-1.799%,1631953080.00,United States,2020,211975,Health Care,Biotechnology: Pharmaceutical Preparations
EMBC,Embecta Corp. Common Stock,$8.785,-0.125,-1.403%,520246417.00,United States,,176156,Health Care,Medical/Dental Instruments
EMR,Emerson Electric Company Common Stock,$130.7399,-1.7501,-1.321%,73475823800.00,United States,,380586,Technology,Consumer Electronics/Appliances
ENB,Enbridge Inc Common Stock,$53.625,-0.425,-0.786%,117027812723.00,Canada,,779060,Energy,Natural Gas Distribution
ENGN,enGene Holdings Inc. Common Stock,$7.07,-0.18,-2.483%,473615525.00,Canada,,42559,Health Care,Biotechnology: Biological Products (No Diagnostic Substances)
ENOV,Enovis Corporation Common Stock,$23.50,0.04,0.171%,1345260579.00,United States,,222390,Health Care,Industrial Specialties
ENPH,Enphase Energy Inc. Common Stock,$43.50,-1.20,-2.685%,5702798627.00,United States,2012,1171618,Technology,Semiconductors
ENS,EnerSys Common Stock,$163.99,-0.49,-0.298%,6043256822.00,United States,2004,62084,Technology,Industrial Machinery/Components
ENSG,The Ensign Group Inc. Common Stock,$207.24,-3.14,-1.493%,12043292527.00,United States,2007,72277,Health Care,Hospital/Nursing Management
ENTA,Enanta Pharmaceuticals Inc. Common Stock,$12.705,-0.565,-4.258%,368690766.00,United States,2013,26064,Health Care,Biotechnology: Pharmaceutical Preparations
ENVA,Enova International Inc. Common Stock,$138.36,1.15,0.838%,3460427737.00,United States,2014,33669,Finance,Finance: Consumer Services
EOG,EOG Resources Inc. Common Stock,$137.00,1.28,0.943%,73499334541.00,United States,,1095608,Energy,Oil & Gas Production
EOLS,Evolus Inc. Common Stock,$4.83,-0.08,-1.629%,314239752.00,United States,2018,223354,Health Care,Biotechnology: Pharmaceutical Preparations
EPAC,Enerpac Tool Group Corp. Common Stock,$36.475,-0.155,-0.423%,1925015725.00,United States,,32488,Technology,Industrial Machinery/Components
EPAM,EPAM Systems Inc. Common Stock,$136.76,0.30,0.22%,7404182160.00,United States,2012,153013,Technology,EDP Services
EPRX,Eupraxia Pharmaceuticals Inc. Common Stock,$7.43,-0.15,-1.979%,456968627.00,Canada,,44228,Health Care,Pharmaceuticals and Biotechnology
EQBK,Equity Bancshares Inc. Class A Common Stock,$43.685,-0.435,-0.986%,917041592.00,United States,,16566,Finance,Major Banks
EQH,Equitable Holdings Inc. Common Stock,$39.18,0.63,1.634%,10984028410.00,United States,2018,460789,Finance,Specialty Insurers
EQT,EQT Corporation Common Stock,$63.30,-1.13,-1.754%,39554153009.00,United States,,2142952,Energy,Oil & Gas Production
EQX,Equinox Gold Corp. Common Shares,$13.752,-0.698,-4.83%,10840452950.00,Canada,,4282220,Basic Materials,Precious Metals
ERAS,Erasca Inc. Common Stock,$13.45,0.09,0.674%,4180253907.00,United States,2021,935423,Health Care,Biotechnology: Pharmaceutical Preparations
ERIE,Erie Indemnity Company Class A Common Stock,$249.13,2.05,0.83%,11507715799.00,United States,,41796,Finance,Specialty Insurers
ERII,Energy Recovery Inc. Common Stock,$10.14,-0.05,-0.491%,535682673.00,United States,2008,106578,Technology,Industrial Machinery/Components
ERO,Ero Copper Corp. Common Shares,$25.47,-1.30,-4.856%,2655921589.00,Canada,2021,383795,Basic Materials,Metal Mining
ESPR,Esperion Therapeutics Inc. Common Stock,$2.515,-0.195,-7.196%,645878362.00,United States,2013,1218193,Health Care,Biotechnology: Pharmaceutical Preparations
ESQ,Esquire Financial Holdings Inc. Common Stock,$105.56,-1.77,-1.649%,911701558.00,United States,2017,52739,Finance,Commercial Banks
ESTC,Elastic N.V. Ordinary Shares,$55.75,0.35,0.632%,5770181196.00,United States,2018,368983,Technology,Computer Software: Prepackaged Software
ETB,Eaton Vance Tax-Managed Buy-Write Income Fund Eaton Vance Tax-Managed Buy-Write Income Fund Common Shares of Beneficial Interest,$14.90,-0.03,-0.201%,437633830.00,United States,2005,8734,Finance,Investment Bankers/Brokers/Service
ETN,Eaton Corporation PLC Ordinary Shares,$363.90,-0.05,-0.014%,141187865226.00,Ireland,,626664,Technology,Industrial Machinery/Components
ETO,Eaton Vance Tax-Advantage Global Dividend Opp Common Stock,$27.97,-0.13,-0.463%,458376220.00,United States,2004,22968,Finance,Investment Managers
ETON,Eton Pharmaceuticals Inc. Common Stock,$19.00,0.08,0.423%,509533165.00,United States,2018,68025,Health Care,Biotechnology: Pharmaceutical Preparations
ETV,Eaton Vance Corporation Eaton Vance Tax-Managed Buy-Write Opportunities Fund Common Shares of Beneficial Interest,$14.155,-0.085,-0.597%,1546693480.00,United States,2005,70562,Finance,Investment Bankers/Brokers/Service
ETW,Eaton Vance Corporation Eaton Vance Tax-Managed Global Buy-Write Opportunites Fund Common Shares of Beneficial Interest,$9.045,-0.025,-0.276%,991311974.00,United States,2005,66147,Finance,Investment Managers
EU,enCore Energy Corp. Common Shares,$1.92,-0.06,-3.03%,359519105.00,United States,,853347,Basic Materials,Other Metals and Minerals
EVCM,EverCommerce Inc. Common Stock,$10.105,0.095,0.949%,1794313211.00,United States,2021,33680,Technology,Computer Software: Prepackaged Software
EVER,EverQuote Inc. Class A Common Stock,$16.04,0.11,0.691%,577916115.00,United States,2018,131908,Technology,Computer Software: Programming Data Processing
EVGO,EVgo Inc. Class A Common Stock,$1.99,-0.07,-3.398%,623036231.00,United States,,2640314,Technology,EDP Services
EVLV,Evolv Technologies Holdings Inc. Class A Common Stock,$5.155,-0.155,-2.919%,924553060.00,United States,2020,758070,Technology,Computer peripheral equipment
EVN,Eaton Vance Municipal Income Trust Common Stock,$10.81,0.02,0.185%,428802032.00,United States,1999,32371,Finance,Investment Managers
EVR,Evercore Inc. Class A Common Stock,$279.25,0.56,0.201%,11059821354.00,United States,2006,174936,Finance,Investment Managers
EW,Edwards Lifesciences Corporation Common Stock,$83.125,-1.145,-1.359%,48279000000.00,United States,,760126,Health Care,Industrial Specialties
EWBC,East West Bancorp Inc. Common Stock,$104.97,0.11,0.105%,14446252195.00,United States,,302132,Finance,Major Banks
EWTX,Edgewise Therapeutics Inc. Common Stock,$29.46,-1.04,-3.41%,3160189549.00,United States,2021,127726,Health Care,Biotechnology: Pharmaceutical Preparations
EXAS,Exact Sciences Corporation Common Stock,$103.895,-0.045,-0.043%,19832330682.00,United States,2001,388931,Health Care,Medical Specialities
EXE,Expand Energy Corporation Common Stock,$104.945,-1.455,-1.367%,25228595396.00,United States,,799938,Energy,Oil & Gas Production
EXEL,Exelixis Inc. Common Stock,$41.08,-0.75,-1.793%,10668832944.00,United States,2000,418635,Health Care,Biotechnology: Biological Products (No Diagnostic Substances)
EXK,Endeavour Silver Corporation Ordinary Shares (Canada),$9.74,-0.50,-4.883%,2877299390.00,Canada,,5891137,Basic Materials,Precious Metals
EXPI,eXp World Holdings Inc. Common Stock,$6.24,0.05,0.808%,1010212919.00,United States,,223210,Finance,Real Estate
EYE,National Vision Holdings Inc. Common Stock,$28.00,0.01,0.036%,2224241180.00,United States,2017,222647,Health Care,Ophthalmic Goods
FA,First Advantage Corporation Common Stock,$10.69,0.01,0.094%,1863471361.00,United States,2021,274395,Technology,EDP Services
FAF,First American Corporation (New) Common Stock,$65.795,-0.775,-1.164%,6704510500.00,United States,,72790,Finance,Specialty Insurers
FANG,Diamondback Energy Inc. Common Stock,$188.94,1.72,0.919%,53149559811.00,United States,2012,498222,Energy,Oil & Gas Production
FBIN,Fortune Brands Innovations Inc. Common Stock,$42.25,-0.54,-1.262%,5069508928.00,United States,,1595874,Basic Materials,Forest Products
FBIOP,Fortress Biotech Inc. 9.375% Series A Cumulative Redeemable Perpetual Preferred Stock,$13.60,-0.09,-0.657%,430275943.00,United States,,1604,Health Care,Biotechnology: Pharmaceutical Preparations
FBIZ,First Business Financial Services Inc. Common Stock,$51.85,-0.42,-0.804%,432575580.00,United States,,25091,Finance,Major Banks
FBK,FB Financial Corporation Common Stock,$51.17,-0.40,-0.776%,2648434192.00,United States,2016,53445,Finance,Major Banks
FBNC,First Bancorp Common Stock,$53.13,-0.21,-0.394%,2203686771.00,United States,1987,32701,Finance,Major Banks
FBRX,Forte Biosciences Inc. Common Stock,$24.80,-1.64,-6.203%,310667988.00,United States,2017,43479,Health Care,Biotechnology: Pharmaceutical Preparations
FCBC,First Community Bankshares Inc. (VA) Common Stock,$39.86,-0.48,-1.19%,760330616.00,United States,,18047,Finance,Major Banks
FCEL,FuelCell Energy Inc. Common Stock,$6.905,-0.125,-1.778%,329203077.00,United States,,214687,Energy,Industrial Machinery/Components
FCF,First Commonwealth Financial Corporation Common Stock,$16.66,-0.11,-0.656%,1701706212.00,United States,,140300,Finance,Major Banks
FCNCA,First Citizens BancShares Inc. Class A Common Stock,$1796.45,8.17,0.457%,21444539825.00,United States,,20043,Finance,Major Banks
FCRX,Crescent Capital BDC Inc. 5.00% Notes due 2026,$24.96,0.03,0.12%,925056213.00,United States,2023,1532,Finance,Finance: Consumer Services
FCX,Freeport-McMoRan Inc. Common Stock,$56.215,-1.875,-3.228%,80792288281.00,United States,,5346922,Basic Materials,Metal Mining
FDMT,4D Molecular Therapeutics Inc. Common Stock,$8.36,-0.25,-2.904%,477649227.00,United States,2020,94326,Health Care,Biotechnology: Biological Products (No Diagnostic Substances)
FDS,FactSet Research Systems Inc. Common Stock,$208.92,-0.08,-0.038%,7750777190.00,United States,2000,152999,Technology,Computer Software: Programming Data Processing
FDUS,Fidus Investment Corporation Common Stock,$18.41,0.09,0.491%,698739841.00,United States,2011,107735,Finance,Finance/Investors Services
FFBC,First Financial Bancorp. Common Stock,$26.69,-0.15,-0.559%,2791402822.00,United States,,150979,Finance,Major Banks
FFIC,Flushing Financial Corporation Common Stock,$14.83,-0.12,-0.803%,502494174.00,United States,,32169,Finance,Major Banks
FFIN,First Financial Bankshares Inc. Common Stock,$29.00,-0.33,-1.125%,4153629458.00,United States,,140638,Finance,Major Banks
FFWM,First Foundation Inc. Common Stock,$5.555,-0.045,-0.804%,460655552.00,United States,,164590,Finance,Major Banks
FG,F&G Annuities & Life Inc. Common Stock,$23.74,0.08,0.338%,3219384201.00,United States,2022,121850,Finance,Life Insurance
FGN,F&G Annuities & Life Inc. 7.950% Senior Notes due 2053,$24.766,0.046,0.186%,3122956640.00,United States,2023,22462,Finance,Life Insurance
FHB,First Hawaiian Inc. Common Stock,$23.79,-0.18,-0.751%,2918777400.00,United States,2016,351229,Finance,Major Banks
FHI,Federated Hermes Inc. Common Stock,$55.79,-1.10,-1.934%,4238124506.00,United States,,158835,Finance,Investment Managers
FHN,First Horizon Corporation Common Stock,$21.815,-0.025,-0.114%,10419410666.00,United States,,1046402,Finance,Major Banks
FIBK,First Interstate BancSystem Inc. Common Stock (DE),$32.53,-0.57,-1.722%,3289378364.00,United States,2010,319380,Finance,Major Banks
FIG,Figma Inc. Class A Common Stock,$26.4101,-1.0399,-3.788%,13778574584.00,United States,2025,2589890,Technology,Computer Software: Prepackaged Software
FINV,FinVolution Group American Depositary Shares,$6.125,-0.055,-0.89%,1552159899.00,United States,2017,902923,Finance,Finance: Consumer Services
FIP,FTAI Infrastructure Inc. Common Stock ,$5.04,-0.19,-3.633%,595544317.00,United States,,242423,Energy,Oil Refining/Marketing
FISI,Financial Institutions Inc. Common Stock,$30.425,-0.095,-0.311%,597370839.00,United States,1999,38420,Finance,Major Banks
FITB,Fifth Third Bancorp Common Stock,$44.05,-0.17,-0.384%,39890072087.00,United States,,1179786,Finance,Major Banks
FITBI,Fifth Third Bancorp Depositary Shares,$25.655,-0.015,-0.058%,23232231541.00,United States,,3863,Finance,Major Banks
FITBM,Fifth Third Bancorp Depositary Shares Representing a 1/40th Ownership Interest in a Share of 6.875% Fixed-Rate Reset Non-Cumulative Perpetual Preferred Stock Series M,$25.97,-0.03,-0.115%,23517484043.00,United States,,779,Finance,Major Banks
FITBO,Fifth Third Bancorp Depositary Shares each representing a 1/1000th ownership interest in a share of Non-Cumulative Perpetual Preferred Stock Series K,$19.533,-0.067,-0.342%,17688371806.00,United States,,8033,Finance,Major Banks
FITBP,Fifth Third Bancorp Depositary Shares each representing 1/40th share of Fifth Third 6.00% Non-Cumulative Perpetual Class B Preferred Stock Series A,$23.89,0.08,0.336%,21633911967.00,United States,,1703,Finance,Major Banks
FIVN,Five9 Inc. Common Stock,$16.05,0.07,0.438%,1227755664.00,United States,2014,203519,Technology,EDP Services
FLG,Flagstar Bank N.A. Common Stock,$12.435,-0.095,-0.758%,5172873962.00,United States,,460862,Finance,Banks
FLGT,Fulgent Genetics Inc. Common Stock,$15.48,0.05,0.324%,483450183.00,United States,2016,285868,Health Care,Medical Specialities
FLUT,Flutter Entertainment plc Ordinary Shares,$108.53,-0.72,-0.659%,19012406302.00,Ireland,2024,613912,Technology,Computer Software: Programming Data Processing
FMAO,Farmers & Merchants Bancorp Inc. Common Stock,$24.235,-0.355,-1.444%,333184573.00,United States,,13457,Finance,Savings Institutions
FMBH,First Mid Bancshares Inc. Common Stock,$39.17,-0.21,-0.533%,943310702.00,United States,,18599,Finance,Major Banks
FMN,Federated Hermes Premier Municipal Income Fund,$11.12,0.00,0.00%,959153932.00,United States,2002,5607,Finance,Investment Managers
FMNB,Farmers National Banc Corp. Common Stock,$12.37,-0.07,-0.563%,466828449.00,United States,,90361,Finance,Major Banks
FNB,F.N.B. Corporation Common Stock,$16.015,-0.095,-0.59%,5723585107.00,United States,,1297906,Finance,Major Banks
FNF,Fidelity National Financial Inc. Common Stock,$48.53,-0.08,-0.165%,13158306466.00,United States,2014,265285,Finance,Specialty Insurers
FNLC,First Bancorp Inc  (ME) Common Stock,$27.28,-0.19,-0.692%,307454302.00,United States,,3455,Finance,Major Banks
FNV,Franco-Nevada Corporation,$246.315,-8.555,-3.357%,47489209820.00,Canada,,203472,Basic Materials,Precious Metals
FOF,Cohen & Steers Closed-End Opportunity Fund Inc. Common Stock,$13.70,0.01,0.073%,673199204.00,United States,2006,13714,Finance,Investment Managers
FOLD,Amicus Therapeutics Inc. Common Stock,$14.375,0.005,0.035%,4513760235.00,United States,2007,874430,Health Care,Biotechnology: Pharmaceutical Preparations
FOR,Forestar Group Inc Common Stock ,$25.21,-0.28,-1.098%,1282989337.00,United States,2017,22567,Finance,Real Estate
FORM,FormFactor Inc. FormFactor Inc. Common Stock,$95.87,1.16,1.225%,7469993579.00,United States,2003,258933,Technology,Semiconductors
FPH,Five Point Holdings LLC Class A Common Shares,$5.02,-0.01,-0.199%,740081110.00,United States,2017,95008,Finance,Real Estate
FRA,Blackrock Floating Rate Income Strategies Fund Inc  Common Stock,$10.885,0.035,0.323%,1619279497.00,United States,2003,25453,Finance,Investment Bankers/Brokers/Service
FRBA,First Bank Common Stock,$15.22,0.07,0.462%,382545614.00,United States,2013,12552,Finance,Commercial Banks
FRME,First Merchants Corporation Common Stock,$36.36,-0.31,-0.845%,2304960317.00,United States,,73091,Finance,Major Banks
FRMEP,First Merchants Corporation Depository Shares,$25.4926,0.0326,0.128%,1616045968.00,United States,,242,Finance,Major Banks
FROG,JFrog Ltd. Ordinary Shares,$44.17,0.34,0.776%,5284009882.00,United States,2020,305222,Technology,Computer Software: Prepackaged Software
FRPH,FRP Holdings Inc. Common Stock,$21.84,-0.46,-2.063%,417483000.00,United States,,13958,Finance,Real Estate
FRSH,Freshworks Inc. Class A Common Stock,$8.065,0.055,0.687%,2291550307.00,United States,2021,769497,Technology,Computer Software: Prepackaged Software
FRST,Primis Financial Corp. Common Stock,$12.70,-0.08,-0.626%,313679650.00,United States,2006,36160,Finance,Major Banks
FSBC,Five Star Bancorp Common Stock,$36.28,-0.36,-0.983%,775526831.00,United States,2021,11623,Finance,Major Banks
FSCO,FS Credit Opportunities Corp. Common Stock,$5.005,0.015,0.301%,992771280.00,United States,2022,455586,Finance,Trusts Except Educational Religious and Charitable
FSK,FS KKR Capital Corp. Common Stock,$10.125,-0.135,-1.316%,2835672634.00,United States,2014,1607753,Finance,Investment Managers
FSLR,First Solar Inc. Common Stock,$200.095,-0.325,-0.162%,21472393344.00,United States,2006,371315,Technology,Semiconductors
FSLY,Fastly Inc. Class A Common Stock,$25.705,1.525,6.307%,3902019000.00,United States,,4212982,Technology,Computer Software: Prepackaged Software
FSM,Fortuna Mining Corp. Common Shares,$9.77,-0.53,-5.146%,2982390063.00,Canada,,2289308,Basic Materials,Precious Metals
FSUN,FirstSun Capital Bancorp Common Stock,$34.62,-0.46,-1.311%,966705788.00,United States,,52553,Finance,Major Banks
FSV,FirstService Corporation Common Shares,$142.13,-0.66,-0.462%,6532545091.00,Canada,,28242,Finance,Real Estate
FTHY,First Trust High Yield Opportunities 2027 Term Fund Common Stock,$13.54,0.00,0.00%,497906271.00,United States,2020,17269,Finance,Investment Managers
FTNT,Fortinet Inc. Common Stock,$83.495,0.335,0.403%,61779919563.00,United States,2009,892919,Technology,Computer peripheral equipment
FTRE,Fortrea Holdings Inc. Common Stock,$9.90,0.20,2.062%,925650000.00,United States,,231879,Health Care,Medical Specialities
FULC,Fulcrum Therapeutics Inc. Common Stock,$6.94,-0.49,-6.595%,462205450.00,United States,2019,290176,Health Care,Biotechnology: Pharmaceutical Preparations
FULT,Fulton Financial Corporation Common Stock,$19.35,-0.25,-1.276%,3483204375.00,United States,,441988,Finance,Major Banks
FULTP,Fulton Financial Corporation Depositary Shares Each Representing a 1/40th Interest in a Share of Fixed Rate Non-Cumulative Perpetual Preferred Stock Series A,$18.80,-0.03,-0.159%,3384198566.00,United States,,2815,Finance,Major Banks
GAB,Gabelli Equity Trust Inc. (The) Common Stock,$5.545,0.015,0.271%,1629216446.00,United States,1986,429125,Finance,Investment Managers
GABC,German American Bancorp Inc. Common Stock,$39.15,-0.60,-1.509%,1471082978.00,United States,,26105,Finance,Major Banks
GAIN,Gladstone Investment Corporation Business Development Company,$14.45,0.10,0.697%,575427423.00,United States,2005,109951,Finance,Finance: Consumer Services
GAINN,Gladstone Investment Corporation 5.00% Notes Due 2026,$25.15,0.03,0.119%,961213635.00,United States,,3639,Finance,Finance: Consumer Services
GAINZ,Gladstone Investment Corporation 4.875% Notes due 2028,$24.0915,0.1415,0.591%,920758580.00,United States,,606,Finance,Finance: Consumer Services
GAM,General American Investors Inc. Common Stock,$60.10,-0.10,-0.166%,1440934161.00,United States,,18770,Finance,Investment Managers
GBAB,Guggenheim Taxable Municipal Bond & Investment Grade Debt Trust Common Shares of Beneficial Interest,$14.85,-0.07,-0.469%,332594039.00,United States,2010,37175,Finance,Investment Managers
GBCI,Glacier Bancorp Inc. Common Stock,$43.05,-0.50,-1.148%,5601128219.00,United States,,140070,Finance,Major Banks
GBDC,Golub Capital BDC Inc. Common Stock,$12.59,0.12,0.962%,3314042799.00,United States,2010,619034,Finance,Finance: Consumer Services
GBFH,GBank Financial Holdings Inc. Common Stock,$25.00,-0.76,-2.95%,359402825.00,United States,,53003,Finance,Commercial Banks
GBLI,Global Indemnity Group LLC Class A Common Stock ,$29.58,0.91,3.174%,423702559.00,United States,,996,Finance,Property-Casualty Insurers
GCBC,Greene County Bancorp Inc. Common Stock,$22.05,0.32,1.473%,375441557.00,United States,,11161,Finance,Banks
GCMG,GCM Grosvenor Inc. Class A Common Stock,$10.29,-0.04,-0.387%,2083486169.00,United States,,68800,Finance,Investment Managers
GDDY,GoDaddy Inc. Class A Common Stock,$84.525,-0.555,-0.652%,11271756739.00,United States,2015,236019,Technology,EDP Services
GDOT,Green Dot Corporation Class A Common Stock $0.001 par value,$11.215,-0.105,-0.928%,623190499.00,United States,2010,123163,Finance,Finance: Consumer Services
GDRX,GoodRx Holdings Inc. Class A Common Stock,$2.165,-0.065,-2.915%,741673788.00,United States,2020,326635,Technology,EDP Services
GDS,GDS Holdings Limited ADS,$44.98,0.72,1.627%,9012964792.00,China,2016,1166174,Technology,Computer Software: Programming Data Processing
GDV,Gabelli Dividend & Income Trust Common Shares of Beneficial Interest,$27.3586,-0.1614,-0.586%,2467430850.00,United States,2003,22962,Finance,Investment Managers
GDYN,Grid Dynamics Holdings Inc. Class A Common Stock,$6.17,-0.05,-0.804%,526632767.00,United States,2018,300494,Technology,Computer Software: Prepackaged Software
GEHC,GE HealthCare Technologies Inc. Common Stock ,$71.65,-0.69,-0.954%,32654470806.00,United States,,1406123,Health Care,Medical Electronics
GEL,Genesis Energy L.P. Common Units,$17.57,-0.11,-0.622%,2151698067.00,United States,2001,115261,Energy,Oil Refining/Marketing
GEMI,Gemini Space Station Inc. Class A Common Stock,$5.97,-1.14,-16.034%,702392696.00,United States,2025,2242674,Finance,Investment Bankers/Brokers/Service
GEN,Gen Digital Inc. Common Stock,$20.835,-0.185,-0.88%,12619004731.00,United States,,1071963,Technology,Computer Software: Prepackaged Software
GENB,Generate Biomedicines Inc. Common Stock,$12.235,-0.125,-1.011%,1559353209.00,United States,2026,39033,Health Care,Biotechnology: Pharmaceutical Preparations
GENVR,Gen Digital Inc. Contingent Value Rights,$1.16,0.00,0.00%,702569978.00,United States,,173,Technology,Computer Software: Prepackaged Software
GERN,Geron Corporation Common Stock,$1.5616,-0.0584,-3.605%,1000274543.00,United States,1996,4821666,Health Care,Biotechnology: Pharmaceutical Preparations
GFR,Greenfire Resources Ltd. Common Shares,$5.905,-0.045,-0.756%,740652340.00,Canada,,16144,Energy,Oil & Gas Production
GFS,GlobalFoundries Inc. Ordinary Shares,$43.00,-0.25,-0.578%,23925942008.00,United States,2021,939489,Technology,Semiconductors
GH,Guardant Health Inc. Common Stock,$88.56,-0.19,-0.214%,11616454255.00,United States,2018,207336,Health Care,Medical Specialities
GHRS,GH Research PLC Ordinary Shares,$15.185,-0.175,-1.139%,941916363.00,Ireland,2021,20841,Health Care,Biotechnology: Pharmaceutical Preparations
GILD,Gilead Sciences Inc. Common Stock,$141.56,-2.84,-1.967%,175735489944.00,United States,1992,1499795,Health Care,Biotechnology: Biological Products (No Diagnostic Substances)
GJS,Goldman Sachs Group Securities STRATS Trust for Goldman Sachs Group Securities Series 2006-2,$23.62,0.00,0.00%,7370361959.00,United States,,70,Finance,Finance: Consumer Services
GKOS,Glaukos Corporation Common Stock,$102.82,-0.11,-0.107%,5971663450.00,United States,2015,75561,Health Care,Medical/Dental Instruments
GL,Globe Life Inc. Common Stock,$139.24,-0.46,-0.329%,10949433981.00,United States,,55316,Finance,Life Insurance
GLOB,Globant S.A. Common Shares,$44.765,0.135,0.302%,1932932824.00,United States,2014,217797,Technology,EDP Services
GLOO,Gloo Holdings Inc. Class A Common Stock,$5.76,0.11,1.947%,465742356.00,United States,2025,19950,Technology,EDP Services
GLP,Global Partners LP Common Units representing Limited Partner Interests,$47.115,-0.355,-0.748%,1601700951.00,United States,2005,3470,Energy,Oil Refining/Marketing
GLSI,Greenwich LifeSciences Inc. Common Stock,$27.71,-2.34,-7.787%,383909276.00,United States,2020,63538,Health Care,Biotechnology: Pharmaceutical Preparations
GLUE,Monte Rosa Therapeutics Inc. Common Stock,$15.74,-0.29,-1.809%,1024953558.00,United States,2021,352105,Health Care,Biotechnology: Biological Products (No Diagnostic Substances)
GLXY,Galaxy Digital Inc. Class A Common Stock,$22.66,-0.84,-3.574%,8851230078.00,United States,,1050550,Finance,Investment Bankers/Brokers/Service
GMED,Globus Medical Inc. Class A Common Stock,$87.415,-0.745,-0.845%,11823145453.00,United States,2012,255392,Health Care,Medical/Dental Instruments
GNW,Genworth Financial Inc Common Stock,$8.09,0.02,0.248%,3135773370.00,United States,2004,601934,Finance,Life Insurance
GPCR,Structure Therapeutics Inc. American Depositary Shares,$51.57,-4.58,-8.157%,3653312245.00,United States,2023,364961,Health Care,Biotechnology: Pharmaceutical Preparations
GPGI,GPGI Inc. Class A Common Stock,$18.00,0.72,4.167%,5213566566.00,United States,,1364364,Finance,Finance: Consumer Services
GPOR,Gulfport Energy Corporation Common Shares,$199.01,-0.71,-0.355%,3693310169.00,United States,2021,32479,Energy,Oil & Gas Production
GRAL,GRAIL Inc. Common Stock ,$50.545,3.175,6.703%,2073368789.00,United States,,458283,Health Care,Medical Specialities
GREEL,Greenidge Generation Holdings Inc. 8.50% Senior Notes due 2026,$20.35,-0.14,-0.683%,318954036.00,United States,,6664,Finance,Finance: Consumer Services
GRNT,Granite Ridge Resources Inc. Common Stock,$5.32,0.01,0.188%,699393348.00,United States,2022,148295,Energy,Oil & Gas Production
GROY,Gold Royalty Corp. Common Shares,$3.675,-0.175,-4.545%,639195429.00,Canada,2021,1063395,Basic Materials,Precious Metals
GSBC,Great Southern Bancorp Inc. Common Stock,$60.485,-0.415,-0.681%,663105100.00,United States,1989,15527,Finance,Major Banks
GSBD,Goldman Sachs BDC Inc. Common Stock,$9.425,0.135,1.453%,1060963456.00,United States,2015,346421,Finance,Investment Managers
GSHD,Goosehead Insurance Inc. Class A Common Stock,$45.155,0.125,0.278%,1652166316.00,United States,2018,78157,Finance,Specialty Insurers
GSK,GSK plc American Depositary Shares (Each representing two Ordinary Shares),$52.2001,-1.2099,-2.265%,106457539260.00,United Kingdom,2022,1717428,Health Care,Biotechnology: Pharmaceutical Preparations
GSM,Ferroglobe PLC Ordinary Shares,$4.135,-0.175,-4.06%,771697977.00,United Kingdom,,496950,Basic Materials,Metal Mining
GTLB,GitLab Inc. Class A Common Stock,$22.98,0.10,0.437%,3869832000.00,United States,2021,800903,Technology,Computer Software: Prepackaged Software
GTM,ZoomInfo Technologies Inc Common Stock,$5.90,0.04,0.683%,1801238400.00,United States,2020,698531,Technology,Computer Software: Prepackaged Software
GTY,Getty Realty Corporation Common Stock,$33.56,-0.26,-0.769%,2007442780.00,United States,,50843,Finance,Real Estate
GUT,Gabelli Utility Trust (The) Common Stock,$5.992,-0.008,-0.133%,439806982.00,United States,,45736,Finance,Trusts Except Educational Religious and Charitable
GWRE,Guidewire Software Inc. Common Stock,$158.07,-5.04,-3.09%,13381806283.00,United States,2012,304267,Technology,Computer Software: Prepackaged Software
GYRE,Gyre Therapeutics Inc. Common Stock,$7.22,-0.43,-5.621%,700077271.00,United States,2006,48777,Health Care,Biotechnology: Pharmaceutical Preparations
HAE,Haemonetics Corporation Common Stock,$59.875,-0.175,-0.291%,2782472081.00,United States,1991,104397,Health Care,Medical/Dental Instruments
HAFC,Hanmi Financial Corporation Common Stock,$25.29,-0.12,-0.472%,755983576.00,United States,,46089,Finance,Major Banks
HAL,Halliburton Company Common Stock,$35.94,0.30,0.842%,30101487519.00,United States,,3999011,Energy,Oilfield Services/Equipment
HALO,Halozyme Therapeutics Inc. Common Stock,$63.42,-1.71,-2.626%,7484638140.00,United States,,222844,Health Care,Biotechnology: Biological Products (No Diagnostic Substances)
HASI,HA Sustainable Infrastructure Capital Inc. Common Stock,$36.64,0.14,0.384%,4696682718.00,United States,2013,155653,Finance,Finance/Investors Services
HBAN,Huntington Bancshares Incorporated Common Stock,$15.275,0.04,0.263%,31117002807.00,United States,,5145966,Finance,Major Banks
HBANL,Huntington Bancshares Incorporated Depositary Shares Each Representing a 1/40th Interest in a Share of 6.875% Series J Non-Cumulative Perpetual Preferred Stock,$25.14,0.02,0.08%,51213188252.00,United States,,2548,Finance,Major Banks
HBANM,Huntington Bancshares Incorporated Depositary Shares each representing a 1/1000th interest in a share of Huntington Series I Preferred Stock,$22.17,-0.11,-0.494%,45162942862.00,United States,,1568,Finance,Major Banks
HBANP,Huntington Bancshares Incorporated Depositary Shares 4.500% Series H Non-Cumulative Perpetual Preferred Stock,$17.52,-0.07,-0.398%,35690336443.00,United States,,2555,Finance,Major Banks
HBANZ,Huntington Bancshares Incorporated Depositary Shares Each Representing a 1/1000th Interest in a Share of 5.50% Series L Non-Cumulative Perpetual Preferred Stock,$21.035,0.005,0.024%,42850812048.00,United States,,1068,Finance,Major Banks
HBCP,Home Bancorp Inc. Common Stock,$58.24,-0.43,-0.733%,456388791.00,United States,2008,98621,Finance,Banks
HBM,Hudbay Minerals Inc. Ordinary Shares (Canada),$20.095,-1.115,-5.257%,7974602506.00,Canada,,1707267,Basic Materials,Metal Mining
HBNC,Horizon Bancorp Inc. Common Stock,$15.65,-0.24,-1.51%,801686055.00,United States,,54158,Finance,Major Banks
HBT,HBT Financial Inc. Common Stock,$26.11,-0.44,-1.657%,820687536.00,United States,2019,7293,Finance,Major Banks
HCA,HCA Healthcare Inc. Common Stock,$509.735,-0.135,-0.026%,113960926884.00,United States,2011,219048,Health Care,Hospital/Nursing Management
HCC,Warrior Met Coal Inc. Common Stock,$86.42,0.22,0.255%,4562926741.00,United States,2017,76904,Energy,Coal Mining
HCI,HCI Group Inc. Common Stock,$158.56,-2.62,-1.626%,2060004385.00,United States,,30116,Finance,Property-Casualty Insurers
HCSG,Healthcare Services Group Inc. Common Stock,$19.79,-0.10,-0.503%,1390595448.00,United States,1983,79110,Health Care,Hospital/Nursing Management
HCXY,Hercules Capital Inc. 6.25% Notes due 2033,$25.35,0.05,0.198%,4605478564.00,United States,2018,110,Finance,Investment Managers
HESM,Hess Midstream LP Class A Representing Limited Partner Interests,$39.335,-0.285,-0.719%,5090076603.00,United States,2017,290121,Energy,Oil & Gas Production
HFWA,Heritage Financial Corporation Common Stock,$24.645,-0.415,-1.656%,1013675960.00,United States,,82715,Finance,Banks
HGTY,Hagerty Inc. Class A Common Stock,$10.465,-0.025,-0.238%,3585504580.00,United States,2021,23867,Finance,Specialty Insurers
HIFS,Hingham Institution for Savings Common Stock,$268.03,-1.53,-0.568%,575567622.00,United States,,50717,Finance,Banks
HIG,The Hartford Insurance Group Inc. Common Stock,$133.935,-1.395,-1.031%,36947740371.00,United States,,181349,Finance,Property-Casualty Insurers
HIMS,Hims & Hers Health Inc. Class A Common Stock,$24.10,-0.88,-3.523%,5493324261.00,United States,2019,13320907,Health Care,Medical/Nursing Services
HIPO,Hippo Holdings Inc. Common Stock,$25.99,-0.35,-1.329%,674985718.00,United States,2021,20552,Finance,Property-Casualty Insurers
HIVE,HIVE Digital Technologies Ltd. Common Shares,$2.185,-0.025,-1.131%,544493166.00,Canada,,2744813,Finance,Finance: Consumer Services
HLI,Houlihan Lokey Inc. Class A Common Stock,$140.37,0.09,0.064%,9795762421.00,United States,2015,71771,Finance,Investment Managers
HLIT,Harmonic Inc. Common Stock,$9.48,-0.06,-0.629%,1045097535.00,United States,1995,199135,Technology,Radio And Television Broadcasting And Communications Equipment
HLNE,Hamilton Lane Incorporated Class A Common Stock,$103.495,2.935,2.919%,5772445423.00,United States,2017,296306,Finance,Investment Managers
HLX,Helix Energy Solutions Group Inc. Common Stock,$9.51,0.03,0.316%,1400785835.00,United States,,506258,Energy,Oilfield Services/Equipment
HMN,Horace Mann Educators Corporation Common Stock,$41.81,-0.35,-0.83%,1691195686.00,United States,1991,40806,Finance,Property-Casualty Insurers
HNGE,Hinge Health Inc. Class A Common Stock,$43.73,-0.38,-0.861%,3444316485.00,United States,2025,146935,Technology,EDP Services
HNRG,Hallador Energy Company Common Stock,$16.50,-0.25,-1.493%,775887668.00,United States,,105785,Energy,Coal Mining
HOLX,Hologic Inc. Common Stock,$75.145,0.095,0.127%,16775738386.00,United States,1990,1099389,Health Care,Medical Electronics
HOMB,Home BancShares Inc. Common Stock,$26.03,-0.39,-1.476%,5118387653.00,United States,2006,292297,Finance,Major Banks
HOOD,Robinhood Markets Inc. Class A Common Stock,$75.7116,-1.6384,-2.118%,68163788700.00,United States,2021,8149301,Finance,Investment Bankers/Brokers/Service
HOPE,Hope Bancorp Inc. Common Stock,$10.74,-0.09,-0.831%,1373080947.00,United States,,151707,Finance,Major Banks
HP,Helmerich & Payne Inc. Common Stock,$35.93,0.32,0.899%,3587592104.00,United States,,342098,Energy,Oil & Gas Production
HPE,Hewlett Packard Enterprise Company Common Stock,$21.81,0.14,0.646%,28938687681.00,United States,2015,1932628,Technology,Retail: Computer Software & Peripheral Equipment
HPK,HighPeak Energy Inc. Common Stock,$6.695,-0.005,-0.075%,845967506.00,United States,,205555,Energy,Oil & Gas Production
HPP,Hudson Pacific Properties Inc. Common Stock,$5.945,-0.205,-3.333%,322468833.00,United States,2010,168722,Finance,Real Estate
HPQ,HP Inc. Common Stock,$18.60,-0.15,-0.80%,17070798247.00,United States,,3480188,Technology,Computer Manufacturing
HQH,abrdn Healthcare Investors Shares of Beneficial Interest,$18.17,-0.19,-1.035%,860235501.00,United States,1987,46363,Finance,Finance Companies
HQL,abrdn Life Sciences Investors Shares of Beneficial Interest,$16.41,-0.21,-1.264%,421402827.00,United States,1992,30234,Finance,Investment Managers
HRMY,Harmony Biosciences Holdings Inc. Common Stock,$28.03,-0.34,-1.198%,1621272410.00,United States,2020,97565,Health Care,Biotechnology: Pharmaceutical Preparations
HROW,Harrow Inc. Common Stock,$35.295,0.065,0.185%,1314022438.00,United States,,128557,Health Care,Biotechnology: Pharmaceutical Preparations
HRTG,Heritage Insurance Holdings Inc. Common Stock,$27.60,-0.47,-1.674%,847897337.00,United States,2014,36383,Finance,Property-Casualty Insurers
HSIC,Henry Schein Inc. Common Stock,$73.83,-1.04,-1.389%,8468605253.00,United States,1995,167540,Health Care,Medical Specialities
HSTM,HealthStream Inc. Common Stock,$20.77,-0.16,-0.764%,609731390.00,United States,2000,35323,Technology,Computer Software: Programming Data Processing
HTB,HomeTrust Bancshares Inc. Common Stock,$41.84,-0.31,-0.735%,708286474.00,United States,,9803,Finance,Savings Institutions
HTBK,Heritage Commerce Corp Common Stock,$12.08,-0.16,-1.307%,744046871.00,United States,,171189,Finance,Major Banks
HTFC,Horizon Technology Finance Corporation 6.25% Notes due 2027,$24.70,-0.09,-0.363%,1050879259.00,United States,2022,650,Finance,Finance: Consumer Services
HTFL,Heartflow Inc. Common Stock,$24.17,1.65,7.327%,2058286238.00,United States,2025,336608,Health Care,Medical/Dental Instruments
HTGC,Hercules Capital Inc. Common Stock,$14.66,0.15,1.034%,2692975106.00,United States,2012,511066,Finance,Investment Managers
HTH,Hilltop Holdings Inc.,$34.64,-0.34,-0.972%,2059332654.00,United States,,96009,Finance,Major Banks
HTT,High Templar Tech Limited American depositary shares each representing one Class A ordinary share,$2.64,-0.03,-1.124%,435933939.00,China,2017,21602,Finance,Finance: Consumer Services
HUBB,Hubbell Inc Common Stock,$472.655,1.435,0.305%,25127096993.00,United States,2015,142699,Technology,Electrical Products
HUBS,HubSpot Inc. Common Stock,$265.755,0.205,0.077%,14016061145.00,United States,2014,200813,Technology,Computer Software: Prepackaged Software
HUM,Humana Inc. Common Stock,$168.10,-2.67,-1.564%,20272182053.00,United States,,194078,Health Care,Medical Specialities
HUT,Hut 8 Corp. Common Stock,$49.26,-2.53,-4.885%,5462307610.00,United States,,1048570,Finance,Finance: Consumer Services
HUYA,HUYA Inc. American depositary shares each  representing one Class A ordinary share,$3.515,0.365,11.587%,785636627.00,United States,2018,2144043,Technology,Computer Software: Programming Data Processing
HWC,Hancock Whitney Corporation Common Stock,$61.19,-0.65,-1.051%,4996955360.00,United States,,198076,Finance,Major Banks
HWCPZ,Hancock Whitney Corporation 6.25% Subordinated Notes due 2060,$22.66,-0.16,-0.701%,1920547801.00,United States,,2737,Finance,Major Banks
HYMC,Hycroft Mining Holding Corporation Class A Common Stock,$36.455,-3.825,-9.496%,3318718729.00,United States,2018,1974426,Basic Materials,Precious Metals
IAC,IAC Inc. Common Stock,$38.41,-0.12,-0.311%,2954034897.00,United States,,91279,Technology,Computer Software: Programming Data Processing
IAG,Iamgold Corporation Ordinary Shares,$18.25,-1.15,-5.928%,10745600000.00,Canada,,2991315,Basic Materials,Precious Metals
IART,Integra LifeSciences Holdings Corporation Common Stock,$8.94,-0.16,-1.758%,696758640.00,United States,,93064,Health Care,Medical/Dental Instruments
IAUX,i-80 Gold Corp. Common Shares,$1.4001,-0.2199,-13.574%,1176227202.00,Canada,2022,25517177,Basic Materials,Precious Metals
IBCP,Independent Bank Corporation Common Stock,$32.805,-0.325,-0.981%,675403971.00,United States,,24890,Finance,Major Banks
IBKR,Interactive Brokers Group Inc. Class A Common Stock,$69.20,0.57,0.831%,30836660208.00,United States,2019,509340,Finance,Investment Bankers/Brokers/Service
IBOC,International Bancshares Corporation Common Stock,$66.415,-0.625,-0.932%,4129533207.00,United States,,69812,Finance,Major Banks
IBRX,ImmunityBio Inc. Common Stock,$8.4875,0.2775,3.38%,8726095983.00,United States,2015,8679864,Health Care,Biotechnology: Biological Products (No Diagnostic Substances)
ICE,Intercontinental Exchange Inc. Common Stock,$158.86,-1.96,-1.219%,90216040055.00,United States,2005,367821,Finance,Investment Bankers/Brokers/Service
ICHR,Ichor Holdings Ordinary Shares,$47.235,-0.385,-0.808%,1636425022.00,United States,2016,125848,Technology,Semiconductors
ICLR,ICON plc Ordinary Shares,$98.425,-2.065,-2.055%,7948493946.00,Ireland,1998,320502,Health Care,Biotechnology: Commercial Physical & Biological Resarch
ICUI,ICU Medical Inc. Common Stock,$129.37,-1.18,-0.904%,3194180877.00,United States,1992,125971,Health Care,Medical/Dental Instruments
IDR,Idaho Strategic Resources Inc. Common Stock,$30.70,-2.95,-8.767%,478685882.00,United States,2022,129244,Basic Materials,Precious Metals
IDXX,IDEXX Laboratories Inc. Common Stock,$583.11,-3.87,-0.659%,46368288520.00,United States,1991,115991,Health Care,Biotechnology: In Vitro & In Vivo Diagnostic Substances
IDYA,IDEAYA Biosciences Inc. Common Stock,$33.25,-1.02,-2.976%,2919816398.00,United States,2019,206927,Health Care,Biotechnology: Pharmaceutical Preparations
IE,Ivanhoe Electric Inc. Common Stock,$11.99,-0.39,-3.15%,1876550692.00,Canada,2022,828980,Basic Materials,Metal Mining
IIIV,i3 Verticals Inc. Class A Common Stock,$22.61,-0.20,-0.877%,689058991.00,United States,2018,72127,Technology,Computer Software: Prepackaged Software
IIM,Invesco Value Municipal Income Trust Common Stock,$12.90,0.07,0.546%,607182863.00,United States,,55617,Finance,Investment Managers
IIPR,Innovative Industrial Properties Inc. Common Stock,$53.85,0.65,1.222%,1515116330.00,United States,2016,47407,Finance,Real Estate
IKT,Inhibikase Therapeutics Inc. Common Stock,$1.865,-0.095,-4.847%,356513609.00,United States,2020,384668,Health Care,Biotechnology: Biological Products (No Diagnostic Substances)
ILMN,Illumina Inc. Common Stock,$122.1625,1.3225,1.094%,18678646250.00,United States,2000,251528,Health Care,Medical Specialities
IMCR,Immunocore Holdings plc American Depositary Shares,$30.27,-0.46,-1.497%,1455634233.00,United Kingdom,2021,61922,Health Care,Biotechnology: Biological Products (No Diagnostic Substances)
IMMX,Immix Biopharma Inc. Common Stock,$10.195,-0.925,-8.318%,539877550.00,United States,2021,416517,Health Care,Biotechnology: Pharmaceutical Preparations
IMNM,Immunome Inc. Common Stock,$20.605,-0.105,-0.507%,2331109565.00,United States,2020,151075,Health Care,Biotechnology: Pharmaceutical Preparations
IMO,Imperial Oil Limited Common Stock,$124.60,-0.30,-0.24%,60255687800.00,Canada,1929,153628,Energy,Integrated oil Companies
IMRX,Immuneering Corporation Class A Common Stock,$4.77,-0.03,-0.625%,308394457.00,United States,2021,396780,Health Care,Biotechnology: Pharmaceutical Preparations
IMVT,Immunovant Inc. Common Stock,$23.78,-1.32,-5.259%,4839995240.00,United States,2019,342192,Health Care,Biotechnology: Biological Products (No Diagnostic Substances)
INBX,Inhibrx Biosciences Inc. Common Stock,$67.05,-2.66,-3.816%,975157633.00,United States,,47899,Health Care,Biotechnology: Biological Products (No Diagnostic Substances)
INCY,Incyte Corp. Common Stock,$91.82,-2.40,-2.547%,18273510105.00,United States,,413951,Health Care,Biotechnology: Commercial Physical & Biological Resarch
INDB,Independent Bank Corp. Common Stock,$73.83,-0.59,-0.793%,3616584330.00,United States,,46498,Finance,Major Banks
INDI,indie Semiconductor Inc. Class A Common Stock,$2.625,0.005,0.191%,587109351.00,United States,,382572,Technology,Semiconductors
INDV,Indivior Pharmaceuticals Inc. Common Stock,$30.965,-0.365,-1.165%,3863497476.00,United Kingdom,,539218,Health Care,Biotechnology: Pharmaceutical Preparations
INGM,Ingram Micro Holding Corporation Common Stock,$21.95,-0.41,-1.834%,5159889533.00,United States,2024,78679,Technology,Retail: Computer Software & Peripheral Equipment
INNV,InnovAge Holding Corp. Common Stock,$8.545,0.025,0.293%,1159551980.00,United States,2021,104924,Health Care,Medical/Nursing Services
INOD,Innodata Inc. Common Stock,$45.32,-0.11,-0.242%,1477540632.00,United States,1993,166819,Technology,EDP Services
INR,Infinity Natural Resources Inc. Class A Common Stock,$18.17,0.02,0.11%,1152226457.00,United States,2025,53917,Energy,Oil & Gas Production
INSM,Insmed Incorporated Common Stock,$142.65,-1.28,-0.889%,30748477964.00,United States,,292275,Health Care,Biotechnology: Pharmaceutical Preparations
INSP,Inspire Medical Systems Inc. Common Stock,$57.605,2.455,4.451%,1658868870.00,United States,2018,291751,Health Care,Medical/Dental Instruments
INTA,Intapp Inc. Common Stock,$25.485,0.215,0.851%,2048886683.00,United States,2021,88510,Technology,Computer Software: Prepackaged Software
INTU,Intuit Inc. Common Stock,$448.64,-10.64,-2.317%,124071392000.00,United States,1993,522521,Technology,Computer Software: Prepackaged Software
INVA,Innoviva Inc. Common Stock,$21.94,-0.12,-0.544%,1625175793.00,United States,2004,139981,Health Care,Biotechnology: Pharmaceutical Preparations
INVH,Invitation Homes Inc. Common Stock,$25.23,-0.17,-0.669%,15374811126.00,United States,2017,429811,Finance,Real Estate
IONQ,IonQ Inc. Common Stock,$33.43,0.12,0.36%,12256800473.00,United States,2021,6625318,Technology,EDP Services
IONS,Ionis Pharmaceuticals Inc. Common Stock,$71.27,-1.06,-1.466%,11773234624.00,United States,,561845,Health Care,Biotechnology: Pharmaceutical Preparations
IOT,Samsara Inc. Class A Common Stock,$33.66,-0.05,-0.148%,19546910557.00,United States,2021,1730782,Technology,EDP Services
IOVA,Iovance Biotherapeutics Inc. Common Stock,$3.8372,-0.0528,-1.357%,1580779078.00,United States,,3513564,Health Care,Biotechnology: Biological Products (No Diagnostic Substances)
IP,International Paper Company Common Stock,$36.68,-0.71,-1.899%,19420938582.00,United States,,1155728,Basic Materials,Paper
IPGP,IPG Photonics Corporation Common Stock,$117.86,2.36,2.043%,4972672865.00,United States,2006,69133,Technology,Semiconductors
IPSC,Century Therapeutics Inc. Common Stock,$2.275,-0.015,-0.655%,408869256.00,United States,2021,316559,Health Care,Biotechnology: Biological Products (No Diagnostic Substances)
IPX,IperionX Limited American Depositary Share,$26.995,-1.125,-4.001%,916167297.00,United States,,119947,Basic Materials,Other Metals and Minerals
IQI,Invesco Quality Municipal Income Trust Common Stock,$10.015,0.00,0.00%,529631227.00,United States,,16669,Finance,Finance Companies
IQV,IQVIA Holdings Inc. Common Stock,$167.32,-1.11,-0.659%,28397159540.00,United States,2013,228823,Health Care,Biotechnology: Commercial Physical & Biological Resarch
IRD,Opus Genetics Inc. Common Stock,$4.69,-0.11,-2.292%,333689021.00,United States,,291443,Health Care,Biotechnology: Pharmaceutical Preparations
IRMD,iRadimed Corporation Common Stock,$101.34,-1.46,-1.42%,1295385238.00,United States,2014,25995,Health Care,Medical/Dental Instruments
IRON,Disc Medicine Inc. Common Stock,$58.88,-1.10,-1.834%,2246864627.00,United States,,115657,Health Care,Biotechnology: Pharmaceutical Preparations
IRTC,iRhythm Holdings Inc. Common Stock,$116.50,-1.03,-0.876%,3764902540.00,United States,2016,108587,Health Care,Medical/Dental Instruments
IRWD,Ironwood Pharmaceuticals Inc. Class A Common Stock,$3.21,-0.04,-1.231%,523417194.00,United States,2010,1123380,Health Care,Biotechnology: Pharmaceutical Preparations
ISBA,Isabella Bank Corporation Common stock,$44.955,0.175,0.391%,329521768.00,United States,,9377,Finance,Major Banks
ISRG,Intuitive Surgical Inc. Common Stock,$478.44,-4.32,-0.895%,169908510590.00,United States,2000,519782,Health Care,Industrial Specialties
ISSC,Innovative Solutions and Support Inc. Common Stock,$29.94,-0.19,-0.631%,532283589.00,United States,2000,166442,Technology,EDP Services
ISTR,Investar Holding Corporation Common Stock,$26.64,-0.41,-1.516%,366300666.00,United States,2014,31111,Finance,Major Banks
ITGR,Integer Holdings Corporation Common Stock,$86.545,-0.665,-0.763%,2977783846.00,United States,,92524,Health Care,Biotechnology: Electromedical & Electrotherapeutic Apparatus
ITIC,Investors Title Company Common Stock,$224.43,-1.89,-0.835%,423628233.00,United States,,4896,Finance,Specialty Insurers
IVVD,Invivyd Inc. Common Stock,$1.52,-0.07,-4.403%,429543988.00,United States,2021,829249,Health Care,Biotechnology: Biological Products (No Diagnostic Substances)
IVZ,Invesco Ltd Common Stock,$23.73,0.00,0.00%,10528378728.00,United States,,885708,Finance,Investment Managers
JANX,Janux Therapeutics Inc. Common Stock,$13.86,-0.19,-1.352%,843126752.00,United States,2021,146460,Health Care,Biotechnology: Pharmaceutical Preparations
JAZZ,Jazz Pharmaceuticals plc Common Stock (Ireland),$178.99,-2.38,-1.312%,11018687047.00,Ireland,2007,182307,Health Care,Biotechnology: Pharmaceutical Preparations
JBIO,Jade Biosciences Inc. Common Stock,$13.80,-0.17,-1.217%,680564761.00,United States,2021,64698,Health Care,Biotechnology: Pharmaceutical Preparations
JBL,Jabil Inc. Common Stock,$257.4475,-4.9025,-1.869%,27185237501.00,United States,1993,1465166,Technology,Electrical Products
JCAP,Jefferson Capital Inc. Common Stock,$20.025,-0.245,-1.209%,1107965708.00,United States,2025,63744,Finance,Finance Companies
JEF,Jefferies Financial Group Inc. Common Stock,$38.57,0.49,1.287%,7966584516.00,United States,,417294,Finance,Investment Bankers/Brokers/Service
JFIN,Jiayin Group Inc. American Depositary Shares,$6.00,-0.10,-1.639%,320217276.00,China,2019,9890,Finance,Finance: Consumer Services
JHG,Janus Henderson Group plc Ordinary Shares,$51.645,0.215,0.418%,7957234775.00,United Kingdom,2017,872442,Finance,Investment Managers
JKHY,Jack Henry & Associates Inc. Common Stock,$166.125,-0.645,-0.387%,11988804009.00,United States,1985,91583,Technology,EDP Services
JKS,JinkoSolar Holding Company Limited American Depositary Shares (each representing 4 Common Shares),$24.495,-0.415,-1.666%,1292621358.00,China,2010,106861,Technology,Semiconductors
JLL,Jones Lang LaSalle Incorporated Common Stock,$301.77,-1.23,-0.406%,14138368705.00,United States,,66473,Finance,Real Estate
JSM,Navient Corporation 6% Senior Notes due December 15 2043,$18.105,-0.105,-0.577%,1800198943.00,United States,,4957,Finance,Investment Bankers/Brokers/Service
JXN,Jackson Financial Inc. Class A Common Stock ,$104.50,0.68,0.655%,7386257087.00,United States,2021,109049,Finance,Life Insurance
KALV,KalVista Pharmaceuticals Inc. Common Stock,$15.955,-0.605,-3.653%,806466105.00,United Kingdom,2015,148280,Health Care,Biotechnology: Pharmaceutical Preparations
KB,KB Financial Group Inc,$102.235,-0.855,-0.829%,38195069507.00,South Korea,,73993,Finance,Commercial Banks
KC,Kingsoft Cloud Holdings Limited American Depositary Shares,$14.825,1.705,12.995%,4035152306.00,China,2020,2789153,Technology,Computer Software: Prepackaged Software
KD,Kyndryl Holdings Inc. Common Stock,$12.85,0.31,2.472%,2896996417.00,United States,2021,834114,Technology,EDP Services
KDK,Kodiak AI Inc. Common Stock ,$8.45,-0.20,-2.312%,1542592995.00,United States,,40295,Technology,EDP Services
KE,Kimball Electronics Inc. Common Stock,$23.32,-0.04,-0.171%,564673605.00,United States,,27243,Technology,Electrical Products
KEY,KeyCorp Common Stock,$19.115,0.015,0.079%,20828610663.00,United States,,3888795,Finance,Major Banks
KFS,Kingsway Financial Services Inc. Common Stock (DE),$10.89,-0.13,-1.18%,315229171.00,Canada,,44389,Finance,Property-Casualty Insurers
KGC,Kinross Gold Corporation Common Stock,$29.23,-1.77,-5.71%,35070154000.00,Canada,2001,4726387,Basic Materials,Precious Metals
KIDS,OrthoPediatrics Corp. Common Stock,$16.80,-0.41,-2.382%,424683622.00,United States,2017,41194,Health Care,Medical/Dental Instruments
KKR,KKR & Co. Inc. Common Stock,$90.70,1.73,1.944%,80863666086.00,United States,,1954167,Finance,Investment Managers
KKRS,KKR Group Finance Co. IX LLC 4.625% Subordinated Notes due 2061,$17.08,0.00,0.00%,15227689270.00,United States,2021,2578,Finance,Investment Managers
KLAC,KLA Corporation Common Stock,$1493.47,12.12,0.818%,195758986230.00,United States,1980,150655,Technology,Electronic Components
KMPB,Kemper Corporation 5.875% Fixed-Rate Reset Junior Subordinated Debentures due 2062,$22.81,0.04,0.176%,1339279775.00,United States,2022,7025,Finance,Property-Casualty Insurers
KMPR,Kemper Corporation,$29.98,-0.22,-0.728%,1760263378.00,United States,,62592,Finance,Property-Casualty Insurers
KMTS,Kestra Medical Technologies Ltd. Common Stock,$20.61,-0.53,-2.507%,1202573982.00,United States,2025,192279,Health Care,Medical/Dental Instruments
KNSA,Kiniksa Pharmaceuticals International plc Class A Ordinary Shares,$45.55,-1.47,-3.126%,3486186422.00,United States,2018,194906,Health Care,Biotechnology: Pharmaceutical Preparations
KNSL,Kinsale Capital Group Inc. Common Stock,$347.14,-8.60,-2.417%,8037355331.00,United States,,42811,Finance,Property-Casualty Insurers
KOD,Kodiak Sciences Inc Common Stock,$22.80,-1.05,-4.403%,1366975892.00,United States,2018,80634,Health Care,Biotechnology: Biological Products (No Diagnostic Substances)
KOP,Koppers Holdings Inc. Common Stock,$37.95,0.23,0.61%,745313598.00,United States,2006,42139,Basic Materials,Forest Products
KOPN,Kopin Corporation Common Stock,$2.115,-0.045,-2.083%,390758155.00,United States,1992,507382,Technology,Semiconductors
KRNY,Kearny Financial Corp Common Stock,$7.11,-0.06,-0.837%,460295364.00,United States,2005,69471,Finance,Savings Institutions
KRO,Kronos Worldwide Inc Common Stock,$5.58,0.10,1.825%,641996387.00,United States,,38530,Basic Materials,Major Chemicals
KRP,Kimbell Royalty Partners Common Units Representing Limited Partner Interests,$14.28,-0.39,-2.658%,1540641040.00,United States,2017,299813,Energy,Oil & Gas Production
KRYS,Krystal Biotech Inc. Common Stock,$250.875,-5.455,-2.128%,7333625415.00,United States,2017,61247,Health Care,Biotechnology: Biological Products (No Diagnostic Substances)
KTF,DWS Municipal Income Trust,$9.21,0.015,0.163%,363803639.00,United States,1988,39488,Finance,Finance Companies
KURA,Kura Oncology Inc. Common Stock,$8.325,-0.255,-2.972%,735345244.00,United States,,145842,Health Care,Biotechnology: Pharmaceutical Preparations
KVYO,Klaviyo Inc. Series A Common Stock,$19.18,0.06,0.314%,5845567698.00,United States,2023,314773,Technology,Computer Software: Prepackaged Software
KW,Kennedy-Wilson Holdings Inc. Common Stock,$10.885,-0.005,-0.046%,1507186235.00,United States,,256756,Finance,Real Estate
KYMR,Kymera Therapeutics Inc. Common Stock,$79.335,-1.875,-2.309%,6477099328.00,United States,2020,64801,Health Care,Biotechnology: Biological Products (No Diagnostic Substances)
KYN,Kayne Anderson Energy Infrastructure Fund Inc.,$13.995,-0.075,-0.533%,1905160762.00,United States,2004,75558,Finance,Finance/Investors Services
KYTX,Kyverna Therapeutics Inc. Common Stock,$8.52,-0.28,-3.182%,486725618.00,United States,2024,250406,Health Care,Biotechnology: Biological Products (No Diagnostic Substances)
L,Loews Corporation Common Stock,$107.46,-1.12,-1.031%,22142441840.00,United States,,47837,Finance,Property-Casualty Insurers
LAC,Lithium Americas Corp. Common Shares,$4.3464,-0.1536,-3.413%,1319081495.00,Canada,2023,2574526,Basic Materials,Metal Mining
LAR,Lithium Argentina AG Common Shares,$6.32,-0.31,-4.676%,1025736000.00,Canada,2023,858790,Basic Materials,Metal Mining
LASR,nLIGHT Inc. Common Stock,$69.935,-1.205,-1.694%,3901765894.00,United States,2018,723188,Technology,Semiconductors
LBRT,Liberty Energy Inc. Class A common stock,$31.575,0.435,1.397%,5116776933.00,United States,2018,769296,Energy,Oilfield Services/Equipment
LBRX,LB Pharmaceuticals Inc Common Stock,$24.24,-0.18,-0.737%,613250232.00,United States,2025,45478,Health Care,Biotechnology: Pharmaceutical Preparations
LC,LendingClub Corporation Common Stock,$14.099,-0.021,-0.149%,1623931251.00,United States,2014,274337,Finance,Finance: Consumer Services
LCTX,Lineage Cell Therapeutics Inc. Common Stock,$1.545,-0.035,-2.215%,384840232.00,United States,,331260,Health Care,Biotechnology: Biological Products (No Diagnostic Substances)
LDI,loanDepot Inc. Class A Common Stock,$1.575,0.015,0.962%,360393576.00,United States,2021,876191,Finance,Finance: Consumer Services
LDOS,Leidos Holdings Inc. Common Stock,$168.52,-0.46,-0.272%,21299695108.00,United States,,216084,Technology,EDP Services
LEGN,Legend Biotech Corporation American Depositary Shares,$18.09,-0.46,-2.48%,3345847672.00,United States,2020,285999,Health Care,Biotechnology: Pharmaceutical Preparations
LENZ,LENZ Therapeutics Inc. Common Stock,$12.05,-0.45,-3.60%,377044126.00,United States,2021,258620,Health Care,Biotechnology: Biological Products (No Diagnostic Substances)
LEO,BNY Mellon Strategic Municipals Inc. Common Stock,$6.35,0.00,0.00%,395546923.00,United States,1987,50597,Finance,Trusts Except Educational Religious and Charitable
LFMDP,LifeMD Inc. 8.875% Series A Cumulative Perpetual Preferred Stock,$23.30,0.30,1.304%,1117790565.00,United States,,221,Health Care,Medical/Nursing Services
LFST,LifeStance Health Group Inc. Common Stock,$6.4523,-0.1277,-1.941%,2514998206.00,United States,2021,299912,Health Care,Medical/Nursing Services
LFUS,Littelfuse Inc. Common Stock,$334.91,-1.17,-0.348%,8427043265.00,United States,,32587,Energy,Electrical Products
LGND,Ligand Pharmaceuticals Incorporated Common Stock,$209.40,-1.59,-0.754%,4175674925.00,United States,,39726,Health Care,Biotechnology: Pharmaceutical Preparations
LH,Labcorp Holdings Inc. Common Stock,$271.08,0.46,0.17%,22336992000.00,United States,,85546,Health Care,Medical Specialities
LIF,Life360 Inc. Common Stock,$41.51,-0.07,-0.168%,3329044426.00,United States,2024,371265,Technology,EDP Services
LIFE,Ethos Technologies Inc. Class A Common Stock,$10.96,-0.945,-7.938%,689855258.00,United States,2026,186193,Finance,Specialty Insurers
LIVN,LivaNova PLC Ordinary Shares,$62.59,0.16,0.256%,3423039339.00,United Kingdom,,228483,Health Care,Biotechnology: Electromedical & Electrotherapeutic Apparatus
LKFN,Lakeland Financial Corporation Common Stock,$55.43,-1.02,-1.807%,1400522261.00,United States,,31945,Finance,Major Banks
LMAT,LeMaitre Vascular Inc. Common Stock,$111.83,-0.40,-0.356%,2547304334.00,United States,2006,30731,Health Care,Medical/Dental Instruments
LMND,Lemonade Inc. Common Stock,$65.81,-1.06,-1.585%,5026794055.00,United States,2020,770357,Finance,Property-Casualty Insurers
LMRI,Lumexa Imaging Holdings Inc. Common Stock,$12.99,-0.05,-0.383%,1228407819.00,United States,2025,127252,Health Care,Medical Specialities
LNC,Lincoln National Corporation Common Stock,$34.805,0.265,0.767%,6616096581.00,United States,,475363,Finance,Life Insurance
LNKB,LINKBANCORP Inc. Common Stock,$8.25,-0.10,-1.198%,309107667.00,United States,,34836,Finance,Major Banks
LNTH,Lantheus Holdings Inc. Common Stock,$80.76,0.31,0.385%,5247106739.00,United States,2015,138746,Health Care,Biotechnology: In Vitro & In Vivo Diagnostic Substances
LOB,Live Oak Bancshares Inc. Common Stock,$32.055,-0.575,-1.762%,1481569406.00,United States,2022,91261,Finance,Major Banks
LOGI,Logitech International S.A. Ordinary Shares,$91.055,-1.535,-1.658%,13347656478.00,United States,1997,432498,Technology,Computer peripheral equipment
LPL,LG Display Co Ltd AMERICAN DEPOSITORY SHARES,$4.065,-0.015,-0.368%,4065000000.00,South Korea,2004,268559,Technology,Industrial Machinery/Components
LPLA,LPL Financial Holdings Inc. Common Stock,$291.13,-2.69,-0.916%,23313743095.00,United States,2010,178973,Finance,Investment Bankers/Brokers/Service
LPTH,LightPath Technologies Inc. Class A Common Stock,$11.69,-0.30,-2.502%,674613569.00,United States,1996,635773,Technology,Semiconductors
LPX,Louisiana-Pacific Corporation Common Stock,$76.085,-1.005,-1.304%,5313041647.00,United States,,91757,Basic Materials,Forest Products
LQDA,Liquidia Corporation Common Stock,$36.24,-0.62,-1.682%,3193266907.00,United States,2018,213882,Health Care,Biotechnology: Pharmaceutical Preparations
LRMR,Larimar Therapeutics Inc. Common Stock,$4.285,-0.095,-2.169%,366754830.00,United States,2014,380647,Health Care,Biotechnology: Pharmaceutical Preparations
LSCC,Lattice Semiconductor Corporation Common Stock,$92.825,0.665,0.722%,12697179293.00,United States,,227172,Technology,Semiconductors
LSPD,Lightspeed Commerce Inc. Subordinate Voting Shares,$9.27,0.13,1.422%,1272779705.00,Canada,,260402,Technology,Computer Software: Prepackaged Software
LU,Lufax Holding Ltd American Depositary Shares each representing two (2) Ordinary Shares,$2.285,0.005,0.219%,1980384118.00,China,,671320,Finance,Finance: Consumer Services
LX,LexinFintech Holdings Ltd. American Depositary Shares,$2.695,0.035,1.316%,453470135.00,China,2017,648730,Finance,Finance: Consumer Services
LXEO,Lexeo Therapeutics Inc. Common Stock,$5.98,-0.40,-6.27%,436464215.00,United States,2023,213454,Health Care,Biotechnology: Biological Products (No Diagnostic Substances)
LXFR,Luxfer Holdings PLC Ordinary Shares,$11.625,-0.185,-1.566%,309695045.00,United Kingdom,2012,69564,Basic Materials,Major Chemicals
LXRX,Lexicon Pharmaceuticals Inc. Common Stock,$1.58,-0.04,-2.469%,669415365.00,United States,,490115,Health Care,Biotechnology: Pharmaceutical Preparations
LXU,LSB Industries Inc. Common Stock,$14.705,-0.065,-0.44%,1056507812.00,United States,2003,371159,Basic Materials,Major Chemicals
LYEL,Lyell Immunopharma Inc. Common Stock,$19.60,-0.54,-2.681%,456820003.00,United States,2021,17431,Health Care,Biotechnology: Pharmaceutical Preparations
LYG,Lloyds Banking Group Plc American Depositary Shares,$5.195,0.035,0.678%,76995167283.00,United Kingdom,,8843942,Finance,Commercial Banks
LZ,LegalZoom.com Inc. Common Stock,$6.345,0.075,1.196%,1097192501.00,United States,2021,455863,Technology,EDP Services
MAAS,Maase Inc. Class A Ordinary Shares,$5.71,0.2199,4.005%,1826138077.00,China,2019,1137,Finance,Investment Managers
MAGN,Magnera Corporation Common Stock,$10.565,-0.285,-2.627%,379283500.00,United States,2000,100656,Basic Materials,Paper
MAIN,Main Street Capital Corporation Common Stock,$56.14,0.39,0.70%,5058485212.00,United States,2007,243635,Finance,Finance/Investors Services
MANH,Manhattan Associates Inc. Common Stock,$139.65,-0.97,-0.69%,8357710078.00,United States,1998,124757,Technology,Computer Software: Prepackaged Software
MARA,MARA Holdings Inc. Common Stock,$9.0218,-0.2182,-2.361%,3430400830.00,United States,,12352230,Technology,EDP Services
MASI,Masimo Corporation Common Stock,$176.195,0.225,0.128%,9196064233.00,United States,2007,666812,Health Care,Biotechnology: Electromedical & Electrotherapeutic Apparatus
MATV,Mativ Holdings Inc. Common Stock,$8.64,-0.02,-0.231%,473273643.00,United States,,87469,Basic Materials,Paper
MAZE,Maze Therapeutics Inc. Common Stock,$49.43,-0.96,-1.905%,2378544117.00,United States,2025,122526,Health Care,Biotechnology: Biological Products (No Diagnostic Substances)
MBIN,Merchants Bancorp Common Stock,$41.68,-0.25,-0.596%,1915698869.00,United States,2017,53689,Finance,Major Banks
MBINL,Merchants Bancorp Depositary Shares Each Representing a 1/40thInterest in a Share of 7.25% Fixed Rate Series E Non-CumulativePerpetual Preferred Stock without par value,$24.22,0.20,0.833%,1113201214.00,United States,,1791,Finance,Major Banks
MBINM,Merchants Bancorp Depositary Shares Each Representing a 1/40th Interest in a Share of 8.25% Fixed-Rate Reset Series D Non-Cumulative Perpetual Preferred Stock,$25.0201,-0.1099,-0.437%,1149975463.00,United States,,3336,Finance,Major Banks
MBINN,Merchants Bancorp Depositary Shares Preferred Series C,$20.21,0.00,0.00%,928893334.00,United States,,867,Finance,Major Banks
MBWM,Mercantile Bank Corporation Common Stock,$49.41,-0.30,-0.604%,853457003.00,United States,1998,99058,Finance,Major Banks
MBX,MBX Biosciences Inc. Common Stock,$27.66,-2.08,-6.994%,1314133321.00,United States,2024,126836,Health Care,Biotechnology: Pharmaceutical Preparations
MC,Moelis & Company Class A Common Stock,$53.48,0.25,0.47%,4151476076.00,United States,2014,265790,Finance,Investment Managers
MCB,Metropolitan Bank Holding Corp. Common Stock,$79.69,-0.27,-0.338%,806153364.00,United States,2017,39501,Finance,Major Banks
MCBS,MetroCity Bankshares Inc. Common Stock,$28.20,-0.07,-0.248%,810897430.00,United States,2019,23124,Finance,Major Banks
MCHB,Mechanics Bancorp Class A Common Stock,$14.08,-0.23,-1.607%,3114688192.00,United States,2012,97236,Finance,Major Banks
MCHP,Microchip Technology Incorporated Common Stock,$65.01,0.42,0.65%,35179216125.00,United States,1993,1136521,Technology,Semiconductors
MCHPP,Microchip Technology Incorporated Depositary Shares Each Representing a 1/20th Interest in a Share of 7.50% Series A Mandatory Convertible Preferred Stock,$57.66,0.39,0.681%,31201870508.00,United States,,4470,Technology,Semiconductors
MCI,Barings Corporate Investors Common Stock,$19.42,-0.11,-0.563%,393482583.00,United States,,2282,Finance,Trusts Except Educational Religious and Charitable
MCK,McKesson Corporation Common Stock,$938.26,-3.63,-0.385%,114925080467.00,United States,,128519,Health Care,Other Pharmaceuticals
MCO,Moody's Corporation Common Stock,$441.89,0.86,0.195%,78658132324.00,United States,,325399,Finance,Finance: Consumer Services
MCY,Mercury General Corporation Common Stock,$88.665,-0.965,-1.077%,4911032613.00,United States,,43070,Finance,Property-Casualty Insurers
MD,Pediatrix Medical Group Inc. Common Stock,$19.72,0.10,0.51%,1636781140.00,United States,,356027,Health Care,Hospital/Nursing Management
MDB,MongoDB Inc. Class A Common Stock,$272.815,0.545,0.20%,21926012509.00,United States,2017,273692,Technology,Computer Software: Prepackaged Software
MDGL,Madrigal Pharmaceuticals Inc. Common Stock,$441.13,-2.05,-0.463%,10119508525.00,United States,2007,64129,Health Care,Biotechnology: Pharmaceutical Preparations
MDLN,Medline Inc. Class A Common Stock,$41.81,-0.35,-0.83%,54925521556.00,United States,2025,628254,Health Care,Medical/Dental Instruments
MDT,Medtronic plc. Ordinary Shares,$87.57,-0.87,-0.984%,112429806297.00,United States,,1228316,Health Care,Biotechnology: Electromedical & Electrotherapeutic Apparatus
MDXG,MiMedx Group Inc Common Stock,$4.29,-0.07,-1.606%,637350654.00,United States,,156848,Health Care,Biotechnology: Pharmaceutical Preparations
MEDP,Medpace Holdings Inc. Common Stock,$459.81,4.66,1.024%,13049997736.00,United States,2016,74579,Health Care,Biotechnology: Commercial Physical & Biological Resarch
MET,MetLife Inc. Common Stock,$69.49,0.19,0.274%,45311223218.00,United States,2000,678133,Finance,Life Insurance
METC,Ramaco Resources Inc. Class A Common Stock,$13.705,-0.615,-4.295%,933002083.00,United States,2017,444000,Energy,Coal Mining
METCB,Ramaco Resources Inc. Class B Common Stock,$10.79,0.05,0.466%,734556182.00,United States,,16307,Energy,Coal Mining
MFC,Manulife Financial Corporation Common Stock,$34.65,0.11,0.318%,58099146440.00,Canada,,317869,Finance,Life Insurance
MFIC,MidCap Financial Investment Corporation Common Stock,$10.81,0.06,0.558%,996810304.00,United States,2004,380096,Finance,Finance/Investors Services
MFICL,MidCap Financial Investment Corporation 8.00% Notes due 2028,$25.275,0.0175,0.069%,2358249046.00,United States,,352,Finance,Finance/Investors Services
MGEE,MGE Energy Inc,$72.76,-1.65,-2.217%,2660389291.00,United States,,46431,Energy,Electric Utilities: Central
MGNI,Magnite Inc. Common Stock,$12.595,0.255,2.066%,1818269177.00,United States,,530009,Technology,Computer Software: Programming Data Processing
MGR,Affiliated Managers Group Inc. 5.875% Junior Subordinated Notes due 2059,$20.8409,-0.0791,-0.378%,592132964.00,United States,2019,4479,Finance,Investment Managers
MGRB,Affiliated Managers Group Inc. 4.750% Junior Subordinated Notes due 2060,$16.86,-0.02,-0.118%,479027382.00,United States,2020,20757,Finance,Investment Managers
MGRD,Affiliated Managers Group Inc. 4.200% Junior Subordinated Notes due 2061,$15.08,-0.13,-0.855%,428453910.00,United States,2021,4227,Finance,Investment Managers
MGRE,Affiliated Managers Group Inc. 6.750% Junior Subordinated Notes due 2064,$23.9502,-0.0598,-0.249%,680474591.00,United States,2024,2991,Finance,Investment Managers
MGTX,MeiraGTx Holdings plc Ordinary Shares,$7.40,-0.25,-3.268%,595632579.00,United States,2018,106325,Health Care,Biotechnology: Biological Products (No Diagnostic Substances)
MGY,Magnolia Oil & Gas Corporation Class A Common Stock,$30.195,0.235,0.784%,5628526301.00,United States,2017,981302,Energy,Oil & Gas Production
MHD,Blackrock MuniHoldings Fund Inc. Common Stock,$11.63,0.00,0.00%,1730107538.00,United States,1997,167626,Finance,Investment Bankers/Brokers/Service
MIRM,Mirum Pharmaceuticals Inc. Common Stock,$91.19,-5.36,-5.552%,5502552054.00,United States,2019,223238,Health Care,Biotechnology: Pharmaceutical Preparations
MITK,Mitek Systems Inc. Common Stock,$14.66,0.28,1.947%,664336797.00,United States,,169600,Technology,Computer peripheral equipment
MIY,Blackrock MuniYield Michigan Quality Fund Inc. Common Stock,$12.1901,-0.1299,-1.054%,1813429398.00,United States,1992,29927,Finance,Investment Bankers/Brokers/Service
MKL,Markel Group Inc. Common Stock,$1930.73,-36.00,-1.83%,24280331460.00,United States,1986,13125,Finance,Property-Casualty Insurers
MKTX,MarketAxess Holdings Inc. Common Stock,$175.65,-3.46,-1.932%,6244052747.00,United States,2004,77410,Finance,Investment Bankers/Brokers/Service
MLP,Maui Land & Pineapple Company Inc. Common Stock,$15.608,-0.282,-1.775%,308128594.00,United States,1998,6671,Finance,Real Estate
MLTX,MoonLake Immunotherapeutics Class A Ordinary Shares,$16.32,-0.45,-2.683%,1179186145.00,United States,2020,149784,Health Care,Biotechnology: Pharmaceutical Preparations
MLYS,Mineralys Therapeutics Inc. Common Stock,$23.80,-1.22,-4.876%,1961107576.00,United States,2023,1022007,Health Care,Biotechnology: Pharmaceutical Preparations
MMED,MiniMed Group Inc. Common Stock,$17.45,0.62,3.684%,4900192923.00,United States,2026,202221,Health Care,Medical/Dental Instruments
MMI,Marcus & Millichap Inc. Common Stock,$25.58,-0.03,-0.117%,978037640.00,United States,2013,30446,Finance,Real Estate
MMM,3M Company Common Stock,$145.36,-3.70,-2.482%,76561112000.00,United States,,1080784,Health Care,Medical/Dental Instruments
MMSI,Merit Medical Systems Inc. Common Stock,$68.99,-1.24,-1.766%,4100208920.00,United States,,124879,Health Care,Medical/Dental Instruments
MNKD,MannKind Corporation Common Stock,$2.695,-0.035,-1.282%,830330667.00,United States,2004,762603,Health Care,Biotechnology: Pharmaceutical Preparations
MNPR,Monopar Therapeutics Inc. Common Stock,$57.795,-2.475,-4.107%,386219942.00,United States,2019,116826,Health Care,Biotechnology: Pharmaceutical Preparations
MNR,Mach Natural Resources LP Common Units representing Limited Partner Interests,$13.65,0.16,1.186%,2296186211.00,United States,2023,76272,Energy,Oil & Gas Production
MO,Altria Group Inc.,$65.87,-1.10,-1.643%,110127926991.00,United States,,2723332,Health Care, Medicinal Chemicals and Botanical Products 
MOH,Molina Healthcare Inc Common Stock,$146.37,2.41,1.674%,7624570355.00,United States,2003,315191,Health Care,Medical Specialities
MOMO,Hello Group Inc. American Depositary Shares,$6.365,0.365,6.083%,1022661164.00,China,2014,525187,Technology,Computer Software: Prepackaged Software
MORN,Morningstar Inc. Common Stock,$183.09,-0.78,-0.424%,7247390618.00,United States,2005,80806,Finance,Investment Managers
MP,MP Materials Corp. Common Stock,$58.31,-0.99,-1.669%,10359789010.00,United States,2020,1107203,Basic Materials,Metal Mining
MPB,Mid Penn Bancorp Common Stock,$30.67,-0.47,-1.509%,710812705.00,United States,,23277,Finance,Major Banks
MPC,Marathon Petroleum Corporation Common Stock,$235.255,1.995,0.855%,69443688832.00,United States,,691981,Energy,Integrated oil Companies
MPLT,MapLight Therapeutics Inc. Common Stock,$17.26,-0.61,-3.414%,783138550.00,United States,2025,69862,Health Care,Biotechnology: Pharmaceutical Preparations
MPLX,MPLX LP Common Units Representing Limited Partner Interests,$57.83,-0.51,-0.874%,58709266809.00,United States,2012,331638,Energy,Natural Gas Distribution
MPWR,Monolithic Power Systems Inc. Common Stock,$1086.70,20.04,1.879%,53376530600.00,United States,2004,74494,Technology,Semiconductors
MQ,Marqeta Inc. Class A Common Stock,$4.00,-0.01,-0.249%,1708847568.00,United States,2021,528679,Technology,Computer Software: Prepackaged Software
MQY,Blackrock MuniYield Quality Fund Inc. Common Stock,$11.35,0.02,0.177%,1688454046.00,United States,1992,71188,Finance,Investment Bankers/Brokers/Service
MRCY,Mercury Systems Inc Common Stock,$80.76,-0.59,-0.725%,4846781680.00,United States,1998,104115,Technology,Electrical Products
MRNA,Moderna Inc. Common Stock,$52.32,-1.61,-2.985%,20749424620.00,United States,2018,2631578,Health Care,Biotechnology: Biological Products (No Diagnostic Substances)
MRP,Millrose Properties Inc. Class A Common Stock,$29.535,0.025,0.085%,4902913284.00,United States,2025,221343,Finance,Real Estate
MRSH,Marsh Common Stock,$170.21,-1.73,-1.006%,82402789103.00,United States,,424626,Finance,Specialty Insurers
MRVI,Maravai LifeSciences Holdings Inc. Class A Common Stock,$2.99,-0.13,-4.167%,768631054.00,United States,2020,699872,Health Care,Biotechnology: Pharmaceutical Preparations
MRVL,Marvell Technology Inc. Common Stock,$88.45,-2.34,-2.577%,77331835000.00,United States,2000,4717743,Technology,Semiconductors
MRX,Marex Group plc Ordinary Shares,$36.66,-0.36,-0.972%,2628519141.00,United Kingdom,2024,252188,Finance,Investment Bankers/Brokers/Service
MSA,MSA Safety Incorporated Common Stock,$175.00,-1.61,-0.912%,6785576350.00,United States,2000,87729,Health Care,Industrial Specialties
MSBI,Midland States Bancorp Inc. Common Stock,$20.91,-0.19,-0.90%,438892306.00,United States,2016,23484,Finance,Major Banks
MSBIP,Midland States Bancorp Inc. Depositary Shares Each Representing a 1/40th Interest in a Share of 7.750% Fixed-Rate Reset Non-Cumulative Perpetual Preferred Stock Series A,$25.05,0.00,0.00%,525789204.00,United States,,3,Finance,Major Banks
MSI,Motorola Solutions Inc. Common Stock,$468.295,-0.795,-0.169%,77577240195.00,United States,,199545,Technology,Radio And Television Broadcasting And Communications Equipment
MSTR,Strategy Inc Common Stock Class A,$142.19,-8.09,-5.383%,47456297551.00,United States,1998,7149306,Technology,Computer Software: Prepackaged Software
MTB,M&T Bank Corporation Common Stock,$199.145,-0.975,-0.487%,29672655185.00,United States,,107196,Finance,Major Banks
MTCH,Match Group Inc. Common Stock,$31.115,0.045,0.145%,7238732902.00,United States,,923372,Technology,Computer Software: Programming Data Processing
MTDR,Matador Resources Company Common Stock,$57.39,-0.23,-0.399%,7130704114.00,United States,2012,246550,Energy,Oil & Gas Production
MTG,MGIC Investment Corporation Common Stock,$26.17,0.02,0.076%,5625329431.00,United States,1991,199750,Finance,Property-Casualty Insurers
MTSI,MACOM Technology Solutions Holdings Inc. Common Stock,$221.90,0.61,0.276%,16645156143.00,United States,2012,190067,Technology,Semiconductors
MTX,Minerals Technologies Inc. Common Stock,$69.53,-0.62,-0.884%,2158808115.00,United States,1992,52578,Basic Materials,Major Chemicals
MUA,Blackrock MuniAssets Fund Inc Common Stock,$10.82,0.00,0.00%,1609609936.00,United States,1993,6407,Finance,Investment Bankers/Brokers/Service
MUC,Blackrock MuniHoldings California Quality Fund Inc.  Common Stock,$10.73,-0.01,-0.093%,1596221314.00,United States,1998,70004,Finance,Investment Bankers/Brokers/Service
MUJ,Blackrock MuniHoldings New Jersey Quality Fund Inc. Common Stock,$12.31,0.00,0.00%,1831266018.00,United States,1998,12356,Finance,Investment Bankers/Brokers/Service
MUR,Murphy Oil Corporation Common Stock,$37.67,0.88,2.392%,5380419360.00,United States,,833227,Energy,Oil & Gas Production
MUX,McEwen Inc. Common Stock,$21.14,-1.37,-6.086%,1156261961.00,Canada,,716230,Basic Materials,Precious Metals
MVBF,MVB Financial Corp. Common Stock,$24.61,-0.46,-1.835%,316110848.00,United States,,4465,Finance,Major Banks
MXL,MaxLinear Inc. Common Stock,$16.64,-0.17,-1.011%,1438547136.00,United States,2010,138129,Technology,Semiconductors
MYGN,Myriad Genetics Inc. Common Stock,$4.74,-0.04,-0.837%,443228702.00,United States,1995,753395,Health Care,Biotechnology: In Vitro & In Vivo Diagnostic Substances
MYI,Blackrock MuniYield Quality Fund III Inc Common Stock,$10.89,0.01,0.092%,1620023309.00,United States,,45643,Finance,Investment Bankers/Brokers/Service
NABL,N-able Inc. Common Stock,$5.075,0.115,2.319%,956009804.00,United States,2021,212708,Technology,Computer Software: Prepackaged Software
NAGE,Niagen Bioscience Inc. Common Stock,$4.55,-0.22,-4.612%,364366220.00,United States,,255461,Health Care, Medicinal Chemicals and Botanical Products 
NAK,Northern Dynasty Minerals Ltd. Common Stock,$1.265,-0.025,-1.938%,698955082.00,Canada,,2877284,Basic Materials,Precious Metals
NAN,Nuveen New York Quality Municipal Income Fund Common Stock,$11.42,-0.04,-0.349%,3452446436.00,United States,1999,11568,Finance,Investment Managers
NATR,Nature's Sunshine Products Inc. Common Stock,$23.3755,-0.6145,-2.561%,409249091.00,United States,,32507,Health Care,Biotechnology: Pharmaceutical Preparations
NAVI,Navient Corporation Common Stock,$8.225,0.005,0.061%,782112519.00,United States,,126458,Finance,Investment Bankers/Brokers/Service
NAVN,Navan Inc. Class A Common Stock,$9.36,0.16,1.739%,2327308448.00,United States,2025,293908,Technology,Computer Software: Prepackaged Software
NB,NioCorp Developments Ltd. Common Stock,$4.77,-0.21,-4.217%,597781990.00,United States,,1220385,Basic Materials,Metal Mining
NBBK,NB Bancorp Inc. Common Stock,$20.355,-0.355,-1.714%,928285175.00,United States,2023,58537,Finance,Banks
NBHC,National Bank Holdings Corporation Common Stock,$38.285,-0.365,-0.944%,1723346518.00,United States,2012,179557,Finance,Major Banks
NBIX,Neurocrine Biosciences Inc. Common Stock,$129.98,-0.73,-0.558%,13045242921.00,United States,1996,136825,Health Care,Biotechnology: Biological Products (No Diagnostic Substances)
NBN,Northeast Bank Common Stock,$107.29,-1.57,-1.442%,872267700.00,United States,,53596,Finance,Major Banks
NBP,NovaBridge Biosciences American Depositary Shares,$2.7404,-0.1396,-4.847%,315128670.00,China,2020,437837,Health Care,Biotechnology: Pharmaceutical Preparations
NBTB,NBT Bancorp Inc. Common Stock,$40.77,-0.54,-1.307%,2128373796.00,United States,,35599,Finance,Major Banks
NC,NACCO Industries Inc. Common Stock,$50.50,-0.63,-1.232%,380496694.00,United States,,1116,Energy,Coal Mining
NCNA,NuCana plc American Depositary Share,$1.78,-0.08,-4.301%,678706633.00,United Kingdom,2017,21947,Health Care,Biotechnology: Pharmaceutical Preparations
NCNO,nCino Inc. Common Stock,$15.305,0.075,0.492%,1755253435.00,United States,2020,351469,Technology,Computer Software: Prepackaged Software
NCV,Virtus Convertible & Income Fund Common Shares of Beneficial Interest,$15.44,0.05,0.325%,1395367905.00,United States,2003,14032,Finance,Finance Companies
NCZ,Virtus Convertible & Income Fund II Common Shares of Beneficial Interest,$14.22,0.05,0.353%,1082365951.00,United States,2003,11797,Finance,Finance Companies
NDAQ,Nasdaq Inc. Common Stock,$85.8747,-0.5953,-0.688%,48814945601.00,United States,,515025,Finance,Investment Bankers/Brokers/Service
NE,Noble Corporation plc A Ordinary Shares,$46.56,-1.08,-2.267%,7425083040.00,United States,2022,851696,Energy,Oil & Gas Production
NECB,NorthEast Community Bancorp Inc. Common Stock,$23.00,-0.06,-0.26%,318182506.00,United States,2021,9904,Finance,Banks
NEE,NextEra Energy Inc. Common Stock,$90.805,-1.725,-1.864%,189194211941.00,United States,,1378599,Technology,EDP Services
NEM,Newmont Corporation,$107.4104,-3.6296,-3.269%,116849004261.00,United States,,2724770,Basic Materials,Precious Metals
NEO,NeoGenomics Inc. Common Stock,$8.25,-0.02,-0.242%,1070950741.00,United States,,256509,Health Care,Precision Instruments
NEOG,Neogen Corporation Common Stock,$9.16,-0.11,-1.187%,1992537986.00,United States,1989,325512,Health Care,Biotechnology: In Vitro & In Vivo Diagnostic Substances
NERV,Minerva Neurosciences Inc Common Stock,$7.9415,0.0915,1.166%,343663632.00,United States,2014,84665,Health Care,Biotechnology: Pharmaceutical Preparations
NESR,National Energy Services Reunited Corp Ordinary Shares,$20.51,-0.25,-1.204%,2067144918.00,United States,,319014,Energy,Oilfield Services/Equipment
NET,Cloudflare Inc. Class A Common Stock,$214.595,3.075,1.454%,75533212049.00,United States,2019,1079842,Technology,Computer Software: Prepackaged Software
NEWP,New Pacific Metals Corp. Common Shares,$3.985,-0.145,-3.511%,843971382.00,Canada,2021,366848,Basic Materials,Precious Metals
NEWT,NewtekOne Inc. Common Stock,$11.80,-0.18,-1.503%,340211594.00,United States,,50947,Finance,Major Banks
NEWTG,NewtekOne Inc. 8.50% Fixed Rate Senior Notes due 2029,$25.075,-0.015,-0.06%,660020439.00,United States,,1350,Finance,Major Banks
NEWTI,NewtekOne Inc. 8.00% Fixed Rate Senior Notes due 2028,$25.30,0.08,0.317%,665942856.00,United States,,110,Finance,Major Banks
NEWTP,NewtekOne Inc. Depositary Shares Non-Cumulative Perpetual Preferred Stock Series B,$24.05,0.00,0.00%,693397359.00,United States,,959,Finance,Major Banks
NFBK,Northfield Bancorp Inc. Common Stock (Delaware),$13.205,0.005,0.038%,551493580.00,United States,2007,112437,Finance,Savings Institutions
NG,Novagold Resources Inc.,$8.785,-0.955,-9.805%,3575446955.00,Canada,2003,1669058,Basic Materials,Precious Metals
NGD,New Gold Inc.,$9.69,-0.65,-6.286%,7671573000.00,Canada,,6912653,Basic Materials,Metal Mining
NGNE,Neurogene Inc. Common Stock ,$19.40,-1.68,-7.97%,300502120.00,Canada,2014,59851,Health Care,Biotechnology: Pharmaceutical Preparations
NGS,Natural Gas Services Group Inc. Common Stock,$36.515,-0.295,-0.801%,459637236.00,United States,2002,29430,Energy,Oilfield Services/Equipment
NHC,National HealthCare Corporation Common Stock,$161.455,-1.215,-0.747%,2509222045.00,United States,1986,28789,Health Care,Hospital/Nursing Management
NIC,Nicolet Bankshares Inc. Common Stock,$142.15,-3.24,-2.228%,3037297870.00,United States,2022,79305,Finance,Major Banks
NIE,Virtus Equity & Convertible Income Fund Common Shares of Beneficial Interest,$24.1528,0.0028,0.012%,669249090.00,United States,2007,10229,Finance,Investment Managers
NKTR,Nektar Therapeutics  Common Stock,$74.455,-0.60,-0.799%,2135962285.00,United States,,163891,Health Care,Biotechnology: Pharmaceutical Preparations
NMFC,New Mountain Finance Corporation Common Stock,$7.955,0.065,0.824%,801916304.00,United States,,288679,Finance,Finance/Investors Services
NMG,Nouveau Monde Graphite Inc. Common Shares,$2.285,-0.065,-2.766%,348298448.00,Canada,,339893,Basic Materials,Other Metals and Minerals
NMIH,NMI Holdings Inc. Common Stock,$37.635,-0.075,-0.199%,2861487917.00,United States,2013,52373,Finance,Property-Casualty Insurers
NMRA,Neumora Therapeutics Inc. Common Stock,$2.71,-0.12,-4.24%,452811499.00,United States,2023,163658,Health Care,Biotechnology: Biological Products (No Diagnostic Substances)
NMRK,Newmark Group Inc. Class A Common Stock,$14.68,-0.02,-0.136%,2707544174.00,United States,2017,270516,Finance,Real Estate
NNI,Nelnet Inc. Common Stock,$126.14,-1.90,-1.484%,4525267076.00,United States,2003,114517,Finance,Finance: Consumer Services
NOA,North American Construction Group Ltd. Common Shares (no par),$13.36,0.19,1.443%,380991996.00,Canada,2006,46701,Energy,Oilfield Services/Equipment
NOAH,Noah Holdings Limited American Depositary Shares,$11.70,0.03,0.257%,784258862.00,China,2010,27663,Finance,Investment Managers
NOG,Northern Oil and Gas Inc. Common Stock,$27.41,-0.02,-0.073%,2666846658.00,United States,2022,498951,Energy,Oil & Gas Production
NOW,ServiceNow Inc. Common Stock,$114.62,-2.10,-1.799%,119892520000.00,United States,2012,2984667,Technology,Computer Software: Prepackaged Software
NPB,Northpointe Bancshares Inc. Common Stock,$16.955,-0.255,-1.482%,582652793.00,United States,2025,25566,Finance,Major Banks
NPCE,Neuropace Inc. Common Stock,$13.605,-0.215,-1.556%,458038828.00,United States,2021,29521,Health Care,Medical/Dental Instruments
NPWR,NET Power Inc. Class A Common Stock,$1.675,-0.095,-5.367%,375896483.00,United States,2021,192409,Energy,Industrial Machinery/Components
NRC,National Research Corporation Common Stock (Delaware),$18.09,0.36,2.03%,411482322.00,United States,,29751,Health Care,Biotechnology: Commercial Physical & Biological Resarch
NRDS,NerdWallet Inc. Class A Common Stock,$10.345,0.185,1.821%,690899080.00,United States,2021,217623,Technology,EDP Services
NRIM,Northrim BanCorp Inc Common Stock,$22.19,-0.34,-1.509%,491019654.00,United States,,21888,Finance,Savings Institutions
NRIX,Nurix Therapeutics Inc. Common stock,$15.025,-0.455,-2.939%,1545216255.00,United States,2020,152563,Health Care,Biotechnology: Pharmaceutical Preparations
NRP,Natural Resource Partners LP Limited Partnership,$117.89,-0.38,-0.321%,1562091071.00,United States,2002,7637,Energy,Coal Mining
NTAP,NetApp Inc. Common Stock,$101.47,-0.45,-0.442%,20023115688.00,United States,1995,431535,Technology,Electronic Components
NTCT,NetScout Systems Inc. Common Stock,$30.675,-0.065,-0.211%,2215359236.00,United States,1999,94915,Technology,EDP Services
NTES,NetEase Inc. American Depositary Shares,$117.93,-0.94,-0.791%,74673073632.00,China,,233101,Technology,Computer Software: Prepackaged Software
NTLA,Intellia Therapeutics Inc. Common Stock,$13.395,-0.085,-0.631%,1582398849.00,United States,2016,736871,Health Care,Biotechnology: In Vitro & In Vivo Diagnostic Substances
NTNX,Nutanix Inc. Class A Common Stock,$41.50,-0.20,-0.48%,11006302026.00,United States,2016,546984,Technology,Computer Software: Prepackaged Software
NTRA,Natera Inc. Common Stock,$197.085,-1.295,-0.653%,27933103406.00,United States,2015,193798,Health Care,Medical Specialities
NTRS,Northern Trust Corporation Common Stock,$137.19,0.40,0.292%,25424177152.00,United States,,151063,Finance,Major Banks
NTRSO,Northern Trust Corporation Depositary Shares Each Representing a 1/1000th Interest in a Share of Series E Non-Cumulative Perpetual Preferred Stock,$19.06,-0.12,-0.626%,3532216754.00,United States,,2691,Finance,Major Banks
NTSK,Netskope Inc. Class A Common Stock,$9.63,0.16,1.69%,3787082831.00,United States,2025,1256052,Technology,Computer Software: Prepackaged Software
NUS,Nu Skin Enterprises Inc. Common Stock,$7.16,-0.11,-1.513%,344588067.00,United States,1996,140708,Health Care,Other Pharmaceuticals
NUVB,Nuvation Bio Inc. Class A Common Stock,$4.29,-0.11,-2.50%,1491192370.00,United States,2020,685994,Health Care,Biotechnology: Pharmaceutical Preparations
NUVL,Nuvalent Inc. Class A Common Stock,$96.365,-2.605,-2.632%,7575927301.00,United States,2021,100937,Health Care,Biotechnology: Pharmaceutical Preparations
NVAX,Novavax Inc. Common Stock,$10.265,-0.375,-3.524%,1672537475.00,United States,,1331755,Health Care,Biotechnology: Biological Products (No Diagnostic Substances)
NVEC,NVE Corporation Common Stock,$68.06,-1.01,-1.462%,329217518.00,United States,,6735,Technology,Semiconductors
NVST,Envista Holdings Corporation Common Stock,$25.39,-0.66,-2.534%,4160796330.00,United States,2019,438154,Health Care,Medical/Dental Instruments
NVTS,Navitas Semiconductor Corporation Common Stock,$9.315,-0.505,-5.143%,2149834606.00,United States,,8947507,Technology,Semiconductors
NWBI,Northwest Bancshares Inc. Common Stock,$12.07,-0.06,-0.495%,1763903415.00,United States,2009,265695,Finance,Major Banks
NWFL,Norwood Financial Corp. Common Stock,$28.05,-0.40,-1.406%,305453364.00,United States,,7788,Finance,Major Banks
NWG,NatWest Group plc American Depositary Shares (each representing two (2) Ordinary Shares),$15.505,-0.025,-0.161%,62113447844.00,United Kingdom,2022,1011280,Finance,Commercial Banks
NXDR,Nextdoor Holdings Inc. Class A Common Stock,$1.495,-0.025,-1.645%,579649476.00,United States,,700581,Technology,Computer Software: Programming Data Processing
NXE,Nexgen Energy Ltd. Common Shares,$11.81,-0.13,-1.089%,7807231574.00,Canada,2017,1821209,Basic Materials,Other Metals and Minerals
NXP,Nuveen Select Tax Free Income Portfolio Common Stock,$14.363,-0.017,-0.118%,672175660.00,United States,1992,28220,Finance,Trusts Except Educational Religious and Charitable
OBDC,Blue Owl Capital Corporation Common Stock,$11.6365,0.1865,1.629%,5811832459.00,United States,2019,1426095,Finance,Diversified Financial Services
OBE,Obsidian Energy Ltd. Common Shares,$8.56,0.01,0.117%,576147501.00,Canada,2022,220463,Energy,Oil & Gas Production
OBK,Origin Bancorp Inc. Common Stock,$40.34,-0.38,-0.933%,1249785561.00,United States,,21779,Finance,Major Banks
OBT,Orange County Bancorp Inc. Common Stock,$31.19,-0.21,-0.669%,416961862.00,United States,,10893,Finance,Major Banks
OCFC,OceanFirst Financial Corp. Common Stock,$17.64,-0.13,-0.732%,1012571562.00,United States,,116709,Finance,Major Banks
OCGN,Ocugen Inc. Common Stock,$2.305,-0.145,-5.918%,755803267.00,United States,2014,5660646,Health Care,Biotechnology: Biological Products (No Diagnostic Substances)
OCSL,Oaktree Specialty Lending Corporation Common Stock,$11.325,0.155,1.388%,997568548.00,United States,,259452,Finance,Finance: Consumer Services
OCUL,Ocular Therapeutix Inc. Common Stock,$8.445,-0.235,-2.707%,1838407074.00,United States,2014,749244,Health Care,Biotechnology: Pharmaceutical Preparations
ODV,Osisko Development Corp. Common Shares,$3.395,-0.215,-5.956%,1003720489.00,Canada,2022,771373,Basic Materials,Precious Metals
OFSSH,OFS Capital Corporation 4.95% Notes due 2028,$23.65,0.00,0.00%,316864545.00,United States,,1,Finance,Finance Companies
OGN,Organon & Co. Common Stock ,$6.225,-0.165,-2.582%,1620464921.00,United States,2021,798920,Health Care,Biotechnology: Pharmaceutical Preparations
OII,Oceaneering International Inc. Common Stock,$34.25,-0.30,-0.868%,3404235698.00,United States,,259642,Energy,Oilfield Services/Equipment
OKTA,Okta Inc. Class A Common Stock,$78.58,0.05,0.064%,13899853697.00,United States,2017,471969,Technology,Computer Software: Prepackaged Software
OLED,Universal Display Corporation Common Stock,$94.96,0.91,0.968%,4472453049.00,United States,,178035,Technology,Electrical Products
OLMA,Olema Pharmaceuticals Inc. Common Stock,$14.34,-0.715,-4.749%,1249830821.00,United States,2020,287180,Health Care,Biotechnology: Pharmaceutical Preparations
OMCL,Omnicell Inc. Common Stock ($0.001 par value),$34.53,-0.56,-1.596%,1568902249.00,United States,2001,68351,Technology,Computer Manufacturing
OMDA,Omada Health Inc. Common Stock,$14.30,-0.32,-2.189%,842633778.00,United States,2025,319255,Health Care,Medical/Nursing Services
OMER,Omeros Corporation Common Stock,$10.94,-0.33,-2.928%,775651021.00,United States,2009,214781,Health Care,Biotechnology: Pharmaceutical Preparations
OMF,OneMain Holdings Inc. Common Stock,$50.86,0.44,0.873%,5958353975.00,United States,2013,362624,Finance,Finance: Consumer Services
ON,ON Semiconductor Corporation Common Stock,$61.41,0.43,0.705%,24196800747.00,United States,,1168225,Technology,Semiconductors
ONB,Old National Bancorp Common Stock,$21.26,-0.18,-0.84%,8284447980.00,United States,,1201044,Finance,Major Banks
ONBPO,Old National Bancorp Depositary Shares Each Representing a 1/40th Interest in a Share of Series C Preferred Stock,$25.00,0.04,0.16%,9741825000.00,United States,,2382,Finance,Major Banks
ONBPP,Old National Bancorp Depositary Shares Each Representing a 1/40th Interest in a Share of Series A Preferred Stock,$25.00,0.00,0.00%,9741825000.00,United States,,1393,Finance,Major Banks
ONDS,Ondas Inc. Common Stock,$11.065,-0.215,-1.906%,5058881707.00,United States,,36974637,Technology,Radio And Television Broadcasting And Communications Equipment
ONIT,Onity Group Inc. Common Stock,$39.84,0.60,1.529%,339501978.00,United States,,25975,Finance,Finance: Consumer Services
ONTF,ON24 Inc. Common Stock,$8.06,0.00,0.00%,345507424.00,United States,2021,96740,Technology,Computer Software: Prepackaged Software
OOMA,Ooma Inc. Common Stock,$13.98,-0.19,-1.341%,385848000.00,United States,2015,52656,Technology,EDP Services
OPCH,Option Care Health Inc. Common Stock,$29.66,-0.09,-0.303%,4640246850.00,United States,,310570,Health Care,Medical/Nursing Services
OPEN,Opendoor Technologies Inc Common Stock,$5.3145,-0.2455,-4.415%,5093020769.00,United States,,12489436,Finance,Real Estate
OPENL,Opendoor Technologies Inc  Series A Warrants each whole warrant exercisable to purchase one share of Common Stock at an exercise price of $13.00 per warrant,$0.3442,-0.0142,-3.962%,329855631.00,United States,,88264,Finance,Real Estate
OPENW,Opendoor Technologies Inc  Series K Warrants each whole warrant exercisable to purchase one share of Common Stock at an exercise price of $9.00 per warrant,$0.7805,-0.0375,-4.584%,747973038.00,United States,,63315,Finance,Real Estate
OPFI,OppFi Inc. Class A Common Stock,$8.515,-0.075,-0.873%,724838106.00,United States,2020,72775,Finance,Finance: Consumer Services
OPK,OPKO Health Inc. Common Stock,$1.175,-0.015,-1.261%,891904026.00,United States,,944468,Health Care,Biotechnology: Pharmaceutical Preparations
OPY,Oppenheimer Holdings Inc. Class A Common Stock (DE),$84.50,0.04,0.047%,904763048.00,United States,,3467,Finance,Investment Bankers/Brokers/Service
OR,OR Royalties Inc. Common Shares,$37.73,-2.02,-5.082%,7095126500.00,Canada,2016,398252,Basic Materials,Precious Metals
ORGO,Organogenesis Holdings Inc. Class A Common Stock,$2.45,-0.08,-3.162%,315169644.00,United States,2016,225187,Health Care,Biotechnology: Pharmaceutical Preparations
ORI,Old Republic International Corporation Common Stock,$39.76,-0.43,-1.07%,9770237245.00,United States,,211137,Finance,Property-Casualty Insurers
ORIC,Oric Pharmaceuticals Inc. Common Stock,$11.27,-0.80,-6.628%,1131037387.00,United States,2020,255769,Health Care,Biotechnology: Pharmaceutical Preparations
ORKA,Oruka Therapeutics Inc. Common Stock,$41.01,-0.30,-0.726%,2031745758.00,United States,,105081,Health Care,Biotechnology: In Vitro & In Vivo Diagnostic Substances
ORRF,Orrstown Financial Services Inc. Common Stock,$34.15,-0.24,-0.698%,670016102.00,United States,,31374,Finance,Major Banks
OS,OneStream Inc. Class A Common Stock,$23.685,0.015,0.063%,5822707018.00,United States,2024,312208,Technology,Computer Software: Prepackaged Software
OSBC,Old Second Bancorp Inc. Common Stock,$19.43,-0.12,-0.614%,1023782361.00,United States,,87438,Finance,Major Banks
OSCR,Oscar Health Inc. Class A Common Stock,$13.4159,-0.0941,-0.697%,3994557393.00,United States,2021,932760,Health Care,Medical Specialities
OSIS,OSI Systems Inc. Common Stock (DE),$275.285,6.205,2.306%,4534645651.00,United States,1997,68858,Technology,Semiconductors
OSPN,OneSpan Inc. Common Stock,$10.45,-0.02,-0.191%,391529596.00,United States,,133355,Technology,EDP Services
OTEX,Open Text Corporation Common Shares,$23.04,-0.02,-0.087%,5773887982.00,Canada,1996,235027,Technology,EDP Services
OTIS,Otis Worldwide Corporation Common Stock ,$81.64,-2.50,-2.971%,31735163908.00,United States,2020,610863,Technology,Consumer Electronics/Appliances
OVID,Ovid Therapeutics Inc. Common Stock,$2.455,0.445,22.139%,319602587.00,United States,2017,30884067,Health Care,Biotechnology: Pharmaceutical Preparations
OVV,Ovintiv Inc. (DE),$55.66,0.22,0.397%,14096371450.00,Canada,,929818,Energy,Oil & Gas Production
OWL,Blue Owl Capital Inc. Class A Common Stock,$9.22,0.07,0.765%,14333131629.00,United States,2020,10479811,Finance,Investment Managers
OXLC,Oxford Lane Capital Corp. Common Stock,$8.215,-0.035,-0.424%,1426124000.00,United States,2011,648775,Finance,Investment Managers
OXLCL,Oxford Lane Capital Corp. 6.75% Notes due 2031,$23.815,0.00,0.00%,4134284000.00,United States,,549,Finance,Finance Companies
OXLCN,Oxford Lane Capital Corp. 7.125% Series 2029 Term Preferred Stock,$24.195,0.00,0.00%,4200252000.00,United States,,504,Finance,Investment Managers
OXLCO,Oxford Lane Capital Corp. Preferred Stock Shares 6.00% Series 2029,$23.15,0.00,0.00%,4018840000.00,United States,,81,Finance,Investment Managers
OXLCP,Oxford Lane Capital Corp. 6.25% Series 2027 Term Preferred Shares,$24.74,0.09,0.365%,4294864000.00,United States,,212,Finance,Investment Managers
OXLCZ,Oxford Lane Capital Corp. 5.00% Notes due 2027,$24.50,0.05,0.204%,4253200000.00,United States,,3946,Finance,Finance Companies
OXY,Occidental Petroleum Corporation Common Stock,$58.1338,0.4038,0.699%,57335428527.00,United States,,6452181,Energy,Oil & Gas Production
OZK,Bank OZK Common Stock,$43.91,-0.16,-0.363%,4967807556.00,United States,,210029,Finance,Major Banks
OZKAP,Bank OZK 4.625% Series A Non-Cumulative Perpetual Preferred Stock,$16.48,-0.01,-0.061%,1864483455.00,United States,,2419,Finance,Major Banks
PAA,Plains All American Pipeline L.P. Common Units representing Limited Partner Interests,$21.53,-0.06,-0.278%,15190097135.00,United States,1998,454465,Energy,Natural Gas Distribution
PAAS,Pan American Silver Corp. Common Stock,$52.02,-3.79,-6.791%,21946405680.00,Canada,,4268494,Basic Materials,Precious Metals
PACS,PACS Group Inc. Common Stock,$35.30,-0.40,-1.12%,5547925524.00,United States,2024,105555,Health Care,Hospital/Nursing Management
PAGP,Plains GP Holdings L.P. Class A Units representing Limited Partner Interests,$23.37,-0.03,-0.128%,4625019378.00,United States,,493995,Energy,Natural Gas Distribution
PAHC,Phibro Animal Health Corporation Class A Common Stock,$53.19,0.68,1.295%,2156041544.00,United States,2014,41910,Health Care,Biotechnology: Pharmaceutical Preparations
PANW,Palo Alto Networks Inc. Common Stock,$169.0156,-0.1744,-0.103%,137916729600.00,United States,,1284921,Technology,Computer peripheral equipment
PARR,Par Pacific Holdings Inc.  Common Stock,$54.30,1.36,2.569%,2660882991.00,United States,,281075,Energy,Oil & Gas Production
PATH,UiPath Inc. Class A Common Stock,$12.405,0.425,3.548%,6633569830.00,United States,2021,10367139,Technology,Computer Software: Prepackaged Software
PAYC,Paycom Software Inc. Common Stock,$125.7025,-0.1675,-0.133%,6822515381.00,United States,2014,176736,Technology,Computer Software: Prepackaged Software
PB,Prosperity Bancshares Inc. Common Stock,$64.095,-0.465,-0.72%,6504938865.00,United States,,175112,Finance,Major Banks
PBA,Pembina Pipeline Corp. Ordinary Shares (Canada),$43.835,-0.245,-0.556%,25478260885.00,Canada,,174485,Energy,Oil & Gas Production
PBF,PBF Energy Inc. Class A Common Stock,$45.89,1.34,3.008%,5365772045.00,United States,2012,1176465,Energy,Integrated oil Companies
PBFS,Pioneer Bancorp Inc. Common Stock,$13.815,0.145,1.061%,346436006.00,United States,2019,7083,Finance,Banks
PBH,Prestige Consumer Healthcare Inc. Common Stock,$61.33,-0.97,-1.557%,2902057711.00,United States,2005,53739,Health Care,Biotechnology: Pharmaceutical Preparations
PBT,Permian Basin Royalty Trust Common Stock,$20.855,0.285,1.386%,972026441.00,United States,,22718,Energy,Oil & Gas Production
PBYI,Puma Biotechnology Inc Common Stock,$6.015,-0.125,-2.036%,306022069.00,United States,,57040,Health Care,Biotechnology: Pharmaceutical Preparations
PCB,PCB Bancorp Common Stock,$21.51,-0.18,-0.83%,305992204.00,United States,2018,4874,Finance,Major Banks
PCOR,Procore Technologies Inc. Common Stock,$59.19,0.19,0.322%,8884447530.00,United States,2021,428117,Technology,Computer Software: Prepackaged Software
PCRX,Pacira BioSciences Inc. Common Stock,$21.58,-0.36,-1.641%,873771913.00,United States,2011,192822,Health Care,Biotechnology: Pharmaceutical Preparations
PCTY,Paylocity Holding Corporation Common Stock,$110.54,-0.26,-0.235%,5955529534.00,United States,2014,106466,Technology,Computer Software: Prepackaged Software
PCVX,Vaxcyte Inc. Common Stock,$54.22,-1.26,-2.271%,7803361973.00,United States,2020,165728,Health Care,Biotechnology: Pharmaceutical Preparations
PD,PagerDuty Inc. Common Stock,$6.935,0.035,0.507%,589332708.00,United States,2019,598573,Technology,Computer Software: Prepackaged Software
PDD,PDD Holdings Inc. American Depositary Shares,$101.325,-3.045,-2.918%,143845677762.00,China,2018,2254260,Technology,EDP Services
PDFS,PDF Solutions Inc. Common Stock,$33.445,0.305,0.92%,1334144763.00,United States,2001,75997,Technology,Computer Software: Prepackaged Software
PDI,PIMCO Dynamic Income Fund Common Stock,$17.6396,-0.0104,-0.059%,4288010364.00,United States,2012,625398,Finance,Trusts Except Educational Religious and Charitable
PDLB,Ponce Financial Group Inc. Common Stock,$16.46,0.01,0.061%,397621438.00,United States,2017,8024,Finance,Savings Institutions
PDO,PIMCO Dynamic Income Opportunities Fund Common Shares of Beneficial Interest,$13.275,-0.035,-0.263%,1945625391.00,United States,2021,112379,Finance,Trusts Except Educational Religious and Charitable
PDS,Precision Drilling Corporation Common Stock,$94.87,0.26,0.275%,1228131901.00,Canada,,49555,Energy,Oil & Gas Production
PDYN,Palladyne AI Corp. Common Stock,$6.535,-0.235,-3.471%,303843943.00,United States,,11488662,Technology,Computer Software: Prepackaged Software
PEBO,Peoples Bancorp Inc. Common Stock,$31.40,-0.23,-0.727%,1127802937.00,United States,,57439,Finance,Major Banks
PEGA,Pegasystems Inc. Common Stock,$42.91,0.43,1.012%,7253665854.00,United States,1996,255658,Technology,EDP Services
PEN,Penumbra Inc. Common Stock,$337.49,-0.51,-0.151%,13244137957.00,United States,2015,77241,Health Care,Medical/Dental Instruments
PENG,Penguin Solutions Inc. Common Stock,$17.66,0.04,0.227%,928212373.00,United States,2017,101872,Technology,Semiconductors
PEPG,PepGen Inc. Common Stock,$4.96,-0.13,-2.554%,342811848.00,United States,2022,43257,Health Care,Biotechnology: Pharmaceutical Preparations
PFBC,Preferred Bank Common Stock,$87.96,-1.41,-1.578%,1262816212.00,United States,,30460,Finance,Major Banks
PFE,Pfizer Inc. Common Stock,$27.1976,-0.2524,-0.919%,154709634654.00,United States,,12224756,Health Care,Biotechnology: Pharmaceutical Preparations
PFG,Principal Financial Group Inc Common Stock,$87.74,0.01,0.011%,19074676000.00,United States,2001,161863,Finance,Accident &Health Insurance
PFH,Prudential Financial Inc. 4.125% Junior Subordinated Notes due 2060,$17.17,0.01,0.058%,6129690000.00,United States,2020,9761,Finance,Life Insurance
PFIS,Peoples Financial Services Corp. Common Stock,$50.85,-1.01,-1.948%,508451642.00,United States,,8692,Finance,Major Banks
PFLT,PennantPark Floating Rate Capital Ltd. Common Stock,$8.295,0.085,1.035%,823012447.00,United States,2022,179223,Finance,Finance: Consumer Services
PFS,Provident Financial Services Inc Common Stock,$20.17,-0.17,-0.836%,2774705534.00,United States,2003,160703,Finance,Savings Institutions
PFSI,PennyMac Financial Services Inc. Common Stock,$87.905,0.555,0.635%,4585807822.00,United States,2013,93277,Finance,Finance: Consumer Services
PGC,Peapack-Gladstone Financial Corporation Common Stock,$33.17,-0.43,-1.28%,582817631.00,United States,,17043,Finance,Commercial Banks
PGEN,Precigen Inc. Common Stock,$3.385,-0.155,-4.379%,1197695929.00,United States,,667105,Health Care,Biotechnology: Pharmaceutical Preparations
PGNY,Progyny Inc. Common Stock,$17.90,-0.15,-0.831%,1466049953.00,United States,2019,272844,Health Care,Misc Health and Biotechnology Services
PGR,Progressive Corporation (The) Common Stock,$201.52,-2.27,-1.114%,118071848257.00,United States,,479211,Finance,Property-Casualty Insurers
PGY,Pagaya Technologies Ltd. Class A Ordinary Shares,$11.08,0.09,0.819%,914392911.00,United States,,738639,Finance,Finance: Consumer Services
PHAT,Phathom Pharmaceuticals Inc. Common Stock,$10.87,0.02,0.184%,856541999.00,United States,2019,187631,Health Care,Biotechnology: Pharmaceutical Preparations
PI,Impinj Inc. Common Stock,$99.575,0.285,0.287%,3010320133.00,United States,2016,117852,Technology,Industrial Machinery/Components
PINS,Pinterest Inc. Class A Common Stock,$18.895,0.335,1.805%,12567794282.00,United States,2019,4462396,Technology,Computer Software: Programming Data Processing
PIPR,Piper Sandler Companies Common Stock,$300.24,1.71,0.573%,5351007884.00,United States,,33070,Finance,Investment Bankers/Brokers/Service
PJT,PJT Partners Inc. Class A Common Stock,$132.14,0.38,0.288%,3194418298.00,United States,2015,82027,Finance,Investment Managers
PKBK,Parke Bancorp Inc. Common Stock,$27.17,-0.12,-0.44%,321763333.00,United States,,16437,Finance,Major Banks
PL,Planet Labs PBC Class A Common Stock,$26.215,-0.865,-3.194%,8785724933.00,United States,2021,3838162,Technology,Radio And Television Broadcasting And Communications Equipment
PLAB,Photronics Inc. Common Stock,$35.38,0.70,2.018%,2086231020.00,United States,1987,210269,Technology,Semiconductors
PLBC,Plumas Bancorp,$48.04,-0.64,-1.315%,334142893.00,United States,,6235,Finance,Finance Companies
PLMR,Palomar Holdings Inc. Common stock,$116.56,-2.49,-2.092%,3110956677.00,United States,2019,66743,Finance,Property-Casualty Insurers
PLSE,Pulse Biosciences Inc Common Stock (DE),$22.615,0.295,1.322%,1537572999.00,United States,2016,51668,Health Care,Medical/Dental Instruments
PLUG,Plug Power Inc. Common Stock,$2.3389,0.0089,0.382%,3260321651.00,United States,1999,31022657,Energy,Industrial Machinery/Components
PLUS,ePlus inc. Common Stock,$75.37,-0.19,-0.251%,1989207323.00,United States,1996,53392,Technology,Retail: Computer Software & Peripheral Equipment
PLXS,Plexus Corp. Common Stock,$198.33,2.79,1.427%,5312559802.00,United States,,159917,Technology,Electrical Products
PMM,Putnam Managed Municipal Income Trust Common Stock,$6.33,0.01,0.158%,308516661.00,United States,1989,16207,Finance,Investment Managers
PMO,Putnam Municipal Opportunities Trust Common Stock,$10.59,0.03,0.284%,359864795.00,United States,1993,9882,Finance,Finance Companies
PNC,PNC Financial Services Group Inc. (The) Common Stock,$204.685,0.765,0.375%,82563977374.00,United States,,673031,Finance,Major Banks
PNFP,Pinnacle Financial Partners Inc. Common stock,$83.115,-0.045,-0.054%,12566988000.00,United States,,284788,Finance,Major Banks
PNNT,PennantPark Investment Corporation Common Stock,$4.89,0.11,2.301%,319297900.00,United States,2022,297110,Finance,Finance: Consumer Services
PNRG,PrimeEnergy Resources Corporation Common Stock,$214.01,1.26,0.592%,349906350.00,United States,,18067,Energy,Oil & Gas Production
PNTG,The Pennant Group Inc. Common Stock ,$33.255,0.225,0.681%,1152721989.00,United States,,62607,Health Care,Medical/Nursing Services
PODD,Insulet Corporation Common Stock,$229.53,-0.96,-0.417%,16157958991.00,United States,2007,186086,Health Care,Medical/Dental Instruments
POET,POET Technologies Inc. Common Shares,$6.275,-0.295,-4.49%,958262667.00,Canada,,4979679,Technology,Semiconductors
PONY,Pony AI Inc. American Depositary Shares ,$11.06,-0.09,-0.807%,4794969576.00,China,2024,1632276,Technology,EDP Services
POWI,Power Integrations Inc. Common Stock,$46.845,-0.785,-1.648%,2600084880.00,United States,1997,148061,Technology,Semiconductors
POWL,Powell Industries Inc. Common Stock,$508.34,-13.78,-2.639%,6172408140.00,United States,,70169,Energy,Electrical Products
PPT,Putnam Premier Income Trust Common Stock,$3.545,0.015,0.425%,352827692.00,United States,1988,23048,Finance,Finance Companies
PPTA,Perpetua Resources Corp. Common Shares,$28.885,-1.785,-5.82%,3520292420.00,Canada,,578156,Basic Materials,Precious Metals
PR,Permian Resources Corporation Class A Common Stock,$19.555,0.055,0.282%,16353092088.00,United States,2022,2642531,Energy,Oil & Gas Production
PRA,ProAssurance Corporation Common Stock,$24.535,-0.025,-0.102%,1261433731.00,United States,,81224,Finance,Property-Casualty Insurers
PRAA,PRA Group Inc. Common Stock,$17.625,0.055,0.313%,677740188.00,United States,2002,69850,Finance,Finance: Consumer Services
PRAX,Praxis Precision Medicines Inc. Common Stock,$292.68,-10.70,-3.527%,8151381802.00,United States,2020,79442,Health Care,Biotechnology: Pharmaceutical Preparations
PRCH,Porch Group Inc. Common Stock,$7.51,-0.05,-0.661%,934708854.00,United States,2020,145991,Technology,Computer Software: Prepackaged Software
PRCT,PROCEPT BioRobotics Corporation Common Stock,$26.24,-1.12,-4.094%,1479678743.00,United States,2021,341366,Health Care,Medical/Dental Instruments
PRGO,Perrigo Company plc Ordinary Shares,$9.81,-0.49,-4.757%,1350340143.00,United States,,556600,Health Care,Biotechnology: Pharmaceutical Preparations
PRGS,Progress Software Corporation Common Stock (DE),$32.74,-0.88,-2.617%,1378800836.00,United States,1991,108910,Technology,Computer Software: Prepackaged Software
PRH,Prudential Financial Inc. 5.950% Junior Subordinated Notes due 2062,$24.14,-0.13,-0.536%,8497280000.00,United States,2022,6300,Finance,Life Insurance
PRI,Primerica Inc. Common Stock,$252.77,0.11,0.044%,8002674440.00,United States,2010,20495,Finance,Life Insurance
PRK,Park National Corporation Common Stock,$153.66,-2.67,-1.708%,2776081948.00,United States,1994,33978,Finance,Major Banks
PRKS,United Parks & Resorts Inc. Common Stock,$32.19,-0.76,-2.307%,1565280372.00,United States,2013,81436,Health Care,Biotechnology: Electromedical & Electrotherapeutic Apparatus
PRME,Prime Medicine Inc. Common Stock,$3.665,-0.045,-1.213%,661723736.00,United States,2022,720642,Health Care,Biotechnology: Biological Products (No Diagnostic Substances)
PROK,ProKidney Corp. Class A Ordinary Shares,$2.075,-0.055,-2.582%,624231336.00,United States,2021,169812,Health Care,Biotechnology: Biological Products (No Diagnostic Substances)
PRS,Prudential Financial Inc. 5.625% Junior Subordinated Notes due 2058,$23.6201,-0.0499,-0.211%,8314275200.00,United States,2018,4993,Finance,Life Insurance
PRTA,Prothena Corporation plc Ordinary Shares,$8.59,-0.41,-4.556%,462425315.00,United States,,98117,Health Care,Biotechnology: Pharmaceutical Preparations
PRTC,PureTech Health plc American Depositary Shares,$16.88,0.47,2.864%,407962660.00,United States,,2120,Health Care,Biotechnology: Pharmaceutical Preparations
PRU,Prudential Financial Inc. Common Stock,$94.545,0.055,0.058%,32901660000.00,United States,2001,274273,Finance,Life Insurance
PRVA,Privia Health Group Inc. Common Stock,$21.85,-0.25,-1.131%,2702589115.00,United States,2021,92441,Health Care,Medical/Nursing Services
PSEC,Prospect Capital Corporation Common Stock,$2.63,0.03,1.154%,1279455405.00,United States,2004,835027,Finance,Finance: Consumer Services
PSN,Parsons Corporation Common Stock,$53.455,-0.725,-1.338%,5720299519.00,United States,2019,146234,Technology,EDP Services
PSNL,Personalis Inc. Common Stock,$6.9488,-0.1712,-2.404%,727065674.00,United States,2019,356588,Health Care,Medical Specialities
PSTG,Everpure Inc. Class A common stock,$64.79,1.35,2.128%,21391821139.00,United States,2015,401881,Technology,Electronic Components
PSX,Phillips 66 Common Stock,$174.15,1.44,0.834%,69789571431.00,United States,,749664,Energy,Integrated oil Companies
PTA,Cohen & Steers Tax-Advantaged Preferred Securities and Income Fund Common Shares of Beneficial Interest,$19.125,-0.025,-0.131%,1057104865.00,United States,2020,21793,Finance,Trusts Except Educational Religious and Charitable
PTC,PTC Inc. Common Stock,$152.515,-1.605,-1.041%,18148692632.00,United States,,177195,Technology,Computer Software: Prepackaged Software
PTCT,PTC Therapeutics Inc. Common Stock,$66.515,-0.935,-1.386%,5505761166.00,United States,2013,168735,Health Care,Biotechnology: Pharmaceutical Preparations
PTEN,Patterson-UTI Energy Inc. Common Stock,$10.595,-0.125,-1.166%,4021599244.00,United States,1993,2786716,Energy,Oil & Gas Production
PTGX,Protagonist Therapeutics Inc. Common Stock,$94.88,-2.35,-2.417%,6054170974.00,United States,2016,511519,Health Care,Biotechnology: Pharmaceutical Preparations
PUBM,PubMatic Inc. Class A Common Stock,$8.2272,0.0572,0.70%,390013904.00,United States,2020,175322,Technology,Computer Software: Programming Data Processing
PUK,Prudential Public Limited Company Common Stock,$28.88,-0.66,-2.234%,36897650611.00,United Kingdom,,263042,Finance,Life Insurance
PUMP,ProPetro Holding Corp. Common Stock,$14.94,0.29,1.98%,1823039262.00,United States,2017,737438,Energy,Oilfield Services/Equipment
PURR,Hyperliquid Strategies Inc Common Stock,$6.105,0.055,0.909%,756821636.00,United States,,2647791,Finance,Finance: Consumer Services
PVLA,Palvella Therapeutics Inc. Common Stock,$116.98,-3.82,-3.162%,1384632600.00,United States,,42979,Health Care,Biotechnology: Pharmaceutical Preparations
PWP,Perella Weinberg Partners Class A Common Stock,$17.17,-0.06,-0.348%,1576061669.00,United States,2020,107924,Finance,Finance: Consumer Services
Q,Qnity Electronics Inc. Common Stock,$114.2703,0.7003,0.617%,23957786201.00,United States,2025,285182,Technology,Semiconductors
QCOM,QUALCOMM Incorporated Common Stock,$130.70,-0.89,-0.676%,139456900000.00,United States,1991,2891143,Technology,Radio And Television Broadcasting And Communications Equipment
QCRH,QCR Holdings Inc. Common Stock,$80.83,-1.34,-1.631%,1352344259.00,United States,,57090,Finance,Major Banks
QDEL,QuidelOrtho Corporation Common Stock,$17.88,-1.24,-6.485%,1217301994.00,United States,,882037,Health Care,Biotechnology: In Vitro & In Vivo Diagnostic Substances
QFIN,Qfin Holdings Inc. American Depositary Shares,$14.035,-0.395,-2.737%,1889111000.00,China,2018,2209587,Finance,Finance: Consumer Services
QLYS,Qualys Inc. Common Stock,$96.26,1.18,1.241%,3434164637.00,United States,2012,69111,Technology,Computer Software: Prepackaged Software
QRVO,Qorvo Inc. Common Stock,$77.54,-0.42,-0.539%,7188398350.00,United States,,297300,Technology,Semiconductors
QTWO,Q2 Holdings Inc. Common Stock,$49.61,-0.05,-0.101%,3095880895.00,United States,2014,64371,Technology,Computer Software: Prepackaged Software
QUBT,Quantum Computing Inc. Common Stock,$7.385,-0.155,-2.056%,1658215006.00,United States,,2486415,Technology,Computer Software: Prepackaged Software
RAMP,LiveRamp Holdings Inc. Common Stock,$27.79,-0.16,-0.572%,1754240804.00,United States,2018,135490,Technology,EDP Services
RAPP,Rapport Therapeutics Inc. Common Stock,$26.14,-1.59,-5.734%,1249307530.00,United States,2024,56533,Health Care,Biotechnology: Pharmaceutical Preparations
RARE,Ultragenyx Pharmaceutical Inc. Common Stock,$20.71,-0.89,-4.12%,2001202909.00,United States,2014,463728,Health Care,Biotechnology: Pharmaceutical Preparations
RBB,RBB Bancorp Common Stock,$20.72,-0.19,-0.909%,353615808.00,United States,2017,6301,Finance,Major Banks
RBBN,Ribbon Communications Inc. Common Stock,$2.185,-0.015,-0.682%,383695885.00,United States,,154111,Technology,EDP Services
RBCAA,Republic Bancorp Inc. Class A Common Stock,$68.3125,-0.3875,-0.564%,1339563380.00,United States,1998,36458,Finance,Major Banks
RBLX,Roblox Corporation Class A Common Stock,$58.765,0.975,1.687%,41647110852.00,United States,2021,1987229,Technology,Computer Software: Prepackaged Software
RBRK,Rubrik Inc. Class A Common Stock,$52.485,0.425,0.816%,10504428989.00,United States,2024,1118890,Technology,Computer Software: Prepackaged Software
RCAT,Red Cat Holdings Inc. Common Stock,$17.16,0.19,1.12%,2048408745.00,United States,,9432500,Technology,Computer Software: Prepackaged Software
RCKT,Rocket Pharmaceuticals Inc. Common Stock,$4.515,-0.115,-2.484%,490189681.00,United States,2015,743222,Health Care,Biotechnology: Pharmaceutical Preparations
RCUS,Arcus Biosciences Inc. Common Stock,$22.055,-0.535,-2.368%,2764582693.00,United States,2018,107823,Health Care,Biotechnology: Pharmaceutical Preparations
RDDT,Reddit Inc. Class A Common Stock,$143.21,-1.12,-0.776%,27358234627.00,United States,2024,1554254,Technology,EDP Services
RDN,Radian Group Inc. Common Stock,$33.0307,-0.0293,-0.089%,4501173060.00,United States,,151102,Finance,Property-Casualty Insurers
RDNT,RadNet Inc. Common Stock,$62.67,-0.96,-1.509%,4863951874.00,United States,,152881,Health Care,Medical Specialities
RDVT,Red Violet Inc. Common Stock ,$39.695,-0.005,-0.013%,560093036.00,United States,,13770,Technology,Computer Software: Prepackaged Software
REAX,The Real Brokerage Inc. Common Shares,$2.445,-0.045,-1.807%,519073500.00,Canada,,177242,Finance,Real Estate
REGN,Regeneron Pharmaceuticals Inc. Common Stock,$747.17,-11.88,-1.565%,78990667449.00,United States,1991,175051,Health Care,Biotechnology: Pharmaceutical Preparations
REI,Ring Energy Inc. Common Stock,$1.50,0.02,1.351%,314092665.00,United States,,1751854,Energy,Oil & Gas Production
REPL,Replimune Group Inc. Common Stock,$6.57,-0.43,-6.143%,542502107.00,United States,2018,427732,Health Care,Biotechnology: Biological Products (No Diagnostic Substances)
REPX,Riley Exploration Permian Inc. Common Stock,$33.38,-0.41,-1.213%,719920747.00,United States,1999,49463,Energy,Oil & Gas Production
RES,RPC Inc. Common Stock,$7.045,0.185,2.697%,1561448657.00,United States,,1062380,Energy,Oilfield Services/Equipment
RF,Regions Financial Corporation Common Stock,$25.35,-0.10,-0.393%,21889894617.00,United States,,1897966,Finance,Major Banks
RFI,Cohen & Steers Total Return Realty Fund Inc. Common Stock,$11.375,-0.045,-0.394%,558951894.00,United States,1993,31010,Finance,Investment Managers
RGA,Reinsurance Group of America Incorporated Common Stock,$206.15,0.35,0.17%,13515848114.00,United States,,61251,Finance,Life Insurance
RGEN,Repligen Corporation Common Stock,$117.7025,-1.5675,-1.314%,6630312475.00,United States,1986,159482,Health Care,Biotechnology: Biological Products (No Diagnostic Substances)
RGNX,REGENXBIO Inc. Common Stock,$8.21,-0.43,-4.977%,423742599.00,United States,2015,123697,Health Care,Biotechnology: Biological Products (No Diagnostic Substances)
RGTI,Rigetti Computing Inc. Common Stock,$16.02,-0.20,-1.233%,5321051923.00,United States,,9190517,Technology,EDP Services
RGTIW,Rigetti Computing Inc. Warrants,$7.15,-0.04,-0.556%,2374876483.00,United States,,7848,Technology,EDP Services
RHLD,Resolute Holdings Management Common Stock ,$157.13,11.49,7.889%,1331521191.00,United States,,80304,Finance,Finance: Consumer Services
RIGL,Rigel Pharmaceuticals Inc. Common Stock,$25.58,-0.80,-3.033%,472542665.00,United States,2000,91420,Health Care,Biotechnology: Pharmaceutical Preparations
RILYG,BRC Group Holdings Inc. 5.00% Senior Notes due 2026,$22.50,-0.20,-0.881%,686183985.00,United States,,3790,Finance,Investment Managers
RILYK,BRC Group Holdings Inc. 5.50% Senior Notes Due 2026,$25.17,0.00,0.00%,767611151.00,United States,,4422,Finance,Investment Managers
RILYL,BRC Group Holdings Inc. Depositary Shares each representing 1/1000th in a share of 7.375% Series B Cumulative Perpetual Preferred Stock par value $0.0001,$11.1409,0.6309,6.003%,347804081.00,United States,,8601,Finance,Investment Managers
RILYN,BRC Group Holdings Inc. 6.50% Senior Notes Due 2026,$23.6819,-0.0181,-0.076%,722228467.00,United States,,5303,Finance,Investment Managers
RILYP,BRC Group Holdings Inc. Depositary Shares each representing a 1/1000th fractional interest in a share of Series A Cumulative Perpetual Preferred Stock,$9.95,0.37,3.862%,310625767.00,United States,,10845,Finance,Investment Managers
RILYT,BRC Group Holdings Inc. 6.00% Senior Notes Due 2028,$17.885,0.245,1.389%,545440025.00,United States,,4028,Finance,Investment Managers
RILYZ,BRC Group Holdings Inc. 5.25% Senior Notes due 2028,$16.72,-0.04,-0.239%,509910944.00,United States,,4035,Finance,Investment Managers
RIOT,Riot Platforms Inc. Common Stock ,$14.025,-0.655,-4.462%,5317240032.00,United States,,6820187,Finance,Finance: Consumer Services
RJF,Raymond James Financial Inc. Common Stock,$143.54,-0.97,-0.671%,28290447451.00,United States,,110602,Finance,Investment Bankers/Brokers/Service
RKT,Rocket Companies Inc. Class A Common Stock,$14.615,-0.225,-1.516%,41211601735.00,United States,2020,3361434,Finance,Finance: Consumer Services
RLAY,Relay Therapeutics Inc. Common Stock,$9.985,-0.275,-2.68%,1784577203.00,United States,2020,248841,Health Care,Biotechnology: Biological Products (No Diagnostic Substances)
RLI,RLI Corp. Common Stock (DE),$59.67,-1.55,-2.532%,5484876962.00,United States,,76498,Finance,Property-Casualty Insurers
RLMD,Relmada Therapeutics Inc. Common Stock,$6.405,-0.045,-0.698%,469701849.00,United States,,174463,Health Care,Biotechnology: Pharmaceutical Preparations
RMBS,Rambus Inc. Common Stock,$93.96,0.46,0.492%,10128017179.00,United States,1997,160905,Technology,Semiconductors
RMD,ResMed Inc. Common Stock,$231.50,-2.00,-0.857%,33724549832.00,United States,,152343,Health Care,Medical/Dental Instruments
RMT,Royce Micro-Cap Trust Inc. Common Stock,$11.582,0.032,0.277%,535888797.00,United States,,93035,Finance,Investment Managers
RNA,Atrium Therapeutics Inc. Common Stock,$13.175,-0.595,-4.321%,2044096586.00,United States,,168261,Health Care,Biotechnology: Pharmaceutical Preparations
RNG,RingCentral Inc. Class A Common Stock,$37.48,-0.47,-1.238%,3151039961.00,United States,2013,256278,Technology,EDP Services
RNGR,Ranger Energy Services Inc. Class A Common Stock,$17.16,-0.02,-0.116%,404122942.00,United States,2017,65099,Energy,Oilfield Services/Equipment
RNP,Cohen & Steers REIT and Preferred and Income Fund Inc. Common Shares,$20.71,-0.12,-0.576%,1017660986.00,United States,2003,34986,Finance,Investment Managers
RNST,Renasant Corporation Common Stock,$34.625,-0.665,-1.884%,3259677380.00,United States,2023,180116,Finance,Major Banks
ROIV,Roivant Sciences Ltd. Common Shares,$27.81,-0.49,-1.731%,19903648620.00,United Kingdom,,700079,Health Care,Biotechnology: Pharmaceutical Preparations
ROOT,Root Inc. Class A Common Stock,$45.77,-0.89,-1.907%,711936056.00,United States,2020,82005,Finance,Property-Casualty Insurers
ROP,Roper Technologies Inc. Common Stock,$350.71,-2.18,-0.618%,36097708786.00,United States,1992,202199,Technology,Computer Software: Programming Data Processing
RPC,Ridgepost Capital Inc. Class A Common Stock,$7.80,0.06,0.775%,854143485.00,United States,2021,86223,Finance,Investment Managers
RPD,Rapid7 Inc. Common Stock,$6.34,0.16,2.589%,417762330.00,United States,2015,506969,Technology,Computer Software: Prepackaged Software
RPRX,Royalty Pharma plc Class A Ordinary Shares ,$45.595,-0.515,-1.117%,26301783653.00,United States,2020,994586,Health Care,Biotechnology: Pharmaceutical Preparations
RQI,Cohen & Steers Quality Income Realty Fund Inc Common Shares,$12.60,-0.09,-0.709%,1692185141.00,United States,2002,67790,Finance,Trusts Except Educational Religious and Charitable
RRC,Range Resources Corporation Common Stock,$42.835,-0.525,-1.211%,10082545135.00,United States,,724596,Energy,Oil & Gas Production
RUM,Rumble Inc. Class A Common Stock,$5.38,-0.07,-1.284%,2341540660.00,United States,2021,306919,Technology,Computer Software: Programming Data Processing
RUMBW,Rumble Inc. Warrant,$1.27,0.00,0.00%,552742870.00,United States,2021,8,Technology,Computer Software: Programming Data Processing
RVMD,Revolution Medicines Inc. Common Stock,$97.70,-1.43,-1.443%,19361540887.00,United States,2020,250413,Health Care,Biotechnology: Biological Products (No Diagnostic Substances)
RVMDW,Revolution Medicines Inc. Warrant,$1.75,-0.03,-1.685%,346803445.00,United States,,1500,Health Care,Biotechnology: Biological Products (No Diagnostic Substances)
RVT,Royce Small-Cap Trust Inc. Common Stock,$16.88,0.03,0.178%,1822309349.00,United States,1986,43944,Finance,Trusts Except Educational Religious and Charitable
RWAYL,Runway Growth Finance Corp. 7.50% Notes due 2027,$25.26,-0.0199,-0.079%,914832124.00,United States,,733,Finance,Finance: Consumer Services
RXRX,Recursion Pharmaceuticals Inc. Class A Common Stock,$3.41,-0.01,-0.292%,1798427170.00,United States,2021,4331482,Health Care,Biotechnology: Biological Products (No Diagnostic Substances)
RXST,RxSight Inc. Common Stock,$7.47,-0.09,-1.19%,308259522.00,United States,2021,68330,Health Care,Ophthalmic Goods
RXT,Rackspace Technology Inc. Common Stock,$1.81,0.04,2.26%,446915062.00,United States,2020,3357963,Technology,Computer Software: Programming Data Processing
RYAM,Rayonier Advanced Materials Inc. Common Stock,$11.59,-0.16,-1.362%,776594823.00,United States,2014,188502,Basic Materials,Paper
RYAN,Ryan Specialty Holdings Inc. Class A Common Stock,$34.25,-1.73,-4.808%,9048497259.00,United States,2021,350667,Finance,Specialty Insurers
RYTM,Rhythm Pharmaceuticals Inc. Common Stock,$84.55,-3.13,-3.57%,5773500047.00,United States,2017,173652,Health Care,Biotechnology: Pharmaceutical Preparations
RZB,Reinsurance Group of America Incorporated 5.75% Fixed-To-Floating Rate Subordinated Debentures due 2056,$25.025,-0.015,-0.06%,1640718404.00,United States,2016,3062,Finance,Life Insurance
RZC,Reinsurance Group of America Incorporated 7.125% Fixed-Rate Reset Subordinated Debentures due 2052,$25.537,-0.033,-0.129%,1674286749.00,United States,2022,5850,Finance,Life Insurance
RZLV,Rezolve AI PLC Ordinary Shares,$2.70,-0.13,-4.594%,1076834485.00,United Kingdom,,3443232,Technology,Computer Software: Programming Data Processing
RZLVW,Rezolve AI PLC Warrants,$1.0101,0.1101,12.233%,402855746.00,United Kingdom,,3652,Technology,Computer Software: Programming Data Processing
S,SentinelOne Inc. Class A Common Stock,$14.475,-0.015,-0.104%,4919603688.00,United States,2021,1398482,Technology,Computer Software: Prepackaged Software
SA,Seabridge Gold Inc. Ordinary Shares (Canada),$28.00,-2.85,-9.238%,2907582580.00,Canada,,753022,Basic Materials,Precious Metals
SABR,Sabre Corporation Common Stock,$1.495,-0.09,-5.678%,590771724.00,United States,2014,2540042,Technology,Computer Software: Programming Data Processing
SAFT,Safety Insurance Group Inc. Common Stock,$72.105,-0.715,-0.982%,1055017575.00,United States,2002,8680,Finance,Property-Casualty Insurers
SAIC,Science Applications International Corporation Common Stock,$96.75,2.17,2.294%,4200818533.00,United States,,109499,Technology,EDP Services
SAIL,SailPoint Inc. Common Stock,$12.56,-2.15,-14.616%,7054019546.00,United States,2025,6626618,Technology,Computer Software: Prepackaged Software
SAJ,Saratoga Investment Corp 8.00% Notes due 2027,$25.2036,-0.1164,-0.46%,394893306.00,United States,2022,1213,Finance,Investment Managers
SANA,Sana Biotechnology Inc. Common Stock,$3.135,-0.085,-2.64%,836627722.00,United States,2021,574560,Health Care,Biotechnology: Biological Products (No Diagnostic Substances)
SANM,Sanmina Corporation Common Stock,$126.27,1.16,0.927%,6894959208.00,United States,1993,125541,Technology,Electrical Products
SAR,Saratoga Investment Corp New,$22.70,0.22,0.979%,367378117.00,United States,,14317,Finance,Investment Managers
SAT,Saratoga Investment Corp 6.00% Notes due 2027,$24.75,0.04,0.162%,387786242.00,United States,2022,7660,Finance,Investment Managers
SAY,Saratoga Investment Corp 8.125% Notes due 2027,$25.15,-0.0114,-0.045%,394053495.00,United States,2022,162,Finance,Investment Managers
SAZ,Saratoga Investment Corp 8.50% Notes due 2028,$25.22,-0.01,-0.04%,395150264.00,United States,2023,1148,Finance,Investment Managers
SBC,SBC Medical Group Holdings Incorporated Common Stock,$3.585,-0.055,-1.511%,367738341.00,United States,2022,8649,Health Care,Medical/Nursing Services
SBCF,Seacoast Banking Corporation of Florida Common Stock,$29.415,-0.425,-1.424%,2881456161.00,United States,,234827,Finance,Major Banks
SBET,Sharplink Inc. Common Stock,$7.915,-0.395,-4.753%,1560511965.00,United States,,2388604,Technology,Computer Software: Prepackaged Software
SBR,Sabine Royalty Trust Common Stock,$74.3168,-0.9832,-1.306%,1083490266.00,United States,,10628,Energy,Oil & Gas Production
SBSI,Southside Bancshares Inc. Common Stock,$29.81,-0.13,-0.434%,886415464.00,United States,,11822,Finance,Major Banks
SCCO,Southern Copper Corporation Common Stock,$170.08,-6.94,-3.92%,139313052187.00,United States,,567407,Basic Materials,Metal Mining
SCHW,Charles Schwab Corporation (The) Common Stock,$93.50,-0.43,-0.458%,163831674738.00,United States,,1454920,Finance,Investment Bankers/Brokers/Service
SCSC,ScanSource Inc. Common Stock,$34.855,-0.705,-1.983%,748698819.00,United States,,25444,Technology,Retail: Computer Software & Peripheral Equipment
SD,SandRidge Energy Inc. Common Stock,$16.77,-0.10,-0.593%,617557984.00,United States,2016,96623,Energy,Oil & Gas Production
SDGR,Schrodinger Inc. Common Stock,$12.16,-0.13,-1.058%,897713228.00,United States,2020,301969,Health Care,Biotechnology: Pharmaceutical Preparations
SEIC,SEI Investments Company Common Stock,$78.195,-0.575,-0.73%,9559192682.00,United States,1981,70615,Finance,Investment Bankers/Brokers/Service
SEM,Select Medical Holdings Corporation Common Stock,$16.255,-0.005,-0.031%,2015917467.00,United States,2009,390663,Health Care,Hospital/Nursing Management
SEMR,SEMrush Holdings Inc. Class A Common Stock,$11.92,-0.01,-0.084%,1799433759.00,United States,2021,206187,Technology,Computer Software: Prepackaged Software
SEPN,Septerna Inc. Common Stock,$24.50,-0.67,-2.662%,1100206163.00,United States,2024,42534,Health Care,Biotechnology: Pharmaceutical Preparations
SEZL,Sezzle Inc. Common Stock,$68.14,0.02,0.029%,2303246135.00,United States,,86166,Finance,Finance: Consumer Services
SF,Stifel Financial Corporation Common Stock,$71.045,-0.105,-0.148%,10996902306.00,United States,,322419,Finance,Investment Bankers/Brokers/Service
SFB,Stifel Financial Corporation 5.20% Senior Notes due 2047,$19.91,-0.06,-0.30%,2034272513.00,United States,2017,3039,Finance,Investment Bankers/Brokers/Service
SFBS,ServisFirst Bancshares Inc. Common Stock,$72.20,-1.24,-1.688%,3945045905.00,United States,,67384,Finance,Major Banks
SFNC,Simmons First National Corporation Class A Common Stock,$18.45,-0.24,-1.284%,2672811759.00,United States,,266584,Finance,Major Banks
SFST,Southern First Bancshares Inc. Common Stock,$51.47,-0.54,-1.038%,423659761.00,United States,,15679,Finance,Major Banks
SGML,Sigma Lithium Corporation Common Shares,$11.01,-0.60,-5.168%,1226337609.00,Canada,,487420,Basic Materials,Metal Mining
SGP,SpyGlass Pharma Inc. Common Stock,$27.00,-0.20,-0.735%,861601428.00,United States,2026,35570,Health Care,Medical/Dental Instruments
SGRY,Surgery Partners Inc. Common Stock,$12.265,-0.385,-3.043%,1587334289.00,United States,2015,222428,Health Care,Hospital/Nursing Management
SHBI,Shore Bancshares Inc Common Stock,$17.545,-0.255,-1.433%,586321003.00,United States,,50378,Finance,Major Banks
SHC,Sotera Health Company Common Stock,$13.93,0.08,0.578%,3961581660.00,United States,2020,481842,Health Care,Misc Health and Biotechnology Services
SHG,Shinhan Financial Group Co Ltd American Depositary Shares,$61.07,-0.13,-0.212%,30745405998.00,South Korea,,140880,Finance,Major Banks
SHLS,Shoals Technologies Group Inc. Class A Common Stock,$5.985,-0.185,-2.998%,1002190189.00,United States,2021,523486,Technology,Semiconductors
SHOP,Shopify Inc. Class A Subordinate Voting Shares,$126.41,-1.39,-1.088%,164852718661.00,Canada,,1432510,Technology,Computer Software: Prepackaged Software
SIBN,SI-BONE Inc. Common Stock,$12.88,0.04,0.312%,568848897.00,United States,2018,77241,Health Care,Medical/Dental Instruments
SIGA,SIGA Technologies Inc. Common Stock,$4.865,-0.155,-3.088%,348550006.00,United States,,220993,Health Care,Biotechnology: Pharmaceutical Preparations
SIGI,Selective Insurance Group Inc. Common Stock,$74.805,-1.685,-2.203%,4494431018.00,United States,,56137,Finance,Property-Casualty Insurers
SIGIP,Selective Insurance Group Inc. Depositary Shares each representing a 1/1000th interest in a share of 4.60% Non-Cumulative Preferred Stock Series B,$16.41,0.00,0.00%,985944964.00,United States,,247,Finance,Property-Casualty Insurers
SION,Sionna Therapeutics Inc. Common Stock,$34.835,-1.005,-2.804%,1567507873.00,United States,2025,77613,Health Care,Biotechnology: Pharmaceutical Preparations
SITM,SiTime Corporation Common Stock,$351.30,5.30,1.532%,9239160140.00,United States,2019,61100,Technology,Semiconductors
SKWD,Skyward Specialty Insurance Group Inc. Common Stock,$43.74,-1.30,-2.886%,1944990254.00,United States,2023,98170,Finance,Property-Casualty Insurers
SKYH,Sky Harbour Group Corporation Class A Common Stock,$9.57,0.02,0.209%,728446734.00,United States,2022,32512,Finance,Real Estate
SKYT,SkyWater Technology Inc. Common Stock,$27.68,0.00,0.00%,1328503759.00,United States,2021,130964,Technology,Semiconductors
SLAB,Silicon Laboratories Inc. Common Stock,$206.535,0.175,0.085%,6809131799.00,United States,2000,72143,Technology,Semiconductors
SLDB,Solid Biosciences Inc. Common Stock,$7.44,-0.32,-4.124%,579652178.00,United States,2018,156063,Health Care,Biotechnology: Biological Products (No Diagnostic Substances)
SLDE,Slide Insurance Holdings Inc. Common Stock,$17.72,-0.52,-2.851%,2202939874.00,United States,2025,382208,Finance,Property-Casualty Insurers
SLF,Sun Life Financial Inc. Common Stock,$63.965,-0.005,-0.008%,35428510304.00,Canada,,79332,Finance,Life Insurance
SLM,SLM Corporation Common Stock,$19.92,0.08,0.403%,3947240150.00,United States,,410151,Finance,Finance: Consumer Services
SLMBP,SLM Corporation Floating Rate Non-Cumulative Preferred Stock Series B,$74.565,0.00,0.00%,14775399688.00,United States,,41,Finance,Finance: Consumer Services
SLN,Silence Therapeutics Plc American Depository Share,$6.61,-0.30,-4.342%,309348000.00,United Kingdom,,116543,Health Care,Biotechnology: Pharmaceutical Preparations
SLNHP,Soluna Holdings Inc 9.0% Series A Cumulative Perpetual Preferred Stock ,$8.79,-0.04,-0.453%,974177584.00,United States,,1218,Technology,EDP Services
SLNO,Soleno Therapeutics Inc. Common Stock,$32.885,-0.735,-2.186%,1697667868.00,United States,2014,332025,Health Care,Biotechnology: Electromedical & Electrotherapeutic Apparatus
SLRC,SLR Investment Corp. Common Stock,$14.43,0.13,0.909%,787223369.00,United States,2010,106131,Finance,Finance/Investors Services
SLS,SELLAS Life Sciences Group Inc. Common Stock,$4.91,-0.13,-2.579%,699391393.00,United States,,2284654,Health Care,Biotechnology: Pharmaceutical Preparations
SLVM,Sylvamo Corporation Common Stock,$40.09,-1.23,-2.977%,1583894322.00,United States,2021,66396,Basic Materials,Paper
SM,SM Energy Company Common Stock,$27.02,0.21,0.783%,6440464665.00,United States,,1497687,Energy,Oil & Gas Production
SMBC,Southern Missouri Bancorp Inc. Common Stock,$61.02,-0.26,-0.424%,677827185.00,United States,,8711,Finance,Banks
SMBK,SmartFinancial Inc. Common Stock,$37.90,-0.53,-1.379%,647975125.00,United States,,15126,Finance,Major Banks
SMCI,Super Micro Computer Inc. Common Stock,$30.92,-0.59,-1.872%,18520753114.00,United States,2020,7512326,Technology,Computer Manufacturing
SMMT,Summit Therapeutics Inc. Common Stock ,$15.46,-0.39,-2.461%,11987261942.00,United States,2015,451428,Health Care,Biotechnology: Pharmaceutical Preparations
SMRT,SmartRent Inc. Class A Common Stock,$1.655,-0.035,-2.071%,318130341.00,United States,,111264,Technology,EDP Services
SMTC,Semtech Corporation Common Stock,$75.62,-3.59,-4.532%,6997879110.00,United States,,1292020,Technology,Semiconductors
SNAP,Snap Inc. Class A Common Stock,$4.66,0.01,0.215%,7870516273.00,United States,2017,10160697,Technology,Computer Software: Programming Data Processing
SNDA,Sonida Senior Living Inc. Common Stock,$34.98,-1.28,-3.53%,1657633709.00,United States,,280275,Health Care,Hospital/Nursing Management
SNDK,Sandisk Corporation Common Stock,$743.21,23.04,3.199%,109698518400.00,United States,,8099549,Technology,Electronic Components
SNDL,SNDL Inc. Common Shares,$1.4045,-0.0355,-2.465%,364046400.00,Canada,2019,396983,Health Care, Medicinal Chemicals and Botanical Products 
SNDX,Syndax Pharmaceuticals Inc. Common Stock,$23.5438,-0.2262,-0.952%,2076577192.00,United States,2016,373719,Health Care,Biotechnology: Pharmaceutical Preparations
SNEX,StoneX Group Inc. Common Stock,$104.7895,-3.8105,-3.509%,5497604652.00,United States,,167428,Finance,Investment Bankers/Brokers/Service
SNN,Smith & Nephew SNATS Inc. Common Stock,$33.35,-0.02,-0.06%,14169148034.00,United Kingdom,,77199,Health Care,Industrial Specialties
SNOW,Snowflake Inc. Common Stock,$175.42,0.82,0.47%,60028724000.00,United States,2020,1230123,Technology,Computer Software: Prepackaged Software
SNPS,Synopsys Inc. Common Stock,$433.40,4.11,0.957%,83022982502.00,United States,1992,334489,Technology,Computer Software: Prepackaged Software
SNX,TD SYNNEX Corporation Common Stock,$154.56,-0.16,-0.103%,12461614838.00,United States,2003,43344,Technology,Retail: Computer Software & Peripheral Equipment
SOBO,South Bow Corporation Common Shares,$33.43,-0.32,-0.948%,6972130680.00,Canada,2024,112849,Energy,Natural Gas Distribution
SOC,Sable Offshore Corp. Common Stock,$17.22,-0.01,-0.058%,2535543161.00,United States,2021,2574866,Energy,Oil & Gas Production
SOFI,SoFi Technologies Inc. Common Stock  ,$17.81,0.44,2.533%,22712449169.00,United States,,29635597,Finance,Finance: Consumer Services
SOHU,Sohu.com Limited American Depositary Shares,$16.22,0.02,0.123%,422839537.00,China,,5077,Technology,EDP Services
SOJE,Southern Company (The) Series 2020C 4.20% Junior Subordinated Notes due October 15 2060,$17.5241,-0.1159,-0.657%,19181279432.00,United States,2020,7841,Basic Materials,Metal Mining
SOLV,Solventum Corporation Common Stock,$67.80,-0.87,-1.267%,11762825739.00,United States,2024,142349,Health Care,Medical/Dental Instruments
SOMN,Southern Company (The) 2025 Series A Corporate Units,$52.2301,-0.3599,-0.684%,58465919068.00,United States,,3462,Basic Materials,Metal Mining
SOR,Source Capital Inc. Cmn Shs of BI,$47.53,0.56,1.192%,396613277.00,United States,,923,Finance,Investment Managers
SOUN,SoundHound AI Inc Class A Common Stock,$7.535,-0.285,-3.645%,3185904959.00,United States,,5778867,Technology,Computer Software: Prepackaged Software
SOUNW,SoundHound AI Inc. Warrant,$2.54,-0.19,-6.96%,1073948055.00,United States,2021,9266,Technology,Computer Software: Prepackaged Software
SPFI,South Plains Financial Inc. Common Stock,$40.815,-0.06,-0.147%,666566989.00,United States,2019,25164,Finance,Major Banks
SPGI,S&P Global Inc. Common Stock,$428.995,-3.945,-0.911%,128183706000.00,United States,,316156,Finance,Finance: Consumer Services
SPRY,ARS Pharmaceuticals Inc. Common Stock,$8.695,-0.195,-2.193%,863390084.00,United States,2020,306997,Health Care,Biotechnology: Pharmaceutical Preparations
SPSC,SPS Commerce Inc. Common Stock,$60.22,-0.21,-0.348%,2251678372.00,United States,2010,59518,Technology,Computer Software: Prepackaged Software
SPT,Sprout Social Inc Class A Common Stock,$5.875,0.205,3.616%,349916745.00,United States,2019,301872,Technology,Computer Software: Prepackaged Software
SRCE,1st Source Corporation Common Stock,$65.929,-1.151,-1.716%,1661922343.00,United States,,34447,Finance,Major Banks
SRPT,Sarepta Therapeutics Inc. Common Stock (DE),$17.06,0.22,1.306%,1791125510.00,United States,,391876,Health Care,Biotechnology: Pharmaceutical Preparations
SRRK,Scholar Rock Holding Corporation Common Stock,$40.21,-0.50,-1.228%,4619449290.00,United States,2018,365134,Health Care,Biotechnology: Biological Products (No Diagnostic Substances)
SSB,SouthState Bank Corporation Common Stock,$90.18,-1.00,-1.097%,8861748902.00,United States,,133870,Finance,Major Banks
SSNC,SS&C Technologies Holdings Inc. Common Stock,$72.82,0.20,0.275%,17586415509.00,United States,2010,482069,Technology,Computer Software: Prepackaged Software
SSSSL,SuRo Capital Corp. 6.00% Notes due 2026,$25.00,-0.055,-0.22%,597202675.00,United States,,965,Finance,Finance: Consumer Services
SSTK,Shutterstock Inc. Common Stock,$16.965,0.075,0.444%,603050699.00,United States,2012,102468,Technology,EDP Services
SSYS,Stratasys Ltd. Ordinary Shares (Israel),$7.94,-0.13,-1.611%,684209960.00,United States,1994,137326,Technology,Computer peripheral equipment
STAA,STAAR Surgical Company Common Stock,$18.785,0.935,5.238%,930096990.00,United States,,503474,Health Care,Ophthalmic Goods
STBA,S&T Bancorp Inc. Common Stock,$39.625,-0.335,-0.838%,1448239543.00,United States,,50811,Finance,Major Banks
STC,Stewart Information Services Corporation Common Stock,$64.5075,-0.5325,-0.819%,1962280413.00,United States,,41668,Finance,Specialty Insurers
STE,STERIS plc (Ireland) Ordinary Shares,$218.125,-2.005,-0.911%,21392614828.00,United States,,94014,Health Care,Industrial Specialties
STEL,Stellar Bancorp Inc. Common Stock,$35.32,-0.25,-0.703%,1793274669.00,United States,,46123,Finance,Major Banks
STEP,StepStone Group Inc. Class A Common Stock,$46.85,0.26,0.558%,5582724614.00,United States,2020,116917,Finance,Investment Managers
STEX,Streamex Corp. Common Stock,$1.825,-0.065,-3.439%,325798385.00,United States,,640674,Health Care,Biotechnology: Electromedical & Electrotherapeutic Apparatus
STOK,Stoke Therapeutics Inc. Common Stock,$31.36,-1.51,-4.594%,1854968774.00,United States,2019,163867,Health Care,Biotechnology: Pharmaceutical Preparations
STRC,Strategy Inc Variable Rate Series A Perpetual Stretch Preferred Stock,$99.7599,-0.1151,-0.115%,33295136775.00,United States,,812812,Technology,Computer Software: Prepackaged Software
STRD,Strategy Inc 10.00% Series A Perpetual Stride Preferred Stock,$74.00,-0.395,-0.531%,24697700392.00,United States,,14643,Technology,Computer Software: Prepackaged Software
STRF,Strategy Inc 10.00% Series A Perpetual Strife Preferred Stock,$99.24,-0.605,-0.606%,33121618742.00,United States,,63784,Technology,Computer Software: Prepackaged Software
STRK,Strategy Inc 8.00% Series A Perpetual Strike Preferred Stock,$77.09,-0.73,-0.938%,25728996260.00,United States,,40551,Technology,Computer Software: Prepackaged Software
STRO,Sutro Biopharma Inc. Common Stock,$21.81,-1.125,-4.905%,358387831.00,United States,2018,26295,Health Care,Biotechnology: Biological Products (No Diagnostic Substances)
STT,State Street Corporation Common Stock,$122.735,1.175,0.967%,34209706977.00,United States,,355795,Finance,Major Banks
STTK,Shattuck Labs Inc. Common Stock,$6.05,0.10,1.681%,432963513.00,United States,2020,153803,Health Care,Biotechnology: Pharmaceutical Preparations
STX,Seagate Technology Holdings PLC Ordinary Shares (Ireland),$417.665,-3.425,-0.813%,91081487529.00,Ireland,2002,1139318,Technology,Electronic Components
SU,Suncor Energy  Inc. Common Stock,$61.33,0.01,0.016%,72793248380.00,Canada,,996541,Energy,Integrated oil Companies
SUN,Sunoco LP Common Units representing limited partner interests,$65.43,0.69,1.066%,13401551355.00,United States,2012,149972,Energy,Integrated oil Companies
SUPN,Supernus Pharmaceuticals Inc. Common Stock,$49.37,-1.45,-2.853%,2836674899.00,United States,2012,141418,Health Care,Biotechnology: Pharmaceutical Preparations
SVM,Silvercorp Metals Inc. Common Shares,$10.205,-0.635,-5.858%,2247923815.00,Canada,,3138415,Basic Materials,Precious Metals
SVRA,Savara Inc. Common Stock,$5.05,-0.10,-1.942%,1033520370.00,United States,,465786,Health Care,Biotechnology: Pharmaceutical Preparations
SWKS,Skyworks Solutions Inc. Common Stock,$53.925,0.215,0.40%,8108897027.00,United States,,477893,Technology,Semiconductors
SWMR,Swarmer Inc Common Stock,$63.50,32.50,104.839%,784134767.00,United States,2026,11843999,Technology,Computer Software: Prepackaged Software
SY,So-Young International Inc. American Depository Shares,$3.24,-0.10,-2.994%,326258108.00,China,2019,407598,Technology,EDP Services
SYBT,Stock Yards Bancorp Inc. Common Stock,$62.54,-0.77,-1.216%,1845677853.00,United States,,35063,Finance,Major Banks
SYF,Synchrony Financial Common Stock,$65.56,0.41,0.629%,22788412051.00,United States,2014,569642,Finance,Finance: Consumer Services
SYK,Stryker Corporation Common Stock,$346.04,-3.07,-0.879%,132425589097.00,United States,,436898,Health Care,Medical/Dental Instruments
SYNA,Synaptics Incorporated Common Stock $0.001 Par Value,$74.70,0.14,0.188%,2893111653.00,United States,2002,123435,Technology,Semiconductors
SYRE,Spyre Therapeutics Inc. Common Stock,$42.53,-1.42,-3.231%,3340313175.00,United States,2016,135166,Health Care,Biotechnology: Pharmaceutical Preparations
TACO,Berto Acquisition Corp. Ordinary Shares,$10.20,0.00,0.00%,371710766.00,United States,2025,11280,Finance,Blank Checks
TALK,Talkspace Inc. Common Stock,$5.135,-0.005,-0.097%,857935311.00,United States,2020,3951021,Health Care,Medical/Nursing Services
TALO,Talos Energy Inc. Common Stock,$14.11,0.15,1.074%,2377742177.00,United States,2018,395817,Energy,Oil & Gas Production
TARS,Tarsus Pharmaceuticals Inc. Common Stock,$68.805,-0.985,-1.411%,2928168237.00,United States,2020,88162,Health Care,Biotechnology: Biological Products (No Diagnostic Substances)
TASK,TaskUs Inc. Class A Common Stock,$10.86,0.36,3.429%,983495197.00,United States,2021,251418,Technology,EDP Services
TBBK,The Bancorp Inc Common Stock,$52.83,-0.31,-0.583%,2229100039.00,United States,2004,65928,Finance,Major Banks
TBLD,Thornburg Income Builder Opportunities Trust Common Stock,$21.50,-0.12,-0.555%,689760485.00,United States,2021,7955,Finance,Investment Managers
TCBI,Texas Capital Bancshares Inc. Common Stock,$91.28,-0.19,-0.208%,4035777154.00,United States,2003,193074,Finance,Major Banks
TCBIO,Texas Capital Bancshares Inc. Depositary Shares 5.75% Fixed Rate Non-Cumulative Perpetual Preferred Stock Series B,$22.49,-0.09,-0.399%,994353946.00,United States,,25248,Finance,Major Banks
TCBK,TriCo Bancshares Common Stock,$45.825,-0.825,-1.768%,1473302711.00,United States,,25387,Finance,Major Banks
TCBX,Third Coast Bancshares Inc. Common Stock,$36.85,-0.67,-1.786%,607501067.00,United States,,9075,Finance,Banks
TCMD,Tactile Systems Technology Inc. Common Stock,$27.55,0.14,0.511%,626773796.00,United States,2016,44350,Health Care,Medical/Dental Instruments
TCPC,BlackRock TCP Capital Corp. Common Stock,$3.615,0.085,2.408%,304856699.00,United States,2012,638773,Finance,Finance/Investors Services
TD,Toronto Dominion Bank (The) Common Stock,$95.37,-0.66,-0.687%,159156286486.00,Canada,,354254,Finance,Commercial Banks
TDC,Teradata Corporation Common Stock,$27.165,-0.075,-0.275%,2504613000.00,United States,,215574,Technology,Computer Software: Prepackaged Software
TDOC,Teladoc Health Inc. Common Stock,$5.48,-0.13,-2.317%,977612458.00,United States,2015,1038985,Health Care,Medical/Nursing Services
TECH,Bio-Techne Corp Common Stock,$50.70,-0.36,-0.705%,7932181904.00,United States,,498941,Health Care,Biotechnology: Biological Products (No Diagnostic Substances)
TECX,Tectonic Therapeutic Inc. Common Stock,$31.60,0.12,0.381%,593341382.00,United States,2018,30719,Health Care,Biotechnology: Biological Products (No Diagnostic Substances)
TEL,TE Connectivity plc Ordinary Shares,$200.99,-3.35,-1.639%,58977354530.00,Ireland,,481354,Technology,Electronic Components
TEM,Tempus AI Inc. Class A Common Stock,$49.77,-1.07,-2.105%,8897566551.00,United States,2024,1804739,Technology,Computer Software: Programming Data Processing
TENB,Tenable Holdings Inc. Common Stock,$20.43,0.19,0.939%,2347154036.00,United States,2018,274634,Technology,Computer Software: Prepackaged Software
TERN,Terns Pharmaceuticals Inc. Common Stock,$45.61,-0.86,-1.851%,4732560647.00,United States,2021,426132,Health Care,Biotechnology: Pharmaceutical Preparations
TFC,Truist Financial Corporation Common Stock,$44.305,-0.285,-0.639%,54982937062.00,United States,,2875905,Finance,Major Banks
TFIN,Triumph Financial Inc. Common Stock,$55.88,-0.39,-0.693%,1329606764.00,United States,,34692,Finance,Major Banks
TFSL,TFS Financial Corporation Common Stock,$13.49,-0.06,-0.443%,3784900079.00,United States,2007,92224,Finance,Savings Institutions
TFX,Teleflex Incorporated Common Stock,$106.795,-2.205,-2.023%,4720399019.00,United States,,106373,Health Care,Medical/Dental Instruments
TGB,Taseko Mines Ltd. Common Stock,$6.3999,-0.2901,-4.336%,2333129304.00,Canada,,2117149,Basic Materials,Precious Metals
TGTX,TG Therapeutics Inc. Common Stock,$30.605,-0.905,-2.872%,4887259075.00,United States,,783416,Health Care,Biotechnology: Pharmaceutical Preparations
THC,Tenet Healthcare Corporation Common Stock,$206.095,-5.545,-2.62%,17922639485.00,United States,,119114,Health Care,Hospital/Nursing Management
THFF,First Financial Corporation Common Stock,$60.625,-0.955,-1.551%,720946195.00,United States,,10843,Finance,Major Banks
THG,Hanover Insurance Group Inc,$171.05,-2.72,-1.565%,6012290502.00,United States,,44159,Finance,Property-Casualty Insurers
THM,International Tower Hill Mines Ltd. Ordinary Shares (Canada),$2.245,-0.145,-6.067%,586118927.00,Canada,,464184,Basic Materials,Metal Mining
THR,Thermon Group Holdings Inc. Common Stock,$48.77,-0.70,-1.415%,1602015102.00,United States,2011,117597,Energy,Industrial Machinery/Components
TIGR,UP Fintech Holding Ltd American Depositary Share representing fifteen Class A Ordinary Shares,$7.255,-0.185,-2.487%,1290405359.00,China,2019,958449,Finance,Investment Bankers/Brokers/Service
TIPT,Tiptree Inc. Common Stock,$16.08,-0.09,-0.557%,609063077.00,United States,,78373,Finance,Property-Casualty Insurers
TLRY,Tilray Brands Inc. Common Stock ,$6.875,-0.075,-1.079%,801092875.00,United States,2018,514740,Health Care, Medicinal Chemicals and Botanical Products 
TMC,TMC the metals company Inc. Common Stock,$5.90,-0.17,-2.801%,2439603066.00,Canada,,1815847,Basic Materials,Metal Mining
TMDX,TransMedics Group Inc. Common Stock,$115.905,-8.815,-7.068%,3975825583.00,United States,2019,435974,Health Care,Biotechnology: Electromedical & Electrotherapeutic Apparatus
TMP,Tompkins Financial Corporation Common Stock,$73.52,-0.24,-0.325%,1060013198.00,United States,1997,12992,Finance,Major Banks
TMQ,Trilogy Metals Inc. Common Stock,$3.595,-0.225,-5.89%,620301572.00,Canada,,1086711,Basic Materials,Precious Metals
TNDM,Tandem Diabetes Care Inc. Common Stock,$24.22,0.31,1.297%,1654853952.00,United States,2013,341570,Health Care,Medical/Dental Instruments
TNGX,Tango Therapeutics Inc.,$18.575,-0.105,-0.562%,2650445407.00,United States,2020,876084,Health Care,Biotechnology: Pharmaceutical Preparations
TOI,The Oncology Institute Inc. Common Stock,$3.58,-0.01,-0.279%,353844136.00,United States,2020,848309,Health Care,Medical/Nursing Services
TOST,Toast Inc. Class A Common Stock,$27.99,-0.40,-1.409%,16486110000.00,United States,2021,2184025,Technology,EDP Services
TOWN,TowneBank Common Stock,$32.39,-0.54,-1.64%,2416855319.00,United States,,108348,Finance,Major Banks
TPG,TPG Inc. Class A Common Stock,$41.54,0.79,1.939%,15684155196.00,United States,2022,639355,Finance,Investment Managers
TPL,Texas Pacific Land Corporation Common Stock,$534.99,5.81,1.098%,36883041974.00,United States,,69266,Energy,Oil & Gas Production
TRC,Tejon Ranch Co Common Stock,$18.665,-0.305,-1.608%,501975670.00,United States,2000,14780,Finance,Real Estate
TRDA,Entrada Therapeutics Inc. Common Stock,$11.90,-0.69,-5.481%,455583325.00,United States,2021,33683,Health Care,Biotechnology: Pharmaceutical Preparations
TREE,LendingTree Inc. Common Stock,$41.615,0.285,0.69%,576608784.00,United States,,28979,Finance,Finance: Consumer Services
TREX,Trex Company Inc. Common Stock,$37.87,-0.21,-0.551%,3934277604.00,United States,,232713,Basic Materials,Forest Products
TRIN,Trinity Capital Inc. Common Stock,$14.635,0.045,0.308%,1217264852.00,United States,2021,348645,Finance,Finance: Consumer Services
TRINI,Trinity Capital Inc. 7.875% Notes Due 2029,$25.05,-0.04,-0.159%,1761369708.00,United States,,10635,Finance,Finance: Consumer Services
TRINZ,Trinity Capital Inc. 7.875% Notes due 2029,$25.00,0.01,0.04%,1757854000.00,United States,,2320,Finance,Finance: Consumer Services
TRIP,TripAdvisor Inc. Common Stock,$9.455,-0.055,-0.578%,1085010615.00,United States,,725732,Technology,Computer Software: Programming Data Processing
TRMK,Trustmark Corporation Common Stock,$40.425,-0.765,-1.857%,2379895709.00,United States,,100555,Finance,Major Banks
TRNO,Terreno Realty Corporation Common Stock,$63.04,-0.43,-0.677%,5547252773.00,United States,2010,63935,Finance,Real Estate
TROO,TROOPS Inc. Ordinary Shares ,$2.72,0.02,0.741%,306027652.00,China,,35757,Finance,Diversified Financial Services
TROW,T. Rowe Price Group Inc. Common Stock,$88.785,0.395,0.447%,19361602515.00,United States,1986,512359,Finance,Investment Bankers/Brokers/Service
TRST,TrustCo Bank Corp NY Common Stock,$42.31,-0.25,-0.587%,749331678.00,United States,,33544,Finance,Major Banks
TRU,TransUnion Common Stock,$74.18,0.52,0.706%,14287068000.00,United States,2015,472116,Finance,Finance: Consumer Services
TRUP,Trupanion Inc. Common Stock,$26.415,-0.055,-0.208%,1147207914.00,United States,,75027,Health Care,Medical Specialities
TRV,The Travelers Companies Inc. Common Stock,$302.26,-4.07,-1.329%,65360068259.00,United States,,227005,Finance,Property-Casualty Insurers
TRVI,Trevi Therapeutics Inc. Common Stock,$10.875,-0.315,-2.815%,1394502707.00,United States,2019,473660,Health Care,Biotechnology: Pharmaceutical Preparations
TRX,TRX Gold Corporation Common Stock,$1.54,-0.06,-3.75%,444032170.00,Canada,,1892739,Basic Materials,Precious Metals
TSBK,Timberland Bancorp Inc. Common Stock,$38.19,-0.02,-0.052%,301102410.00,United States,,7416,Finance,Banks
TSHA,Taysha Gene Therapies Inc. Common Stock,$4.475,-0.095,-2.079%,1225789194.00,United States,2020,439479,Health Care,Biotechnology: Biological Products (No Diagnostic Substances)
TTAN,ServiceTitan Inc. Class A Common Stock,$68.93,-0.70,-1.005%,6455062482.00,United States,2024,219011,Technology,Computer Software: Prepackaged Software
TTD,The Trade Desk Inc. Class A Common Stock,$23.725,-1.345,-5.365%,11292555440.00,United States,2016,16565761,Technology,Computer Software: Programming Data Processing
TTI,Tetra Technologies Inc. Common Stock,$7.95,-0.16,-1.973%,1066874672.00,United States,,378787,Energy,Oil & Gas Production
TTMI,TTM Technologies Inc. Common Stock,$97.215,-0.325,-0.333%,10052509784.00,United States,2000,319156,Technology,Electrical Products
TUYA,Tuya Inc. American Depositary Shares each representing one Class A Ordinary Share,$2.36,-0.05,-2.075%,1438943800.00,China,2021,261078,Technology,Computer Software: Prepackaged Software
TVTX,Travere Therapeutics Inc. Common Stock,$26.85,-0.91,-3.278%,2476685618.00,United States,,188429,Health Care,Biotechnology: Pharmaceutical Preparations
TW,Tradeweb Markets Inc. Class A Common Stock,$125.01,-1.16,-0.919%,29473603700.00,United States,2019,212568,Finance,Investment Bankers/Brokers/Service
TWFG,TWFG Inc. Class A Common Stock,$19.62,-0.28,-1.407%,1102646786.00,United States,2024,59195,Finance,Specialty Insurers
TWLO,Twilio Inc. Class A Common Stock,$127.63,0.75,0.591%,19337731692.00,United States,2016,202491,Technology,Computer Software: Prepackaged Software
TWST,Twist Bioscience Corporation Common Stock,$45.59,-1.69,-3.574%,2795200585.00,United States,2018,268202,Health Care,Biotechnology: Biological Products (No Diagnostic Substances)
TXN,Texas Instruments Incorporated Common Stock,$193.92,-0.53,-0.273%,176557058068.00,United States,,1034162,Technology,Semiconductors
TXO,TXO Partners L.P. Common Units Representing Limited Partner Interests,$12.39,0.05,0.405%,684454662.00,United States,2023,67688,Energy,Oil & Gas Production
TY,Tri Continental Corporation Common Stock,$32.03,0.00,0.00%,1740860448.00,United States,,28548,Finance,Finance Companies
TYG,Tortoise Energy Infrastructure Corporation Common Stock,$50.695,-0.305,-0.598%,604685043.00,United States,2004,27906,Finance,Investment Managers
TYGO,Tigo Energy Inc. Common Stock,$4.52,0.38,9.179%,317992161.00,United States,2021,465396,Technology,Semiconductors
TYL,Tyler Technologies Inc. Common Stock,$344.03,-4.42,-1.268%,14788246520.00,United States,,44410,Technology,Computer Software: Prepackaged Software
TYRA,Tyra Biosciences Inc. Common Stock,$37.52,-0.40,-1.055%,2021094155.00,United States,2021,452283,Health Care,Biotechnology: Pharmaceutical Preparations
U,Unity Software Inc. Common Stock,$20.26,0.17,0.846%,8772328999.00,United States,2020,2805485,Technology,Computer Software: Prepackaged Software
UBSI,United Bankshares Inc. Common Stock,$39.08,-0.22,-0.56%,5448513474.00,United States,,221644,Finance,Major Banks
UCB,United Community Banks Inc. Common Stock,$29.66,-0.29,-0.968%,3547726800.00,United States,2024,127042,Finance,Major Banks
UCTT,Ultra Clean Holdings Inc. Common Stock,$59.495,0.895,1.527%,2706429811.00,United States,2004,151770,Technology,Semiconductors
UE,Urban Edge Properties Common Shares of Beneficial Interest,$20.83,-0.13,-0.62%,2623665292.00,United States,2015,125381,Finance,Real Estate
UEC,Uranium Energy Corp. Common Stock,$13.56,-0.43,-3.074%,6647393817.00,Canada,,2249580,Basic Materials,Other Metals and Minerals
UFCS,United Fire Group Inc. Common Stock,$37.1179,-0.4321,-1.151%,947324937.00,United States,,16323,Finance,Property-Casualty Insurers
UFPI,UFP Industries Inc. Common Stock,$90.67,0.02,0.022%,5150046480.00,United States,1993,89262,Basic Materials,Forest Products
UFPT,UFP Technologies Inc. Common Stock,$201.77,-3.88,-1.887%,1556312541.00,United States,1993,70485,Health Care,Medical/Dental Instruments
UHS,Universal Health Services Inc. Common Stock,$192.51,-0.95,-0.491%,11759789066.00,United States,,194740,Health Care,Hospital/Nursing Management
UI,Ubiquiti Inc. Common Stock,$794.52,6.00,0.761%,48084981249.00,United States,,18743,Technology,Radio And Television Broadcasting And Communications Equipment
ULS,UL Solutions Inc. Class A Common Stock,$86.31,0.52,0.606%,17351953231.00,United States,2024,201132,Health Care,Precision Instruments
UMAC,Unusual Machines Inc. Common Stock,$21.35,0.44,2.104%,830299600.00,United States,2024,1798615,Technology,Radio And Television Broadcasting And Communications Equipment
UMBF,UMB Financial Corporation Common Stock,$109.22,-1.49,-1.346%,8315638141.00,United States,,73102,Finance,Major Banks
UMBFO,UMB Financial Corporation Depositary Shares Each Representing a 1/400th Interest in a Share of 7.750% Fixed-Rate Reset Non-Cumulative Perpetual Preferred Stock Series B,$26.78,0.10,0.375%,2038937827.00,United States,,1563,Finance,Major Banks
UNM,Unum Group Common Stock,$74.655,-0.535,-0.712%,12225041283.00,United States,,426987,Finance,Accident &Health Insurance
UNMA,Unum Group 6.250% Junior Subordinated Notes due 2058,$23.52,-0.05,-0.212%,4005767405.00,United States,2018,2613,Finance,Accident &Health Insurance
UNTY,Unity Bancorp Inc. Common Stock,$49.18,-0.55,-1.106%,492607880.00,United States,,12581,Finance,Major Banks
UPB,Upstream Bio Inc. Common Stock,$9.16,-0.55,-5.664%,494993494.00,United States,2024,177513,Health Care,Biotechnology: Pharmaceutical Preparations
UPST,Upstart Holdings Inc. Common stock,$27.769,-0.061,-0.219%,2723063573.00,United States,2020,928239,Finance,Finance: Consumer Services
UPWK,Upwork Inc. Common Stock,$12.48,0.13,1.053%,1627145058.00,United States,2018,395239,Technology,EDP Services
URG,Ur Energy Inc Common Shares (Canada),$1.35,-0.10,-6.897%,536393096.00,Canada,,4481887,Basic Materials,Precious Metals
UROY,Uranium Royalty Corp. Common Stock,$3.655,-0.055,-1.482%,535375288.00,Canada,,560432,Finance,Investment Bankers/Brokers/Service
USAR,USA Rare Earth Inc. Class A Common Stock,$18.94,-0.74,-3.76%,4127795684.00,United States,2023,3526996,Basic Materials,Metal Mining
USAS,Americas Gold and Silver Corporation Common Shares no par value,$6.705,-0.665,-9.023%,1834686488.00,Canada,2017,2536032,Basic Materials,Metal Mining
USB,U.S. Bancorp Common Stock,$51.90,0.32,0.62%,80636811968.00,United States,,2551583,Finance,Major Banks
USCB,USCB Financial Holdings Inc. Class A Common Stock,$17.98,-0.17,-0.937%,328260608.00,United States,2021,5703,Finance,Major Banks
USNA,USANA Health Sciences Inc. Common Stock,$17.33,-0.33,-1.869%,319858684.00,United States,,10712,Health Care, Medicinal Chemicals and Botanical Products 
USPH,U.S. Physical Therapy Inc. Common Stock,$76.16,-1.25,-1.615%,1151734322.00,United States,1992,19427,Health Care,Medical/Nursing Services
UTHR,United Therapeutics Corporation Common Stock,$525.3025,-14.7175,-2.725%,23022793025.00,United States,1999,98982,Health Care,Biotechnology: Pharmaceutical Preparations
UVE,UNIVERSAL INSURANCE HOLDINGS INC Common Stock,$33.54,-0.50,-1.469%,939394659.00,United States,,34743,Finance,Property-Casualty Insurers
UVSP,Univest Financial Corporation Common Stock,$32.49,-0.35,-1.066%,912433987.00,United States,,23661,Finance,Major Banks
UWMC,UWM Holdings Corporation Class A Common Stock,$3.765,0.105,2.869%,6023799518.00,United States,,5950970,Finance,Finance: Consumer Services
VAC,Marriott Vacations Worldwide Corporation Common Stock,$69.79,0.27,0.388%,2394178961.00,United States,,70605,Finance,Real Estate
VAL,Valaris Limited Common Shares,$94.60,-2.68,-2.755%,6549245600.00,United States,2021,287761,Energy,Oil & Gas Production
VALU,Value Line Inc. Common Stock,$36.39,0.00,0.00%,341697478.00,United States,1983,184,Finance,Investment Managers
VBNK,VersaBank Common Shares,$13.86,-0.01,-0.072%,444482535.00,Canada,,7468,Finance,Commercial Banks
VCEL,Vericel Corporation Common Stock,$32.275,-0.225,-0.692%,1638386121.00,United States,,77697,Health Care,Biotechnology: Biological Products (No Diagnostic Substances)
VCTR,Victory Capital Holdings Inc. Class A Common Stock,$67.13,-1.53,-2.228%,4299652065.00,United States,2018,189280,Finance,Investment Managers
VCV,Invesco California Value Municipal Income Trust Common Stock,$10.91,0.01,0.092%,522485628.00,United States,,16250,Finance,Trusts Except Educational Religious and Charitable
VCYT,Veracyte Inc. Common Stock,$33.32,-0.16,-0.478%,2647554788.00,United States,2013,150832,Health Care,Medical Specialities
VECO,Veeco Instruments Inc. Common Stock,$30.95,0.19,0.618%,1869134195.00,United States,1994,271769,Technology,Industrial Machinery/Components
VEEV,Veeva Systems Inc. Class A Common Stock,$185.65,-1.05,-0.562%,30517491381.00,United States,2013,353681,Technology,Computer Software: Prepackaged Software
VEL,Velocity Financial Inc. Common Stock,$17.59,-0.13,-0.734%,690148593.00,United States,2020,19229,Finance,Finance: Consumer Services
VELO,Velo3D Inc. Common stock,$14.6199,-0.7101,-4.632%,359907289.00,United States,,550045,Technology,Industrial Machinery/Components
VERA,Vera Therapeutics Inc. Class A Common Stock,$38.275,-1.045,-2.658%,2731138154.00,United States,2021,84051,Health Care,Biotechnology: Pharmaceutical Preparations
VERX,Vertex Inc. Class A Common Stock,$12.96,-0.24,-1.818%,2073041346.00,United States,2020,194770,Technology,Computer Software: Prepackaged Software
VET,Vermilion Energy Inc. Common (Canada),$12.375,0.105,0.856%,1892756250.00,Canada,,636819,Energy,Oil & Gas Production
VGM,Invesco Trust for Investment Grade Municipals Common Stock (DE),$10.28,0.00,0.00%,557504631.00,United States,,26349,Finance,Trusts Except Educational Religious and Charitable
VHI,Valhi Inc. Common Stock,$13.50,-0.16,-1.171%,382080956.00,United States,,2096,Basic Materials,Major Chemicals
VIAV,Viavi Solutions Inc. Common Stock,$32.055,1.215,3.94%,7417185454.00,United States,,1585885,Technology,Semiconductors
VICR,Vicor Corporation Common Stock,$197.14,0.81,0.413%,8944861608.00,United States,,304835,Technology,Industrial Machinery/Components
VIR,Vir Biotechnology Inc. Common Stock,$9.06,-0.42,-4.43%,1264026539.00,United States,2019,801729,Health Care,Biotechnology: Biological Products (No Diagnostic Substances)
VIRT,Virtu Financial Inc. Class A Common Stock,$40.37,0.52,1.305%,6243808812.00,United States,,200823,Finance,Investment Bankers/Brokers/Service
VISN,Vistance Networks Inc. Common Stock,$17.825,0.005,0.028%,4018860382.00,United States,2013,830731,Technology,Radio And Television Broadcasting And Communications Equipment
VKI,Invesco Advantage Municipal Income Trust II Common Shares of Beneficial Interest (DE),$9.53,0.01,0.105%,423189371.00,United States,1993,61844,Finance,Finance Companies
VKQ,Invesco Municipal Trust Common Stock,$9.72,0.04,0.413%,537861206.00,United States,,34129,Finance,Trusts Except Educational Religious and Charitable
VKTX,Viking Therapeutics Inc. Common Stock,$33.5373,-1.9927,-5.608%,3875379058.00,United States,2015,1305315,Health Care,Biotechnology: Pharmaceutical Preparations
VLO,Valero Energy Corporation Common Stock,$238.75,2.79,1.182%,71392511458.00,United States,,1048032,Energy,Integrated oil Companies
VLY,Valley National Bancorp Common Stock,$11.755,-0.145,-1.218%,6529035216.00,United States,,2184509,Finance,Major Banks
VLYPN,Valley National Bancorp 8.250% Fixed-Rate Reset Non-Cumulative Perpetual Preferred Stock Series C,$25.70,0.03,0.117%,14274453854.00,United States,,4713,Finance,Major Banks
VLYPO,Valley National Bancorp 5.50% Fixed-to-Floating Rate Non-Cumulative Perpetual Preferred Stock Series B,$24.90,0.10,0.403%,13830112878.00,United States,,1369,Finance,Major Banks
VLYPP,Valley National Bancorp 6.25% Fixed-to-Floating Rate Non-Cumulative Perpetual Preferred Stock Series A,$24.95,0.00,0.00%,13857884189.00,United States,,41,Finance,Major Banks
VMD,Viemed Healthcare Inc. Common Shares,$9.555,-0.135,-1.393%,368848139.00,United States,,66856,Health Care,Misc Health and Biotechnology Services
VMO,Invesco Municipal Opportunity Trust Common Stock,$9.745,-0.005,-0.051%,657209475.00,United States,,36436,Finance,Trusts Except Educational Religious and Charitable
VNDA,Vanda Pharmaceuticals Inc. Common Stock,$8.6925,0.0925,1.076%,513796551.00,United States,2006,610887,Health Care,Biotechnology: Pharmaceutical Preparations
VNET,VNET Group Inc. American Depositary Shares,$9.725,0.395,4.234%,2616276887.00,China,2011,3794254,Technology,Computer Software: Programming Data Processing
VNOM,Viper Energy Inc. Class A Common Stock,$47.325,1.125,2.435%,16921000225.00,United States,2014,1051000,Energy,Oil & Gas Production
VOR,Vor Biopharma Inc. Common Stock,$13.115,-0.605,-4.41%,544532702.00,United States,2021,429166,Health Care,Biotechnology: Biological Products (No Diagnostic Substances)
VOXR,Vox Royalty Corp. Common Stock,$5.522,-0.418,-7.037%,376980998.00,Canada,,230045,Basic Materials,Precious Metals
VOYA,Voya Financial Inc. Common Stock,$68.57,0.06,0.088%,6360763024.00,United States,2013,126400,Finance,Life Insurance
VPG,Vishay Precision Group Inc. Common Stock,$40.77,-0.05,-0.122%,542135365.00,United States,,37621,Technology,Electrical Products
VRDN,Viridian Therapeutics Inc. Common Stock,$27.05,-1.55,-5.42%,2764687746.00,United States,2014,157271,Health Care,Medical Specialities
VREX,Varex Imaging Corporation Common Stock,$11.33,-0.01,-0.088%,474727000.00,United States,,46720,Technology,Industrial Machinery/Components
VRNS,Varonis Systems Inc. Common Stock,$24.41,0.12,0.494%,2866898992.00,United States,2014,472729,Technology,Computer Software: Prepackaged Software
VRSN,VeriSign Inc. Common Stock,$239.71,-2.44,-1.008%,21981407000.00,United States,1998,101380,Technology,EDP Services
VRT,Vertiv Holdings LLC Class A Common Stock,$269.76,1.35,0.503%,103209761649.00,United States,2018,2331854,Technology,Industrial Machinery/Components
VRTS,Virtus Investment Partners Inc. Common Stock,$130.49,-1.14,-0.866%,873697752.00,United States,,30629,Finance,Investment Managers
VRTX,Vertex Pharmaceuticals Incorporated Common Stock,$456.64,-5.85,-1.265%,116002172522.00,United States,1991,205366,Health Care,Biotechnology: Pharmaceutical Preparations
VSAT,ViaSat Inc. Common Stock,$49.52,-0.66,-1.315%,6726370978.00,United States,1996,329128,Technology,Radio And Television Broadcasting And Communications Equipment
VSH,Vishay Intertechnology Inc. Common Stock,$17.67,-0.01,-0.057%,2399484221.00,United States,,201415,Technology,Electrical Products
VSTM,Verastem Inc. Common Stock,$5.66,-0.01,-0.176%,497146700.00,United States,2012,712545,Health Care,Biotechnology: Pharmaceutical Preparations
VTEX,VTEX Class A Common Shares,$3.955,-0.035,-0.877%,752888259.00,United Kingdom,2021,320954,Technology,Computer Software: Prepackaged Software
VTRS,Viatris Inc. Common Stock,$13.775,-0.025,-0.181%,15860437501.00,United States,,1740312,Health Care,Biotechnology: Pharmaceutical Preparations
VTS,Vitesse Energy Inc. Common Stock,$19.16,-0.05,-0.26%,762122089.00,United States,2023,58756,Energy,Oil & Gas Production
VZLA,Vizsla Silver Corp. Common Shares,$3.375,-0.205,-5.726%,1179558568.00,Canada,2024,3897875,Basic Materials,Precious Metals
WABC,Westamerica Bancorporation Common Stock,$49.95,-0.36,-0.716%,1208260730.00,United States,,33355,Finance,Major Banks
WAFD,WaFd Inc. Common Stock,$30.79,-0.19,-0.613%,2335832054.00,United States,,109911,Finance,Major Banks
WAFDP,WaFd Inc. Depositary Shares,$16.21,-0.08,-0.491%,1229744644.00,United States,,7153,Finance,Major Banks
WAL,Western Alliance Bancorporation Common Stock (DE),$67.895,-0.265,-0.389%,7460244007.00,United States,2005,229376,Finance,Major Banks
WASH,Washington Trust Bancorp Inc. Common Stock,$32.14,-0.02,-0.062%,611943929.00,United States,,38706,Finance,Major Banks
WAY,Waystar Holding Corp. Common Stock,$24.635,-0.115,-0.465%,4722076019.00,United States,2024,349113,Technology,EDP Services
WB,Weibo Corporation American Depositary Share,$9.045,-0.625,-6.463%,2214444658.00,China,2014,1479439,Technology,Computer Software: Programming Data Processing
WBS,Webster Financial Corporation Common Stock,$68.73,0.24,0.35%,11081103187.00,United States,,711477,Finance,Major Banks
WD,Walker & Dunlop Inc Common Stock,$46.13,0.26,0.567%,1571206114.00,United States,2010,75708,Finance,Finance: Consumer Services
WDAY,Workday Inc. Class A Common Stock,$132.735,-2.435,-1.801%,34112895000.00,United States,,1072018,Technology,EDP Services
WDC,Western Digital Corporation Common Stock,$313.055,-0.755,-0.241%,106137516672.00,United States,,5045140,Technology,Electronic Components
WEAV,Weave Communications Inc. Common Stock,$4.845,0.015,0.311%,381052520.00,United States,2021,230769,Technology,Computer Software: Prepackaged Software
WF,Woori Financial Group Inc. American Depositary Shares (each representing three (3) shares of Common Stock),$66.62,-0.33,-0.493%,16461525660.00,South Korea,,61774,Finance,Commercial Banks
WGS,GeneDx Holdings Corp. Class A Common Stock,$72.90,-2.60,-3.444%,2135149073.00,United States,2020,199686,Technology,Retail: Computer Software & Peripheral Equipment
WK,Workiva Inc. Class A Common Stock,$61.62,-0.13,-0.211%,3502150517.00,United States,2014,120518,Technology,Computer Software: Prepackaged Software
WKC,World Kinect Corporation Common Stock,$23.15,0.07,0.303%,1187108619.00,United States,,66035,Energy,Oil Refining/Marketing
WLTH,Wealthfront Corporation Common Stock,$7.89,0.03,0.382%,1184449822.00,United States,2025,301495,Finance,Finance: Consumer Services
WOLF,Wolfspeed Inc. Common Stock New,$17.17,-0.72,-4.025%,774171451.00,United States,2025,297466,Technology,Semiconductors
WPM,Wheaton Precious Metals Corp Common Shares (Canada),$131.00,-6.19,-4.512%,59478841498.00,Canada,,894478,Basic Materials,Precious Metals
WRB,W.R. Berkley Corporation Common Stock,$68.025,-0.825,-1.198%,25474740479.00,United States,,291470,Finance,Property-Casualty Insurers
WRBY,Warby Parker Inc. Class A Common Stock,$24.24,0.65,2.755%,2968134114.00,United States,2021,541800,Health Care,Ophthalmic Goods
WRD,WeRide Inc. American Depositary Shares,$6.2779,-0.1621,-2.517%,1786244013.00,China,2024,1200207,Technology,EDP Services
WRLD,World Acceptance Corporation Common Stock,$135.33,-3.37,-2.43%,668107835.00,United States,1991,89006,Finance,Finance: Consumer Services
WRN,Western Copper and Gold Corporation Common Stock,$2.58,-0.15,-5.495%,521305579.00,Canada,2011,1059632,Basic Materials,Metal Mining
WSBC,WesBanco Inc. Common Stock,$32.625,-0.445,-1.346%,3135688550.00,United States,,65839,Finance,Major Banks
WSBCO,WesBanco Inc. Depositary Shares each representing 1/40th interest in a share of 7.375% Fixed-Rate Reset Non-Cumulative Perpetual Preferred Stock Series B,$25.30,-0.07,-0.276%,2431660393.00,United States,,8999,Finance,Major Banks
WSBF,Waterstone Financial Inc. Common Stock (MD),$17.85,0.08,0.45%,327724751.00,United States,2005,21777,Finance,Savings Institutions
WSFS,WSFS Financial Corporation Common Stock,$62.25,-0.33,-0.527%,3282577707.00,United States,,63958,Finance,Major Banks
WST,West Pharmaceutical Services Inc. Common Stock,$236.02,-3.40,-1.42%,17012701592.00,United States,,184009,Health Care,Medical/Dental Instruments
WT,WisdomTree Inc. Common Stock,$14.465,-0.585,-3.887%,2048485537.00,United States,2022,603737,Finance,Investment Bankers/Brokers/Service
WTBA,West Bancorporation Common Stock,$22.97,-0.25,-1.077%,389129831.00,United States,,14033,Finance,Major Banks
WTFC,Wintrust Financial Corporation Common Stock,$131.27,-0.77,-0.583%,8830596828.00,United States,,53314,Finance,Major Banks
WTFCN,Wintrust Financial Corporation Depositary Shares Each Representing a 1/1000th Interest in a Share of 7.875% Fixed-Rate Reset Non-Cumulative Perpetual Preferred StocK,$26.45,0.05,0.189%,1779304381.00,United States,,1085,Finance,Major Banks
WTI,W&T Offshore Inc. Common Stock,$3.0401,-0.0799,-2.561%,452299080.00,United States,2005,5416272,Energy,Oil & Gas Production
WTM,White Mountains Insurance Group Ltd. Common Stock,$2207.86,1.05,0.048%,5446912052.00,United States,,5233,Finance,Property-Casualty Insurers
WTTR,Select Water Solutions Inc. Class A common stock,$14.64,0.04,0.274%,1977675656.00,United States,2017,221443,Energy,Oilfield Services/Equipment
WTW,Willis Towers Watson Public Limited Company Ordinary Shares,$287.38,-2.48,-0.856%,27170601604.00,United Kingdom,,94379,Finance,Specialty Insurers
WULF,TeraWulf Inc. Common Stock,$15.66,-0.38,-2.369%,6640906838.00,United States,,9937998,Technology,EDP Services
WWD,Woodward Inc. Common Stock,$374.23,6.98,1.901%,22310046656.00,United States,,335235,Energy,Industrial Machinery/Components
WYFI,WhiteFiber Inc. Ordinary Shares,$14.9202,-0.4198,-2.737%,570846688.00,United States,2025,230104,Finance,Finance: Consumer Services
XENE,Xenon Pharmaceuticals Inc. Common Shares,$53.815,-1.385,-2.509%,4476886856.00,Canada,2014,237660,Health Care,Biotechnology: Pharmaceutical Preparations
XERS,Xeris Biopharma Holdings Inc. Common Stock,$5.435,-0.175,-3.119%,937164061.00,United States,2018,464320,Health Care,Biotechnology: Pharmaceutical Preparations
XFOR,X4 Pharmaceuticals Inc. Common Stock,$4.07,-0.16,-3.783%,355867320.00,United States,2017,209882,Health Care,Biotechnology: Biological Products (No Diagnostic Substances)
XNCR,Xencor Inc. Common Stock,$11.47,-0.27,-2.30%,841194224.00,United States,2013,194001,Health Care,Biotechnology: Pharmaceutical Preparations
XNET,Xunlei Limited American Depositary Shares,$6.399,0.099,1.571%,1995594258.00,China,2014,50482,Technology,Computer Software: Prepackaged Software
XOMA,XOMA Royalty Corporation Common Stock,$28.50,1.50,5.556%,352918436.00,United States,1986,55502,Health Care,Biotechnology: Pharmaceutical Preparations
XOMAO,XOMA Royalty Corporation Depositary Shares Rep Series B 8.375% Cumulative Preferred Stock,$25.3901,0.00,0.00%,314408223.00,United States,,4,Health Care,Biotechnology: Pharmaceutical Preparations
XOMAP,XOMA Royalty Corporation 8.625% Series A Cumulative Perpetual Preferred Stock,$25.80,0.00,0.00%,319484057.00,United States,,100,Health Care,Biotechnology: Pharmaceutical Preparations
XPRO,Expro Group Holdings N.V. Common Stock,$16.81,-0.15,-0.884%,1912399080.00,United States,2013,111854,Energy,Oilfield Services/Equipment
XRAY,DENTSPLY SIRONA Inc. Common Stock,$11.845,-0.375,-3.069%,2366030849.00,United States,1987,763139,Health Care,Medical/Dental Instruments
XYZ,Block Inc. Class A Common Stock,$59.74,-0.05,-0.084%,35789995040.00,United States,2015,1968321,Technology,Computer Software: Prepackaged Software
YB,Yuanbao Inc. American Depositary Shares,$19.505,0.045,0.231%,879382203.00,China,2025,36624,Finance,Specialty Insurers
YDES,YD Bio Limited Ordinary Shares,$6.50,-0.61,-8.579%,458388834.00,United States,,10416,Health Care,Medical Specialities
YEXT,Yext Inc. Common Stock,$5.585,0.055,0.995%,688882540.00,United States,2017,1426045,Technology,EDP Services
YMM,Full Truck Alliance Co. Ltd. American Depositary Shares (each representing 20 Class A Ordinary Shares),$8.49,-0.24,-2.749%,8879641699.00,China,2021,2174706,Technology,Computer Software: Prepackaged Software
YOU,Clear Secure Inc. Class A Common Stock,$48.59,0.49,1.019%,6478096544.00,United States,2021,239949,Technology,Computer Software: Prepackaged Software
YRD,Yiren Digital Ltd. American Depositary Shares each representing two ordinary shares,$3.69,0.13,3.652%,318839926.00,China,2015,29921,Finance,Finance: Consumer Services
ZBH,Zimmer Biomet Holdings Inc. Common Stock,$90.30,-2.22,-2.399%,17667375961.00,United States,,575527,Health Care,Industrial Specialties
ZBIO,Zenas BioPharma Inc. Common Stock,$22.5615,-0.9185,-3.912%,1294376809.00,United States,2024,79600,Health Care,Biotechnology: Pharmaceutical Preparations
ZETA,Zeta Global Holdings Corp. Class A Common Stock,$17.745,-0.285,-1.581%,4331973282.00,United States,2021,1464293,Technology,Computer Software: Prepackaged Software
ZION,Zions Bancorporation N.A. Common Stock,$53.78,-0.24,-0.444%,7953461224.00,United States,,308027,Finance,Major Banks
ZIONP,Zions Bancorporation N.A. Depositary Shares (Each representing 1/40th Interest in a Share of Series A Floating-Rate Non-Cumulative Perpetual Preferred Stock),$19.29,-0.07,-0.362%,2852775511.00,United States,,1220,Finance,Major Banks
ZIP,ZipRecruiter Inc. Class A Common Stock,$2.625,0.065,2.539%,374765407.00,United States,2021,460284,Technology,Computer Software: Programming Data Processing
ZLAB,Zai Lab Limited American Depositary Shares,$18.74,-0.28,-1.472%,2073407449.00,China,2017,141471,Health Care,Biotechnology: Pharmaceutical Preparations
ZM,Zoom Communications Inc. Class A Common Stock,$76.57,0.58,0.763%,22562643461.00,United States,2019,552098,Technology,Computer Software: Programming Data Processing
ZS,Zscaler Inc. Common Stock,$157.13,1.13,0.724%,25265043162.00,United States,2018,481864,Technology,EDP Services
ZTS,Zoetis Inc. Class A Common Stock,$119.465,-2.215,-1.82%,50429486756.00,United States,2013,1096613,Health Care,Biotechnology: Pharmaceutical Preparations
ZVRA,Zevra Therapeutics Inc. Common Stock,$9.69,-0.21,-2.121%,568915249.00,United States,,259400,Health Care,Biotechnology: Pharmaceutical Preparations
ZYME,Zymeworks Inc. Common Stock,$23.54,-0.50,-2.08%,1736065749.00,United States,,282241,Health Care,Biotechnology: Pharmaceutical Preparations
