Symbol,Name,Last Sale,Net Change,% Change,Market Cap,Country,IPO Year,Volume,Sector,Industry
A,Agilent Technologies Inc. Common Stock,$120.54,1.50,1.26%,34093489844.00,United States,1999,2806108,Industrials,Biotechnology: Laboratory Analytical Instruments
AA,Alcoa Corporation Common Stock ,$61.55,-2.29,-3.587%,16239336120.00,United States,2016,13952782,Industrials,Aluminum
AAL,American Airlines Group Inc. Common Stock,$12.46,0.00,0.00%,8227394980.00,United States,,66885462,Consumer Discretionary,Air Freight/Delivery Services
AAOI,Applied Optoelectronics Inc. Common Stock,$99.71,4.37,4.584%,7498074043.00,United States,2013,10370190,Technology,Semiconductors
AAON,AAON Inc. Common Stock,$95.97,0.64,0.671%,7821540892.00,United States,,894620,Industrials,Industrial Machinery/Components
AAP,Advance Auto Parts Inc.,$51.21,-0.70,-1.348%,3077721000.00,United States,,1120524,Consumer Discretionary,Auto & Home Supply Stores
AB,AllianceBernstein Holding L.P.  Units,$38.68,-0.44,-1.125%,3569559316.00,United States,,246428,Finance,Investment Managers
ABCB,Ameris Bancorp Common Stock,$79.43,0.09,0.113%,5391731991.00,United States,1994,526164,Finance,Major Banks
ABG,Asbury Automotive Group Inc Common Stock,$212.48,1.04,0.492%,4091922842.00,United States,2002,140621,Consumer Discretionary,Retail-Auto Dealers and Gas Stations
ABM,ABM Industries Incorporated Common Stock,$44.05,-0.19,-0.429%,2581258287.00,United States,,302777,Consumer Discretionary,Diversified Commercial Services
ABNB,Airbnb Inc. Class A Common Stock,$135.54,2.50,1.879%,82505089867.00,United States,2020,4251266,Consumer Discretionary,Diversified Commercial Services
ABT,Abbott Laboratories Common Stock,$113.10,-0.51,-0.449%,196531934520.00,United States,,4613457,Health Care,Biotechnology: Pharmaceutical Preparations
ABVX,Abivax SA American Depositary Shares,$116.77,5.67,5.104%,9170696829.00,France,2023,533120,Health Care,Biotechnology: Pharmaceutical Preparations
ACA,Arcosa Inc. Common Stock ,$112.56,2.25,2.04%,5520395116.00,United States,2018,360546,Industrials,Metal Fabrications
ACAD,ACADIA Pharmaceuticals Inc. Common Stock,$23.39,0.89,3.956%,3987868998.00,United States,1985,1927364,Health Care,Biotechnology: Pharmaceutical Preparations
ACHC,Acadia Healthcare Company Inc. Common Stock,$24.07,1.08,4.698%,2219537472.00,United States,,2731606,Health Care,Medical Specialities
ACHR,Archer Aviation Inc. Class A Common Stock,$6.76,0.04,0.595%,5033082504.00,United States,2020,26189166,Industrials,Aerospace
ACI,Albertsons Companies Inc. Class A Common Stock,$17.10,-0.42,-2.397%,8787914369.00,United States,2020,8956410,Consumer Staples,Food Chains
ACIW,ACI Worldwide Inc. Common Stock,$42.44,1.03,2.487%,4316995994.00,United States,,926259,Technology,Computer Software: Prepackaged Software
ACLS,Axcelis Technologies Inc. Common Stock,$86.62,0.74,0.862%,2660863755.00,United States,2000,717767,Technology,Industrial Machinery/Components
ACLX,Arcellx Inc. Common Stock,$114.30,0.25,0.219%,6684242512.00,United States,2022,1311722,Health Care,Biotechnology: Biological Products (No Diagnostic Substances)
ACM,AECOM Common Stock,$95.42,-0.75,-0.78%,12336720502.00,United States,2007,790144,Consumer Discretionary,Military/Government/Technical
ACMR,ACM Research Inc. Class A Common Stock,$51.82,0.28,0.543%,3406003921.00,United States,2017,1463454,Technology,Industrial Machinery/Components
ACN,Accenture plc Class A Ordinary Shares (Ireland),$210.00,0.11,0.052%,138690833820.00,Ireland,2001,5547783,Real Estate,Real Estate
ACT,Enact Holdings Inc. Common Stock,$42.33,0.44,1.05%,5990281863.00,United States,2021,274069,Finance,Specialty Insurers
AD,Array Digital Infrastructure Inc. Common Shares,$49.91,1.03,2.107%,4312224000.00,United States,1988,203012,Telecommunications,Telecommunications Equipment
ADAMI,Adamas Trust Inc. 9.125% Senior Notes Due 2029,$25.35,-0.0299,-0.118%,2296189032.00,United States,,4443,Real Estate,Real Estate Investment Trusts
ADAML,Adamas Trust Inc. 6.875% Series F Fixed-to-Floating Rate Cumulative Redeemable Preferred Stock $0.01 par value per share,$23.57,0.07,0.298%,2132480217.00,United States,,6513,Real Estate,Real Estate Investment Trusts
ADAMM,Adamas Trust Inc. 7.875% Series E Fixed-to-Floating Rate Cumulative Redeemable Preferred Stock,$25.48,0.06,0.236%,2305286209.00,United States,,6209,Real Estate,Real Estate Investment Trusts
ADAMN,Adamas Trust Inc. 8.00% Series D Fixed-to-Floating Rate Cumulative Redeemable Preferred Stock,$22.80,0.20,0.885%,2062814975.00,United States,,12894,Real Estate,Real Estate Investment Trusts
ADBE,Adobe Inc. Common Stock,$273.12,2.13,0.786%,112115760000.00,United States,1986,4326056,Technology,Computer Software: Prepackaged Software
ADC,Agree Realty Corporation Common Stock,$81.82,-0.10,-0.122%,9820715424.00,United States,,1510224,Real Estate,Real Estate Investment Trusts
ADEA,Adeia Inc. Common Stock,$20.75,0.87,4.376%,2262839520.00,United States,2003,1103949,Technology,Computer Software: Prepackaged Software
ADI,Analog Devices Inc. Common Stock,$341.51,2.52,0.743%,166726601657.00,United States,,3201989,Technology,Semiconductors
ADM,Archer-Daniels-Midland Company Common Stock,$67.22,-0.77,-1.133%,32346387954.00,United States,,2453514,Consumer Staples,Packaged Foods
ADMA,ADMA Biologics Inc Common Stock,$16.54,0.16,0.977%,3939152771.00,United States,,8250366,Health Care,Biotechnology: Biological Products (No Diagnostic Substances)
ADP,Automatic Data Processing Inc. Common Stock,$217.16,0.89,0.412%,87438250086.00,United States,,4230312,Industrials,Diversified Commercial Services
ADPT,Adaptive Biotechnologies Corporation Common Stock,$16.44,0.36,2.239%,2531456863.00,United States,2019,1333873,Health Care,Biotechnology: Biological Products (No Diagnostic Substances)
ADSK,Autodesk Inc. Common Stock,$257.89,4.49,1.772%,54672680000.00,United States,,2656898,Technology,Computer Software: Prepackaged Software
ADT,ADT Inc. Common Stock,$6.84,-0.01,-0.146%,5609633365.00,United States,2018,10368473,Consumer Discretionary,Diversified Commercial Services
AEE,Ameren Corporation Common Stock,$113.33,1.34,1.197%,31327190285.00,United States,,2114815,Utilities,Power Generation
AEG,Aegon Ltd. New York Registry Shares,$7.21,0.04,0.558%,14464595523.00,Netherlands,,4441425,Finance,Life Insurance
AEIS,Advanced Energy Industries Inc. Common Stock,$330.54,8.07,2.503%,12478212235.00,United States,1995,654946,Technology,Industrial Machinery/Components
AEM,Agnico Eagle Mines Limited Common Stock,$232.73,-1.79,-0.763%,116604619972.00,Canada,,1945891,Basic Materials,Precious Metals
AEO,American Eagle Outfitters Inc. Common Stock,$22.45,0.21,0.944%,3805544535.00,United States,,10577514,Consumer Discretionary,Clothing/Shoe/Accessory Stores
AEP,American Electric Power Company Inc. Common Stock,$133.52,1.60,1.213%,72215823875.00,United States,,4758402,Utilities,Electric Utilities: Central
AER,AerCap Holdings N.V. Ordinary Shares,$149.79,3.71,2.54%,26818961665.00,Netherlands,2006,1413303,Consumer Discretionary,Diversified Commercial Services
AES,The AES Corporation Common Stock,$14.29,0.11,0.776%,10182466109.00,United States,,21323641,Utilities,Electric Utilities: Central
AFG,American Financial Group Inc. Common Stock,$132.79,0.88,0.667%,11061252034.00,United States,,492664,Finance,Property-Casualty Insurers
AFL,AFLAC Incorporated Common Stock,$112.48,0.05,0.044%,58081235961.00,United States,,1833044,Finance,Accident &Health Insurance
AFRM,Affirm Holdings Inc. Class A Common Stock,$50.72,2.89,6.042%,16895372219.00,United States,2021,7239825,Finance,Finance: Consumer Services
AG,First Majestic Silver Corp. Ordinary Shares (Canada),$28.65,0.28,0.987%,14128383330.00,Canada,,14744647,Basic Materials,Precious Metals
AGCO,AGCO Corporation Common Stock,$134.42,1.35,1.015%,9732083141.00,United States,,675346,Industrials,Industrial Machinery/Components
AGI,Alamos Gold Inc. Class A Common Shares,$51.96,-0.29,-0.555%,21817006212.00,Canada,2015,4801063,Basic Materials,Precious Metals
AGNC,AGNC Investment Corp. Common Stock,$10.97,-0.03,-0.273%,12163214250.00,United States,2008,20649950,Real Estate,Real Estate Investment Trusts
AGNCL,AGNC Investment Corp. Depositary Shares Each Representing a 1/1000th Interest in a Share of 7.75% Series G Fixed-Rate Reset Cumulative Redeemable Preferred Stock,$25.20,0.0201,0.08%,27941020884.00,United States,,14908,Real Estate,Real Estate Investment Trusts
AGNCM,AGNC Investment Corp. Depositary Shares rep 6.875% Series D Fixed-to-Floating Cumulative Redeemable Preferred Stock,$25.00,0.06,0.241%,27719266750.00,United States,,9719,Real Estate,Real Estate Investment Trusts
AGNCN,AGNC Investment Corp. Depositary Shares Each Representing a 1/1000th Interest in a Share of 7.00% Series C Fixed-To-Floating Rate Cumulative Redeemable Preferred Stock,$25.62,0.02,0.078%,28406704565.00,United States,,13790,Real Estate,Real Estate Investment Trusts
AGNCO,AGNC Investment Corp. Depositary Shares each representing a 1/1000th interest in a share of 6.50% Series E Fixed-to-Floating Cumulative Redeemable Preferred Stock,$25.4019,-0.0081,-0.032%,28164881682.00,United States,,12128,Real Estate,Real Estate Investment Trusts
AGNCP,AGNC Investment Corp. Depositary Shares Each Representing a 1/1000th Interest in a Share of 6.125% Series F Fixed-to-Floating Rate Cumulative Redeemable Preferred Stock,$25.01,0.025,0.10%,27730354457.00,United States,,36173,Real Estate,Real Estate Investment Trusts
AGNCZ,AGNC Investment Corp. Depositary Shares Each Representing a 1/1000th Interest in a Share of 8.75% Series H Fixed-Rate Cumulative Redeemable Preferred Stock,$25.785,-0.065,-0.251%,28589651726.00,United States,,99386,,
AGX,Argan Inc. Common Stock,$463.36,24.43,5.566%,6428383258.00,United States,,505833,Consumer Discretionary,Engineering & Construction
AGYS,Agilysys Inc. Common Stock (DE),$80.01,1.56,1.989%,2248940842.00,United States,,361373,Technology,EDP Services
AHR,American Healthcare REIT Inc. Common Stock,$51.87,-0.50,-0.955%,9753040474.00,United States,2024,3078141,Real Estate,Real Estate Investment Trusts
AIG,American International Group Inc. New Common Stock,$78.30,-0.76,-0.961%,42012621613.00,United States,,3070018,Finance,Life Insurance
AIR,AAR Corp. Common Stock,$118.61,1.77,1.515%,4693695174.00,United States,,321698,Industrials,Aerospace
AIT,Applied Industrial Technologies Inc. Common Stock,$279.91,2.21,0.796%,10441325980.00,United States,,242772,Consumer Discretionary,Industrial Specialties
AIZ,Assurant Inc. Common Stock,$231.95,-0.94,-0.404%,11527861420.00,United States,2004,403536,Finance,Property-Casualty Insurers
AJG,Arthur J. Gallagher & Co. Common Stock,$225.58,0.35,0.155%,57996618000.00,United States,,3109575,Finance,Specialty Insurers
AKAM,Akamai Technologies Inc. Common Stock,$102.98,0.90,0.882%,14920577980.00,United States,1999,2812830,Real Estate,Real Estate
AKR,Acadia Realty Trust Common Stock,$21.31,0.31,1.476%,2792449358.00,United States,,1233567,Real Estate,Real Estate Investment Trusts
AL,Air Lease Corporation Class A Common Stock,$64.72,0.00,0.00%,7250931606.00,United States,2011,2279393,Consumer Discretionary,Diversified Commercial Services
ALAB,Astera Labs Inc. Common Stock,$113.77,3.97,3.616%,19365304006.00,United States,2024,5413236,Technology,Semiconductors
ALB,Albemarle Corporation Common Stock,$168.35,3.62,2.198%,19839579487.00,United States,,2534971,Industrials,Major Chemicals
ALC,Alcon Inc. Ordinary Shares,$84.27,1.19,1.432%,42109719000.00,Switzerland,2019,969656,Health Care,Ophthalmic Goods
ALG,Alamo Group Inc. Common Stock,$178.01,-6.77,-3.664%,2157711545.00,United States,,279599,Industrials,Industrial Machinery/Components
ALGM,Allegro MicroSystems Inc. Common Stock,$34.07,-0.65,-1.872%,6312859941.00,United States,2020,1554424,Technology,Semiconductors
ALGN,Align Technology Inc. Common Stock,$182.16,-0.48,-0.263%,12984753165.00,United States,2001,866290,Health Care,Industrial Specialties
ALH,Alliance Laundry Holdings Inc. Common Stock,$22.03,-0.03,-0.136%,4348726428.00,United States,2025,296738,Industrials,Industrial Machinery/Components
ALHC,Alignment Healthcare Inc. Common Stock,$18.88,0.43,2.331%,3857117788.00,United States,2021,3557151,Health Care,Medical Specialities
ALK,Alaska Air Group Inc. Common Stock,$48.35,-1.40,-2.814%,5542914108.00,United States,,2352954,Consumer Discretionary,Air Freight/Delivery Services
ALKS,Alkermes plc Ordinary Shares,$29.28,0.08,0.274%,4879510068.00,Ireland,1991,1806945,Health Care,Biotechnology: Pharmaceutical Preparations
ALL,Allstate Corporation (The) Common Stock,$214.18,0.57,0.267%,55587386640.00,United States,,1232866,Finance,Property-Casualty Insurers
ALLE,Allegion plc Ordinary Shares,$156.64,-1.72,-1.086%,13493828614.00,United States,2013,1030785,Consumer Discretionary,Diversified Commercial Services
ALLY,Ally Financial Inc. Common Stock,$40.41,0.53,1.329%,12490395597.00,United States,2014,3693910,Finance,Major Banks
ALM,Almonty Industries Inc. Common Shares,$19.55,0.20,1.034%,4395066936.00,Canada,,3360274,Basic Materials,Other Metals and Minerals
ALMS,Alumis Inc. Common Stock,$28.87,0.72,2.558%,3013837545.00,United States,2024,1040517,Health Care,Biotechnology: Pharmaceutical Preparations
ALNY,Alnylam Pharmaceuticals Inc. Common Stock,$327.30,8.65,2.715%,43407555031.00,United States,2004,931139,Health Care,Biotechnology: Pharmaceutical Preparations
ALRM,Alarm.com Holdings Inc. Common Stock,$50.12,0.80,1.622%,2489267839.00,United States,2015,380558,Technology,Computer Software: Prepackaged Software
ALSN,Allison Transmission Holdings Inc. Common Stock,$126.94,2.14,1.715%,10511341848.00,United States,2012,1432254,Consumer Discretionary,Auto Parts:O.E.M.
ALV,Autoliv Inc. Common Stock,$112.13,-0.94,-0.831%,8376841303.00,Sweden,,904124,Consumer Discretionary,Auto Parts:O.E.M.
AM,Antero Midstream Corporation Common Stock,$22.77,-0.05,-0.219%,10772054370.00,United States,2017,1828090,Utilities,Natural Gas Distribution
AMBA,Ambarella Inc. Ordinary Shares,$56.55,-0.90,-1.567%,2434504983.00,United States,2012,794009,Technology,Semiconductors
AMCR,Amcor plc Ordinary Shares,$45.88,-1.29,-2.735%,21198656257.00,United Kingdom,2019,4475425,Consumer Discretionary,Miscellaneous manufacturing industries
AME,AMETEK Inc.,$234.75,-0.50,-0.213%,53752398170.00,United States,,1689698,Industrials,Industrial Machinery/Components
AMG,Affiliated Managers Group Inc. Common Stock,$303.13,-7.17,-2.311%,8088942205.00,United States,,505182,Finance,Investment Managers
AMH,American Homes 4 Rent Common Shares of Beneficial Interest,$30.03,0.19,0.637%,10924201869.00,United States,2013,3324039,Real Estate,Real Estate Investment Trusts
AMKR,Amkor Technology Inc. Common Stock,$45.77,1.18,2.646%,11319335814.00,United States,1998,3980902,Technology,Semiconductors
AMP,Ameriprise Financial Inc. Common Stock,$468.91,3.23,0.694%,42754743483.00,United States,,551774,Finance,Investment Managers
AMR,Alpha Metallurgical Resources Inc. Common Stock,$182.69,9.24,5.327%,2337095623.00,United States,2018,395044,Energy,Coal Mining
AMRX,Amneal Pharmaceuticals Inc. Class A Common Stock,$13.30,-0.01,-0.075%,4184567043.00,United States,,2302331,Health Care,Biotechnology: Pharmaceutical Preparations
AMRZ,Amrize Ltd Ordinary Shares,$62.73,0.95,1.538%,34694866793.00,Switzerland,2025,3747568,Industrials,Building Materials
AMT,American Tower Corporation (REIT) Common Stock,$190.80,0.55,0.289%,88928983656.00,United States,,2457201,Real Estate,Real Estate Investment Trusts
AMTM,Amentum Holdings Inc. Common Stock,$31.19,0.53,1.729%,7608338139.00,United States,2024,2122422,Real Estate,Real Estate
AMX,America Movil S.A.B. de C.V. American Depositary Shares (each representing the right to receive twenty (20) Series B Shares,$25.11,0.58,2.364%,76259070000.00,Mexico,2023,894063,Telecommunications,Telecommunications Equipment
AN,AutoNation Inc. Common Stock,$195.75,0.75,0.385%,6794587814.00,United States,,392460,Consumer Discretionary,Retail-Auto Dealers and Gas Stations
ANDE,Andersons Inc. (The) Common Stock,$64.86,-0.73,-1.113%,2197465232.00,United States,,288560,Industrials,Farming/Seeds/Milling
ANET,Arista Networks Inc. Common Stock,$134.83,10.23,8.21%,169419005866.00,United States,,6889621,Telecommunications,Computer Communications Equipment
ANF,Abercrombie & Fitch Company Common Stock,$95.65,-3.57,-3.598%,4386275231.00,United States,,4244226,Consumer Discretionary,Clothing/Shoe/Accessory Stores
AON,Aon plc Class A Ordinary Shares (Ireland),$341.18,2.11,0.622%,73099348945.00,United States,,2026258,Finance,Specialty Insurers
AOS,A.O. Smith Corporation Common Stock,$73.35,-2.28,-3.015%,10143565412.00,United States,,2234632,Consumer Discretionary,Consumer Electronics/Appliances
APA,APA Corporation Common Stock,$31.10,-0.75,-2.355%,10986120904.00,United States,,7416975,Energy,Oil & Gas Production
APAM,Artisan Partners Asset Management Inc. Class A Common Stock,$40.05,0.05,0.125%,3227475708.00,United States,2013,638941,Finance,Investment Managers
APD,Air Products and Chemicals Inc. Common Stock,$274.20,1.16,0.425%,61052277394.00,United States,,1175213,Basic Materials,Major Chemicals
APG,APi Group Corporation Common Stock,$43.13,-0.16,-0.37%,18608701032.00,United States,2020,2442207,Consumer Discretionary,Engineering & Construction
APGE,Apogee Therapeutics Inc. Common Stock,$72.31,3.81,5.562%,5024478211.00,United States,2023,1359196,Health Care,Biotechnology: Biological Products (No Diagnostic Substances)
APH,Amphenol Corporation Common Stock,$132.75,3.17,2.446%,163178281958.00,United States,,11528410,Technology,Electrical Products
APLD,Applied Digital Corporation Common Stock,$28.65,2.50,9.56%,8010133829.00,United States,2022,17083514,Finance,Finance: Consumer Services
APLE,Apple Hospitality REIT Inc. Common Shares,$12.43,0.25,2.053%,2929239133.00,United States,2015,2088451,Real Estate,Real Estate Investment Trusts
APLS,Apellis Pharmaceuticals Inc. Common Stock,$19.86,-0.30,-1.488%,2538701993.00,United States,2017,2883471,Health Care,Biotechnology: Pharmaceutical Preparations
APO,Apollo Global Management Inc. (New) Common Stock,$109.79,2.71,2.531%,63485775239.00,United States,,4919473,Finance,Investment Managers
APOS,Apollo Global Management Inc. 7.625% Fixed-Rate Resettable Junior Subordinated Notes due 2053,$25.76,0.14,0.546%,14671202821.00,United States,1987,261990,Finance,Investment Managers
APP,Applovin Corporation Class A Common Stock,$482.81,43.92,10.007%,162841191180.00,United States,2021,8341444,Technology,Computer Software: Programming Data Processing
APPF,AppFolio Inc. Class A Common Stock,$188.26,-0.14,-0.074%,6775463845.00,United States,2015,211386,Technology,Computer Software: Prepackaged Software
APTV,Aptiv PLC Ordinary Shares,$73.39,1.99,2.787%,15613605149.00,United Kingdom,,2727358,Consumer Discretionary,Auto Parts:O.E.M.
AQN,Algonquin Power & Utilities Corp. Common Shares,$6.97,0.03,0.432%,5354674955.00,United States,2016,3335484,Utilities,Electric Utilities: Central
AQNB,Algonquin Power & Utilities Corp. 6.20% Fixed-to-Floating Subordinated Notes Series 2019-A due July 1 2079,$26.03,0.12,0.463%,19991690776.00,United States,2019,6500,Utilities,Electric Utilities: Central
AR,Antero Resources Corporation Common Stock,$37.79,0.20,0.532%,11659159750.00,United States,2013,6232014,Energy,Oil & Gas Production
ARCB,ArcBest Corporation Common Stock,$104.96,0.40,0.383%,2340167483.00,United States,,237312,Industrials,Trucking Freight/Courier Services
ARCC,Ares Capital Corporation Common Stock,$19.13,0.18,0.95%,13735777025.00,United States,2004,7497888,Finance,Finance: Consumer Services
ARE,Alexandria Real Estate Equities Inc. Common Stock,$53.58,1.36,2.604%,9285433342.00,United States,,2157746,Real Estate,Real Estate Investment Trusts
ARES,Ares Management Corporation Class A Common Stock,$116.21,3.56,3.16%,38288016075.00,United States,2014,2949805,Finance,Investment Managers
ARGX,argenx SE American Depositary Shares,$749.56,0.84,0.112%,45716306773.00,Netherlands,2017,338362,Health Care,Biotechnology: Biological Products (No Diagnostic Substances)
ARLP,Alliance Resource Partners L.P. Common Units representing Limited Partners Interests,$26.96,-0.17,-0.627%,3468641275.00,United States,1999,247347,Energy,Coal Mining
ARM,Arm Holdings plc American Depositary Shares,$124.11,2.39,1.964%,131465254916.00,United Kingdom,2023,2980459,Technology,Semiconductors
ARMK,Aramark Common Stock,$41.08,0.22,0.538%,10797302839.00,United States,2013,1265851,Consumer Discretionary,Restaurants
AROC,Archrock Inc. Common Stock,$37.04,0.31,0.844%,6479995469.00,United States,,1837507,Utilities,Natural Gas Distribution
ARQT,Arcutis Biotherapeutics Inc. Common Stock,$24.12,0.52,2.203%,2991685174.00,United States,2020,1420278,Health Care,Biotechnology: Pharmaceutical Preparations
ARR,ARMOUR Residential REIT Inc.,$17.82,-0.02,-0.112%,2127439274.00,United States,,2724555,Real Estate,Real Estate Investment Trusts
ARW,Arrow Electronics Inc. Common Stock,$143.46,-2.39,-1.639%,7328821231.00,United States,,639314,Technology,Electronic Components
ARWR,Arrowhead Pharmaceuticals Inc. Common Stock,$65.10,1.00,1.56%,9116095569.00,United States,,1877441,Health Care,Biotechnology: Pharmaceutical Preparations
ASB,Associated Banc-Corp Common Stock,$26.35,-0.01,-0.038%,4373443516.00,United States,,6210648,Finance,Major Banks
ASBA,Associated Banc-Corp 6.625% Fixed-Rate Reset Subordinated Notes due 2033,$24.8501,-0.0499,-0.20%,3749900343.00,United States,2023,13632,Finance,Major Banks
ASH,Ashland Inc. Common Stock,$60.03,0.41,0.688%,2747116332.00,United States,,419603,Consumer Discretionary,Specialty Chemicals
ASND,Ascendis Pharma A/S American Depositary Shares,$241.38,2.16,0.903%,14960106743.00,Denmark,2015,782444,Health Care,Biotechnology: Pharmaceutical Preparations
ASO,Academy Sports and Outdoors Inc. Common Stock,$60.84,1.06,1.773%,4056890292.00,United States,2020,980690,Consumer Discretionary,Other Specialty Stores
ASR,Grupo Aeroportuario del Sureste S.A. de C.V. Common Stock,$344.83,8.83,2.628%,10344900000.00,Mexico,,77446,Consumer Discretionary,Aerospace
ASTS,AST SpaceMobile Inc. Class A Common Stock,$104.89,12.21,13.174%,40069577265.00,United States,2019,20782879,Consumer Discretionary,Telecommunications Equipment
ATI,ATI Inc. Common Stock,$161.82,4.86,3.096%,22159031904.00,United States,,1663287,Industrials,Steel/Iron Ore
ATKR,Atkore Inc. Common Stock,$63.08,0.66,1.057%,2128990308.00,United States,2016,316167,Miscellaneous,Industrial Machinery/Components
ATMU,Atmus Filtration Technologies Inc. Common Stock,$63.73,0.88,1.40%,5194542504.00,United States,2023,884749,Consumer Discretionary,Auto Parts:O.E.M.
ATO,Atmos Energy Corporation Common Stock,$186.77,0.77,0.414%,30899031944.00,United States,,1456708,Utilities,Oil/Gas Transmission
ATR,AptarGroup Inc. Common Stock,$137.04,-2.72,-1.946%,8822598884.00,United States,,389041,Industrials,Plastic Products
ATRO,Astronics Corporation Common Stock,$79.29,3.61,4.77%,2829953266.00,United States,,702897,Industrials,Military/Government/Technical
ATS,ATS Corporation Common Shares,$32.26,0.00,0.00%,3163410051.00,Canada,2023,201704,Industrials,Industrial Machinery/Components
AUB,Atlantic Union Bankshares Corporation Common Stock,$37.34,-0.21,-0.559%,5322266160.00,United States,,726254,Finance,Major Banks
AUGO,Aura Minerals Inc. Common Shares,$86.19,1.98,2.351%,7199839072.00,United States,,562570,,
AUR,Aurora Innovation Inc. Class A Common Stock,$4.49,-0.11,-2.391%,8750171457.00,United States,2021,18659584,Technology,EDP Services
AVA,Avista Corporation Common Stock,$40.34,0.27,0.674%,3318015223.00,United States,,561366,Utilities,Power Generation
AVAV,AeroVironment Inc. Common Stock,$226.48,-1.82,-0.797%,11307212849.00,United States,2007,1756179,Industrials,Aerospace
AVB,AvalonBay Communities Inc. Common Stock,$178.10,0.78,0.44%,24948866541.00,United States,,592230,Real Estate,Real Estate Investment Trusts
AVNT,Avient Corporation Common Stock,$39.90,-0.15,-0.375%,3655826647.00,United States,,666857,Industrials,Major Chemicals
AVPT,AvePoint Inc. Class A Common Stock,$11.11,0.31,2.87%,2393827471.00,United States,2019,2129808,Technology,Computer Software: Prepackaged Software
AVT,Avnet Inc. Common Stock,$63.32,-0.10,-0.158%,5183563070.00,United States,,501483,Technology,Electronic Components
AVTR,Avantor Inc. Common Stock,$8.65,-0.13,-1.481%,5899783812.00,United States,2019,10179657,Industrials,Biotechnology: Laboratory Analytical Instruments
AVY,Avery Dennison Corporation Common Stock,$187.20,-3.44,-1.804%,14391550368.00,United States,,617304,Consumer Discretionary,Containers/Packaging
AWI,Armstrong World Industries Inc Common Stock,$169.92,0.04,0.024%,7278361606.00,United States,,608234,Industrials,Plastic Products
AWK,American Water Works Company Inc. Common Stock,$136.41,0.60,0.442%,26628414129.00,United States,2008,1782090,Utilities,Water Supply
AWR,American States Water Company Common Stock,$77.15,0.76,0.995%,3015212561.00,United States,,308203,Utilities,Water Supply
AX,Axos Financial Inc. Common Stock,$90.14,0.17,0.189%,5108977365.00,United States,2018,300016,Finance,Savings Institutions
AXON,Axon Enterprise Inc. Common Stock,$569.81,-9.28,-1.603%,45811399192.00,United States,2001,783852,Industrials,Ordnance And Accessories
AXSM,Axsome Therapeutics Inc. Common Stock,$164.08,0.03,0.018%,8393231659.00,United States,2015,428785,Health Care,Biotechnology: Pharmaceutical Preparations
AXTA,Axalta Coating Systems Ltd. Common Shares,$31.40,-0.28,-0.884%,6699941779.00,United States,2014,3258263,Consumer Discretionary,Paints/Coatings
AYI,Acuity Inc. Common Stock,$276.90,-4.14,-1.473%,8490479755.00,United States,,943632,Consumer Discretionary,Building Products
AZO,AutoZone Inc. Common Stock,$3717.00,79.83,2.195%,61582590657.00,United States,,157435,Consumer Discretionary,Auto & Home Supply Stores
AZZ,AZZ Inc.,$132.58,1.39,1.06%,3958264198.00,United States,,125080,Industrials,Industrial Specialties
B,Barrick Mining Corporation Common Shares,$46.77,0.42,0.906%,78356605674.00,Canada,,9138946,Basic Materials,Precious Metals
BA,Boeing Company (The) Common Stock,$227.31,3.19,1.423%,178517248392.00,United States,,5062115,Industrials,Aerospace
BAH,Booz Allen Hamilton Holding Corporation Common Stock,$78.35,-0.85,-1.073%,9448570378.00,United States,2010,2078191,Consumer Discretionary,Professional Services
BALL,Ball Corporation Common Stock,$64.78,-0.42,-0.644%,17236479397.00,United States,,1656049,Industrials,Containers/Packaging
BANC,Banc of California Inc. Common Stock,$18.28,0.26,1.443%,2741333146.00,United States,,3037909,Finance,Major Banks
BANF,BancFirst Corporation Common Stock,$112.95,-0.42,-0.37%,3788918819.00,United States,1993,173553,Finance,Major Banks
BANR,Banner Corporation Common Stock,$61.26,0.68,1.122%,2088834659.00,United States,,336018,Finance,Major Banks
BATRA,Atlanta Braves Holdings Inc. Series A Common Stock,$48.72,0.37,0.765%,3568999483.00,United States,,46734,Consumer Discretionary,Services-Misc. Amusement & Recreation
BATRK,Atlanta Braves Holdings Inc. Series C Common Stock,$43.88,0.27,0.619%,3214443705.00,United States,,311931,Consumer Discretionary,Services-Misc. Amusement & Recreation
BAX,Baxter International Inc. Common Stock,$19.03,0.00,0.00%,9790745556.00,United States,,8651513,Health Care,Medical/Dental Instruments
BB,BlackBerry Limited Common Stock,$3.48,0.07,2.053%,2053200000.00,Canada,,6629676,Technology,Computer Software: Prepackaged Software
BBIO,BridgeBio Pharma Inc. Common Stock,$66.54,2.01,3.115%,12899635436.00,United States,2019,2388869,Health Care,Biotechnology: Pharmaceutical Preparations
BBT,Beacon Financial Corporation Common stock,$30.08,0.25,0.838%,2521187867.00,United States,,634652,Finance,Banks
BBVA,Banco Bilbao Vizcaya Argentaria S.A. Common Stock,$22.05,1.17,5.603%,125882759835.00,Spain,,2131101,Finance,Commercial Banks
BBWI,Bath & Body Works Inc.,$23.01,0.58,2.586%,4710644131.00,United States,,10759493,Consumer Discretionary,Clothing/Shoe/Accessory Stores
BBY,Best Buy Co. Inc. Common Stock,$67.39,1.44,2.183%,14120570591.00,United States,,5644205,Consumer Discretionary,Consumer Electronics/Video Chains
BC,Brunswick Corporation Common Stock,$78.23,-0.59,-0.749%,5073292322.00,United States,,649468,Industrials,Industrial Machinery/Components
BCC,Boise Cascade L.L.C. Common Stock,$78.32,-0.43,-0.546%,2797752287.00,United States,2013,359786,Consumer Discretionary,RETAIL: Building Materials
BCE,BCE Inc. Common Stock,$26.45,0.05,0.189%,24665307860.00,Canada,,3594281,Telecommunications,Telecommunications Equipment
BCO,Brinks Company (The) Common Stock,$123.68,-2.15,-1.709%,5089743303.00,United States,,704995,Industrials,Integrated Freight & Logistics
BCPC,Balchem Corporation Common Stock,$182.66,1.28,0.706%,5849758103.00,United States,,144791,Industrials,Major Chemicals
BCRX,BioCryst Pharmaceuticals Inc. Common Stock,$8.57,-0.12,-1.381%,2149361313.00,United States,1994,4911501,Health Care,Biotechnology: Biological Products (No Diagnostic Substances)
BCS,Barclays PLC Common Stock,$23.34,0.27,1.17%,81142047660.00,United Kingdom,,8822361,Finance,Commercial Banks
BDC,Belden Inc Common Stock,$137.59,1.47,1.08%,5331474222.00,United States,,457843,Industrials,Telecommunications Equipment
BDX,Becton Dickinson and Company Common Stock,$171.49,-2.72,-1.561%,48830372825.00,United States,,2137404,Health Care,Medical/Dental Instruments
BE,Bloom Energy Corporation Class A Common Stock,$164.78,11.76,7.685%,46228734868.00,United States,2018,9822700,Energy,Industrial Machinery/Components
BEAM,Beam Therapeutics Inc. Common Stock,$27.44,0.22,0.808%,2794935363.00,United States,2020,2232271,Health Care,Biotechnology: Biological Products (No Diagnostic Substances)
BELFA,Bel Fuse Inc. Class A Common Stock,$195.95,1.17,0.601%,2480004532.00,United States,,36115,,
BELFB,Bel Fuse Inc. Class B Common Stock,$213.80,0.15,0.07%,2705919719.00,United States,,111396,,
BEN,Franklin Resources Inc. Common Stock,$26.58,0.08,0.302%,13841892448.00,United States,,4273212,Finance,Investment Managers
BEP,Brookfield Renewable Partners L.P. Limited Partnership Units,$30.40,-0.45,-1.459%,20674453098.00,Canada,,637132,Utilities,Electric Utilities: Central
BEPC,Brookfield Renewable Corporation Brookfield Renewable Corporation Class A Subordinate Voting Shares,$40.88,-0.63,-1.518%,5948872194.00,United States,,737461,Utilities,Electric Utilities: Central
BEPH,Brookfield BRP Holdings (Canada) Inc. 4.625% Perpetual Subordinated Notes,$15.24,0.18,1.195%,4376384542.00,Canada,,43318,Utilities,Electric Utilities: Central
BEPI,Brookfield BRP Holdings (Canada) Inc. 4.875% Perpetual Subordinated Notes,$15.995,0.075,0.471%,4593193618.00,Canada,2021,22029,Utilities,Electric Utilities: Central
BEPJ,Brookfield BRP Holdings (Canada) Inc. 7.250% Perpetual Subordinated Notes,$25.255,-0.005,-0.02%,7252335407.00,Canada,2024,5835,Utilities,Electric Utilities: Central
BFAM,Bright Horizons Family Solutions Inc. Common Stock,$75.76,0.74,0.986%,4175409745.00,United States,2013,937706,Consumer Discretionary,Other Consumer Services
BFH,Bread Financial Holdings Inc. Common Stock,$75.10,2.37,3.259%,3237945212.00,United States,,543390,Real Estate,Real Estate
BG,Bunge Limited Common Shares,$115.01,-1.61,-1.381%,22255479291.00,United States,,982338,Consumer Staples,Packaged Foods
BGC,BGC Group Inc. Class A Common Stock,$9.63,0.01,0.104%,4567143416.00,United States,,1772355,Finance,Investment Bankers/Brokers/Service
BGR,BlackRock Energy and Resources Trust,$15.65,-0.07,-0.445%,2121923936.00,United States,2004,142834,Finance,Trusts Except Educational Religious and Charitable
BHC,Bausch Health Companies Inc. Common Stock,$5.63,-0.10,-1.745%,2086266470.00,Canada,,2137634,Health Care,Biotechnology: Pharmaceutical Preparations
BHE,Benchmark Electronics Inc. Common Stock,$57.34,1.24,2.21%,2045148360.00,United States,,246880,Technology,Electrical Products
BHF,Brighthouse Financial Inc. Common Stock,$60.93,1.15,1.924%,3484227152.00,United States,,1195331,Finance,Life Insurance
BIIB,Biogen Inc. Common Stock,$189.94,5.92,3.217%,27875314808.00,United States,,952894,Health Care,Biotechnology: Biological Products (No Diagnostic Substances)
BILL,BILL Holdings Inc. Common Stock,$43.64,-0.10,-0.229%,4318633602.00,United States,2019,1802799,Technology,EDP Services
BIO,Bio-Rad Laboratories Inc. Class A Common Stock,$284.68,4.49,1.602%,7683625364.00,United States,1980,272549,Industrials,Biotechnology: Laboratory Analytical Instruments
BIPC,Brookfield Infrastructure Corporation Brookfield Infrastructure Corporation,$48.73,-0.18,-0.368%,6437823803.00,Canada,,623737,Utilities,Oil & Gas Production
BIPH,Brookfield Infrastructure Corporation 5.000% Subordinated Notes due 2081,$16.6718,-0.0282,-0.169%,7691434432.00,Canada,2021,6856,Utilities,Oil & Gas Production
BIPJ,Brookfield Infrastructure Corporation 7.250% Subordinated Notes due 2084,$24.88,-0.06,-0.241%,11478238023.00,Canada,2024,13128,Utilities,Oil & Gas Production
BJ,BJ's Wholesale Club Holdings Inc. Common Stock,$99.98,-0.27,-0.269%,13082154546.00,United States,2018,2896324,Consumer Discretionary,Department/Specialty Retail Stores
BK,The Bank of New York Mellon Corporation Common Stock,$118.39,0.44,0.373%,81322966849.00,United States,,2425696,Finance,Major Banks
BKD,Brookdale Senior Living Inc. Common Stock,$15.07,0.08,0.534%,3583531664.00,United States,2005,3606930,Health Care,Hospital/Nursing Management
BKE,Buckle Inc. (The) Common Stock,$53.00,0.42,0.799%,2711301178.00,United States,,308417,Consumer Discretionary,Clothing/Shoe/Accessory Stores
BKH,Black Hills Corporation Common Stock,$75.76,1.46,1.965%,5717974333.00,United States,,1236551,Utilities,Electric Utilities: Central
BKNG,Booking Holdings Inc. Common Stock,$4253.58,99.71,2.40%,134725111079.00,United States,,418770,Consumer Discretionary,Transportation Services
BKR,Baker Hughes Company Class A Common Stock,$60.88,-1.66,-2.654%,60163838729.00,United States,,11949041,Consumer Discretionary,Oil and Gas Field Machinery
BKU,BankUnited Inc. Common Stock,$47.28,-0.06,-0.127%,3481633481.00,United States,2011,737733,Finance,Savings Institutions
BKV,BKV Corporation Common Stock,$31.42,0.08,0.255%,3046871080.00,United States,2024,1025894,Energy,Oil & Gas Production
BL,BlackLine Inc. Common Stock,$37.04,0.46,1.258%,2205448088.00,United States,2016,832545,Technology,Computer Software: Prepackaged Software
BLD,TopBuild Corp. Common Stock,$421.48,-11.26,-2.602%,11860249104.00,United States,2015,395056,Consumer Discretionary,Engineering & Construction
BLDR,Builders FirstSource Inc. Common Stock,$95.99,-1.46,-1.498%,10616980573.00,United States,2005,2070367,Consumer Discretionary,RETAIL: Building Materials
BLK,BlackRock Inc. Common Stock,$1049.23,-3.36,-0.319%,163198845817.00,United States,1999,482122,Finance,Investment Bankers/Brokers/Service
BLKB,Blackbaud Inc. Common Stock,$49.765,-0.585,-1.162%,2285878338.00,United States,2004,357576,Technology,Computer Software: Prepackaged Software
BLLN,BillionToOne Inc. Class A Common Stock,$80.83,-2.31,-2.778%,3699488871.00,United States,2025,393665,Health Care,Medical Specialities
BLTE,Belite Bio Inc American Depositary Shares,$177.79,9.91,5.903%,6669726068.00,United States,2022,245912,Health Care,Biotechnology: Pharmaceutical Preparations
BMI,Badger Meter Inc. Common Stock,$149.11,0.35,0.235%,4351268078.00,United States,1971,242670,Industrials,Industrial Machinery/Components
BMNR,BitMine Immersion Technologies Inc. Common Stock,$21.12,1.55,7.92%,9606694965.00,United States,2025,62057823,Finance,Finance: Consumer Services
BMO,Bank Of Montreal Common Stock,$146.03,2.23,1.551%,103125765957.00,Canada,,507672,Finance,Commercial Banks
BMRN,BioMarin Pharmaceutical Inc. Common Stock,$60.43,1.90,3.246%,11622100584.00,United States,1999,2042947,Health Care,Biotechnology: Pharmaceutical Preparations
BMY,Bristol-Myers Squibb Company Common Stock,$62.33,1.11,1.813%,126933406033.00,United States,,12344024,Health Care,Biotechnology: Pharmaceutical Preparations
BN,Brookfield Corporation Class A Limited Voting Shares,$43.19,0.19,0.442%,96976107492.00,Canada,1925,3878929,Real Estate,Building operators
BNH,Brookfield Finance Inc. 4.625% Subordinated Notes due October 16 2080,$15.85,0.08,0.507%,23898581879.00,Canada,2020,13501,Real Estate,Building operators
BNJ,Brookfield Finance Inc. 4.50% Perpetual Subordinated Notes,$15.30,0.03,0.196%,23069293549.00,Canada,2020,26095,Real Estate,Building operators
BNL,Broadstone Net Lease Inc. Common Stock,$18.90,-0.17,-0.891%,3617902770.00,United States,2020,2529902,Real Estate,Real Estate Investment Trusts
BNS,Bank Nova Scotia Halifax Pfd 3 Ordinary Shares,$74.38,0.92,1.252%,91695078481.00,Canada,,1352043,Finance,Major Banks
BNTX,BioNTech SE American Depositary Share,$103.80,3.04,3.017%,24908969455.00,Germany,2019,732275,Health Care,Biotechnology: Biological Products (No Diagnostic Substances)
BOH,Bank of Hawaii Corporation Common Stock,$78.31,0.49,0.63%,3105559796.00,United States,,546309,Finance,Major Banks
BOKF,BOK Financial Corporation Common Stock,$129.38,0.92,0.716%,7852938399.00,United States,,377735,Finance,Major Banks
BOOT,Boot Barn Holdings Inc. Common Stock,$184.29,-2.51,-1.344%,5606181229.00,United States,2014,402799,Consumer Discretionary,Clothing/Shoe/Accessory Stores
BOX,Box Inc. Class A Common Stock,$26.35,2.43,10.159%,3774053004.00,United States,2015,6583518,Technology,Computer Software: Prepackaged Software
BP,BP p.l.c. Common Stock,$38.84,-0.02,-0.051%,101322702084.00,United Kingdom,,7550992,Energy,Integrated oil Companies
BPOP,Popular Inc. Common Stock,$135.90,-0.30,-0.22%,8847674642.00,United States,,597378,Finance,Major Banks
BR,Broadridge Financial Solutions Inc. Common Stock,$188.74,1.23,0.656%,22035152469.00,United States,,866025,Real Estate,Real Estate
BRBR,BellRing Brands Inc. Common Stock ,$17.52,-0.21,-1.184%,2054562043.00,United States,2022,2221716,Consumer Staples,Packaged Foods
BRC,Brady Corporation Common Stock,$91.63,1.10,1.215%,4327505214.00,United States,,311644,Consumer Discretionary,Miscellaneous manufacturing industries
BRKR,Bruker Corporation Common Stock,$38.50,-0.77,-1.961%,5860441125.00,United States,,1469210,Industrials,Biotechnology: Laboratory Analytical Instruments
BRKRP,Bruker Corporation 6.375% Mandatory Convertible Preferred Stock Series A,$307.23,8.86,2.969%,46766320178.00,United States,,3861,Industrials,Biotechnology: Laboratory Analytical Instruments
BRO,Brown & Brown Inc. Common Stock,$71.85,-0.31,-0.43%,24459178653.00,United States,,2851157,Finance,Specialty Insurers
BROS,Dutch Bros Inc. Class A Common Stock,$52.70,-0.33,-0.622%,8671520393.00,United States,2021,3667788,Consumer Discretionary,Restaurants
BRSL,Brightstar Lottery PLC Trading under the Legal Name to begin at the market open on July 21 2025. Ordinary Shares,$13.57,0.14,1.042%,2503665000.00,United States,2015,1849410,Consumer Discretionary,Services-Misc. Amusement & Recreation
BRX,Brixmor Property Group Inc. Common Stock,$30.59,-0.05,-0.163%,9378580697.00,United States,2013,1761705,Real Estate,Real Estate Investment Trusts
BRZE,Braze Inc. Class A Common Stock,$19.36,-0.23,-1.174%,2172492041.00,United States,2021,2192902,Technology,Computer Software: Prepackaged Software
BSM,Black Stone Minerals L.P. Common units representing limited partner interests,$15.12,0.17,1.137%,3432920581.00,United States,2015,292824,Energy,Oil & Gas Production
BSX,Boston Scientific Corporation Common Stock,$72.21,-1.64,-2.221%,107151368778.00,United States,,15540708,Health Care,Medical/Dental Instruments
BSY,Bentley Systems Incorporated Class B Common Stock,$38.87,0.11,0.284%,11773521576.00,United States,2020,3027783,Technology,Computer Software: Prepackaged Software
BTE,Baytex Energy Corp Common Shares,$3.98,0.12,3.109%,3057901660.00,Canada,2023,19123355,Energy,Oil & Gas Production
BTG,B2Gold Corp Common shares (Canada),$5.47,-0.02,-0.364%,7333201552.00,Canada,,19147101,Basic Materials,Precious Metals
BTI,British American Tobacco  Industries p.l.c. Common Stock ADR,$61.01,0.60,0.993%,133114367965.00,United Kingdom,1998,5067458,Health Care, Medicinal Chemicals and Botanical Products 
BTSG,BrightSpring Health Services Inc. Common Stock,$41.96,1.31,3.223%,8120806226.00,United States,2024,9846523,Health Care,Medical/Nursing Services
BTSGU,BrightSpring Health Services Inc. Tangible Equity Unit,$140.49,3.075,2.238%,27189992057.00,United States,2024,51506,Health Care,Medical/Nursing Services
BTU,Peabody Energy Corporation Common Stock ,$35.69,0.81,2.322%,4345181587.00,United States,2017,2983048,Energy,Coal Mining
BUD,Anheuser-Busch Inbev SA Sponsored ADR (Belgium),$75.59,-0.97,-1.267%,135850236354.00,Belgium,,2043248,Consumer Staples,Beverages (Production/Distribution)
BULL,Webull Corporation Class A Ordinary Shares,$6.07,0.11,1.846%,3052735271.00,United States,,29129529,Finance,Investment Bankers/Brokers/Service
BURL,Burlington Stores Inc. Common Stock,$300.75,0.37,0.123%,18925297055.00,United States,2013,1547266,Consumer Discretionary,Department/Specialty Retail Stores
BUSE,First Busey Corporation Class A Common Stock,$25.66,-0.14,-0.543%,2212596341.00,United States,,592910,Finance,Major Banks
BUSEP,First Busey Corporation Depositary Shares Each Representing a 1/40thInterest in a Share of 8.25% Fixed-Rate Series B Non-Cumulative Perpetual Preferred Stock $0.001 par value,$25.99,0.07,0.27%,2241051400.00,United States,,12148,Finance,Major Banks
BWA,BorgWarner Inc. Common Stock,$52.80,-1.32,-2.439%,10932174950.00,United States,,2535894,Consumer Discretionary,Auto Parts:O.E.M.
BWIN,The Baldwin Insurance Group Inc. Class A Common Stock,$22.05,-0.24,-1.077%,3150005692.00,United States,2019,1163598,Finance,Specialty Insurers
BWNB,Babcock & Wilcox Enterprises Inc. 6.50% Senior Notes due 2026,$25.01,0.01,0.04%,2528449525.00,United States,2021,4665,Industrials,Building Products
BWXT,BWX Technologies Inc. Common Stock,$205.57,-0.26,-0.126%,18798366740.00,United States,,677805,Industrials,Industrial Machinery/Components
BX,Blackstone Inc. Common Stock,$114.14,3.22,2.903%,84712509321.00,United States,2007,8266107,Finance,Investment Managers
BXMT,Blackstone Mortgage Trust Inc. Common Stock,$19.44,0.09,0.465%,3280279200.00,United States,,1128123,Real Estate,Real Estate Investment Trusts
BXP,BXP Inc. Common Stock,$56.36,1.11,2.009%,8940337429.00,United States,1997,3548814,Real Estate,Real Estate Investment Trusts
BYD,Boyd Gaming Corporation Common Stock,$82.20,0.82,1.008%,6205459169.00,United States,1993,722543,Consumer Discretionary,Hotels/Resorts
C,Citigroup Inc. Common Stock,$111.32,0.56,0.506%,194734192082.00,United States,,13039064,Finance,Major Banks
CACC,Credit Acceptance Corporation Common Stock,$490.03,8.80,1.829%,5266686610.00,United States,1992,427980,Finance,Finance: Consumer Services
CACI,CACI International Inc. Class A Common Stock,$624.55,-5.20,-0.826%,13793670152.00,United States,,245298,Technology,EDP Services
CAE,CAE Inc. Ordinary Shares,$30.91,1.39,4.709%,9947000679.00,Canada,,811926,Miscellaneous,Industrial Machinery/Components
CAG,ConAgra Brands Inc. Common Stock,$18.85,-0.11,-0.58%,9017264604.00,United States,,10252760,Consumer Staples,Packaged Foods
CAH,Cardinal Health Inc. Common Stock,$223.18,-3.17,-1.40%,52517828451.00,United States,,1700934,Health Care,Other Pharmaceuticals
CAI,Caris Life Sciences Inc. Common Stock,$19.86,0.48,2.477%,5603437891.00,United States,2025,2070536,Health Care,Medical Specialities
CAKE,Cheesecake Factory Incorporated (The) Common Stock,$64.04,0.80,1.265%,3192976188.00,United States,1992,1092198,Consumer Discretionary,Restaurants
CALM,Cal-Maine Foods Inc. Common Stock,$88.50,0.51,0.58%,4217383071.00,United States,1996,860692,Consumer Staples,Farming/Seeds/Milling
CALX,Calix Inc Common Stock,$54.28,1.70,3.233%,3561183948.00,United States,2010,453552,Consumer Discretionary,Telecommunications Equipment
CALY,Callaway Golf Company Common Stock,$14.34,0.21,1.486%,2639911918.00,United States,,2079194,Consumer Discretionary,Recreational Games/Products/Toys
CAR,Avis Budget Group Inc. Common Stock,$95.75,-1.23,-1.268%,3376015929.00,United States,,771107,Consumer Discretionary,Rental/Leasing Companies
CARG,CarGurus Inc. Class A Common Stock ,$33.53,1.08,3.328%,3191692099.00,United States,2017,1482385,Technology,EDP Services
CARR,Carrier Global Corporation Common Stock ,$61.08,-0.09,-0.147%,51053344313.00,United States,2020,4254694,Industrials,Industrial Machinery/Components
CART,Maplebear Inc. Common Stock,$36.60,-0.73,-1.956%,8806511306.00,United States,2023,2804895,Real Estate,Real Estate
CASY,Casey's General Stores Inc. Common Stock,$683.89,5.67,0.836%,25349704809.00,United States,1983,354229,Consumer Discretionary,Retail-Auto Dealers and Gas Stations
CATY,Cathay General Bancorp Common Stock,$50.12,-0.02,-0.04%,3355917869.00,United States,,272357,Finance,Major Banks
CAVA,CAVA Group Inc. Common Stock,$79.52,2.45,3.179%,9254359873.00,United States,2023,2306444,Consumer Discretionary,Restaurants
CB,Chubb Limited  Common Stock,$334.14,-4.16,-1.23%,130366910285.00,Switzerland,,1531344,Finance,Property-Casualty Insurers
CBC,Central Bancompany Inc. Class A Common Stock,$24.60,0.20,0.82%,5865695340.00,United States,,296126,,
CBRE,CBRE Group Inc Common Stock Class A,$141.74,-0.89,-0.624%,41835773444.00,United States,,2179395,Finance,Real Estate
CBSH,Commerce Bancshares Inc. Common Stock,$52.25,0.64,1.24%,7674442014.00,United States,,1375605,Finance,Major Banks
CBT,Cabot Corporation Common Stock,$74.87,0.47,0.632%,3909831491.00,United States,,441617,Industrials,Major Chemicals
CBU,Community Financial System Inc. Common Stock,$61.07,-0.06,-0.098%,3219850466.00,United States,,235808,Finance,Major Banks
CC,Chemours Company (The) Common Stock,$17.53,0.76,4.532%,2630995449.00,United States,2015,3040639,Industrials,Major Chemicals
CCC,CCC Intelligent Solutions Holdings Inc. Common Stock,$5.97,0.32,5.664%,3624542578.00,United States,,12580247,Technology,Computer Software: Prepackaged Software
CCEP,Coca-Cola Europacific Partners plc Ordinary Shares,$104.53,-0.70,-0.665%,47454783721.00,United Kingdom,,2539458,Consumer Staples,Beverages (Production/Distribution)
CCI,Crown Castle Inc. Common Stock,$91.15,0.89,0.986%,39747820241.00,United States,,2598551,Real Estate,Real Estate Investment Trusts
CCJ,Cameco Corporation Common Stock,$120.24,2.45,2.08%,52368485275.00,Canada,1996,2852319,Basic Materials,Other Metals and Minerals
CCK,Crown Holdings Inc.,$111.30,-1.59,-1.408%,12602016960.00,United States,,778059,Industrials,Containers/Packaging
CCL,Carnival Corporation Common Stock,$28.01,-0.52,-1.823%,40794159697.00,United States,1987,21961775,Consumer Discretionary,Marine Transportation
CDE,Coeur Mining Inc. Common Stock,$23.76,-0.36,-1.493%,15256237907.00,United States,,15428142,Basic Materials,Precious Metals
CDNS,Cadence Design Systems Inc. Common Stock,$305.43,4.80,1.597%,83275794930.00,United States,,2821593,Technology,Computer Software: Prepackaged Software
CDP,COPT Defense Properties Common Shares of Beneficial Interest,$32.62,0.46,1.43%,3692833869.00,United States,,789796,Real Estate,Real Estate Investment Trusts
CDW,CDW Corporation Common Stock,$124.87,-0.41,-0.327%,16107429334.00,United States,2013,1619804,Technology,Retail: Computer Software & Peripheral Equipment
CE,Celanese Corporation Common Stock,$51.15,-0.17,-0.331%,5604606368.00,United States,2005,1874383,Industrials,Major Chemicals
CEG,Constellation Energy Corporation Common Stock ,$322.85,-2.02,-0.622%,116868579655.00,United States,,2341304,Utilities,Electric Utilities: Central
CELC,Celcuity Inc. Common Stock,$112.18,4.78,4.451%,5190709835.00,United States,2017,740338,Health Care,Medical Specialities
CELH,Celsius Holdings Inc. Common Stock,$45.57,-1.54,-3.269%,11710396001.00,United States,,9108828,Consumer Staples,Beverages (Production/Distribution)
CENT,Central Garden & Pet Company Common Stock,$38.43,0.35,0.919%,2392937681.00,United States,1993,34924,Consumer Discretionary,Consumer Specialties
CENTA,Central Garden & Pet Company Class A Common Stock Nonvoting,$33.65,0.20,0.598%,2095299322.00,United States,,180958,Consumer Discretionary,Consumer Specialties
CENX,Century Aluminum Company Common Stock,$53.43,0.51,0.964%,4987261404.00,United States,1996,3161725,Industrials,Aluminum
CET,Central Securities Corporation Common Stock,$52.24,0.098,0.188%,12643396448.00,United States,1951,50699,Finance,Finance/Investors Services
CF,CF Industries Holdings Inc. Common Stock,$104.71,-1.59,-1.496%,16090662247.00,United States,2005,3626979,Industrials,Agricultural Chemicals
CFG,Citizens Financial Group Inc. Common Stock,$60.20,0.52,0.871%,25584016151.00,United States,2014,5267699,Finance,Major Banks
CFLT,Confluent Inc. Class A Common Stock,$30.75,0.00,0.00%,10997568406.00,United States,2021,8511854,Technology,Computer Software: Prepackaged Software
CFR,Cullen/Frost Bankers Inc. Common Stock,$139.70,-0.77,-0.548%,8829290342.00,United States,,796174,Finance,Major Banks
CG,The Carlyle Group Inc. Common Stock,$52.50,0.84,1.626%,18961481018.00,United States,2012,3758732,Finance,Investment Managers
CGABL,The Carlyle Group Inc. 4.625% Subordinated Notes due 2061,$17.55,0.06,0.343%,6347921118.00,United States,,16100,Finance,Investment Managers
CGAU,Centerra Gold Inc. Common Shares,$19.36,-0.16,-0.82%,3905513748.00,Canada,2021,1018470,Basic Materials,Precious Metals
CGNX,Cognex Corporation Common Stock,$53.17,-0.44,-0.821%,8810690106.00,United States,1989,1490321,Industrials,Industrial Machinery/Components
CGON,CG Oncology Inc. Common stock,$61.57,1.02,1.685%,5198675264.00,United States,2024,1088154,Health Care,Biotechnology: Biological Products (No Diagnostic Substances)
CHD,Church & Dwight Company Inc. Common Stock,$102.47,-0.55,-0.534%,24254058875.00,United States,,1686847,Consumer Discretionary,Package Goods/Cosmetics
CHDN,Churchill Downs Incorporated Common Stock,$90.75,-2.67,-2.858%,6324946122.00,United States,,1006414,Consumer Discretionary,Services-Misc. Amusement & Recreation
CHE,Chemed Corp,$410.99,-13.17,-3.105%,5657333245.00,United States,,344892,Health Care,Medical/Nursing Services
CHEF,The Chefs' Warehouse Inc. Common Stock,$62.52,0.09,0.144%,2544203447.00,United States,2011,461336,Consumer Discretionary,Food Distributors
CHH,Choice Hotels International Inc. Common Stock,$104.46,-1.43,-1.35%,4802171713.00,United States,,443740,Consumer Discretionary,Hotels/Resorts
CHRD,Chord Energy Corporation Common Stock,$114.00,1.66,1.478%,6480048420.00,United States,,1128530,Energy,Oil & Gas Production
CHRW,C.H. Robinson Worldwide Inc. Common Stock,$189.87,-3.45,-1.785%,22522537562.00,United States,1997,1528535,Industrials,Integrated Freight & Logistics
CHTR,Charter Communications Inc. Class A Common Stock New,$232.00,2.59,1.129%,29378519600.00,United States,,1272013,Telecommunications,Cable & Other Pay Television Services
CHWY,Chewy Inc. Class A Common Stock,$25.51,-1.33,-4.955%,10586613087.00,United States,2019,12974050,Consumer Discretionary,Catalog/Specialty Distribution
CHYM,Chime Financial Inc. Class A Common Stock,$22.52,-0.26,-1.141%,8435496245.00,United States,2025,2890362,Finance,Finance: Consumer Services
CI,The Cigna Group Common Stock,$284.74,0.81,0.285%,75037041593.00,United States,,1422103,Health Care,Medical Specialities
CIEN,Ciena Corporation Common Stock,$343.55,10.48,3.146%,48599770309.00,United States,1997,2696131,Utilities,Telecommunications Equipment
CIFR,Cipher Digital Inc. Common Stock,$16.04,1.33,9.041%,6498115288.00,United States,2020,22112936,Finance,Finance: Consumer Services
CIGI,Colliers International Group Inc. Subordinate Voting Shares,$118.03,0.78,0.665%,6031783993.00,Canada,,400694,Finance,Real Estate
CII,BlackRock Enhanced Large Cap Core Fund Inc. Common Stock,$22.58,0.25,1.12%,3359056595.00,United States,2004,44484,Finance,Investment Bankers/Brokers/Service
CIMN,Chimera Investment Corporation 9.000% Senior Notes due 2029,$25.1577,0.0177,0.07%,2025967091.00,United States,2024,936,Real Estate,Real Estate Investment Trusts
CINF,Cincinnati Financial Corporation Common Stock,$167.97,-0.56,-0.332%,26139084241.00,United States,,583316,Finance,Property-Casualty Insurers
CL,Colgate-Palmolive Company Common Stock,$95.28,-0.23,-0.241%,76371496108.00,United States,,5796418,Consumer Discretionary,Package Goods/Cosmetics
CLF,Cleveland-Cliffs Inc. Common Stock,$10.83,-0.25,-2.256%,6177329104.00,United States,,15074590,Basic Materials,Metal Mining
CLH,Clean Harbors Inc. Common Stock,$293.00,-4.15,-1.397%,15502907178.00,United States,,543421,Industrials,Environmental Services
CLMT,Calumet Inc. Common Stock,$29.32,1.43,5.127%,2544288505.00,United States,2006,1474411,Energy,Integrated oil Companies
CLS,Celestica Inc. Common Stock,$270.64,13.69,5.328%,31114900007.00,Canada,1998,1926101,Technology,Electrical Products
CLSK,CleanSpark Inc. Common Stock,$10.66,0.77,7.786%,2726326053.00,United States,,21545289,Finance,Finance: Consumer Services
CLX,Clorox Company (The) Common Stock,$117.43,-3.72,-3.071%,14198680072.00,United States,,2711968,Consumer Discretionary,Specialty Chemicals
CM,Canadian Imperial Bank of Commerce Common Stock,$101.18,0.74,0.737%,93557199980.00,Canada,,870767,Finance,Commercial Banks
CMC,Commercial Metals Company Common Stock,$71.22,-0.39,-0.545%,7898826310.00,United States,,1190737,Industrials,Steel/Iron Ore
CMCSA,Comcast Corporation Class A Common Stock,$32.09,1.08,3.483%,115454877947.00,United States,,28506640,Telecommunications,Cable & Other Pay Television Services
CME,CME Group Inc. Class A Common Stock,$320.00,-5.13,-1.578%,114760150080.00,United States,2002,2559638,Finance,Investment Bankers/Brokers/Service
CMG,Chipotle Mexican Grill Inc. Common Stock,$36.71,-0.22,-0.596%,47811948330.00,United States,2006,11266458,Consumer Discretionary,Restaurants
CMI,Cummins Inc. Common Stock,$574.06,13.97,2.494%,79315265690.00,United States,,1086334,Industrials,Industrial Machinery/Components
CMRE,Costamare Inc. Common Stock $0.0001 par value,$17.44,-0.10,-0.57%,2092128368.00,Greece,2010,506604,Consumer Discretionary,Marine Transportation
CMS,CMS Energy Corporation Common Stock,$78.12,0.32,0.411%,23937600786.00,United States,,3062344,Utilities,Power Generation
CMSA,CMS Energy Corporation 5.625% Junior Subordinated Notes due 2078,$22.17,-0.14,-0.628%,6636267170.00,United States,2018,31366,Utilities,Power Generation
CMSC,CMS Energy Corporation 5.875% Junior Subordinated Notes due 2078,$23.489,0.079,0.337%,7031090643.00,United States,2018,10799,Utilities,Power Generation
CMSD,CMS Energy Corporation 5.875% Junior Subordinated Notes due 2079,$23.30,0.01,0.043%,6974516241.00,United States,2019,26016,Utilities,Power Generation
CNA,CNA Financial Corporation Common Stock,$49.00,-0.43,-0.87%,13262995179.00,United States,,472630,Finance,Property-Casualty Insurers
CNC,Centene Corporation Common Stock,$44.99,1.17,2.67%,22124777290.00,United States,,3483799,Health Care,Medical Specialities
CNH,CNH Industrial N.V. Common Shares,$11.90,-0.16,-1.327%,14767264231.00,United Kingdom,2013,7959595,Industrials,Construction/Ag Equipment/Trucks
CNI,Canadian National Railway Company Common Stock,$110.79,-0.39,-0.351%,67737006000.00,Canada,,1199987,Industrials,Railroads
CNK,Cinemark Holdings Inc Cinemark Holdings Inc. Common Stock,$28.61,-0.07,-0.244%,3305205641.00,United States,2007,1895052,Consumer Discretionary,Movies/Entertainment
CNM,Core & Main Inc. Class A Common Stock,$54.27,0.38,0.705%,10610453009.00,United States,2021,1178234,Consumer Discretionary,Durable Goods
CNO,CNO Financial Group Inc. Common Stock,$42.58,0.39,0.924%,4014344977.00,United States,,504325,Finance,Accident &Health Insurance
CNP,CenterPoint Energy Inc (Holding Co) Common Stock,$44.02,0.63,1.452%,28739407128.00,United States,,4336039,Utilities,Electric Utilities: Central
CNQ,Canadian Natural Resources Limited Common Stock,$44.18,0.05,0.113%,92031667260.00,Canada,,8732395,Energy,Oil & Gas Production
CNR,Core Natural Resources Inc. Common Stock,$93.77,1.76,1.913%,4780351841.00,United States,2017,1027779,Energy,Coal Mining
CNS,Cohen & Steers Inc Common Stock,$66.92,-0.98,-1.443%,3439031113.00,United States,2004,519761,Finance,Investment Managers
CNTA,Centessa Pharmaceuticals plc American Depositary Shares,$26.70,0.50,1.908%,3827607950.00,United Kingdom,2021,2590273,Health Care,Biotechnology: Pharmaceutical Preparations
CNX,CNX Resources Corporation Common Stock,$42.38,0.47,1.121%,6033563045.00,United States,1999,1461291,Energy,Oil & Gas Production
CNXC,Concentrix Corporation Common Stock,$32.96,0.39,1.197%,2030247140.00,United States,,965251,Technology,Computer Software: Prepackaged Software
COCO,The Vita Coco Company Inc. Common Stock,$55.175,1.055,1.949%,3149508895.00,United States,2021,648705,Consumer Staples,Beverages (Production/Distribution)
COF,Capital One Financial Corporation Common Stock,$195.83,2.10,1.084%,121792863857.00,United States,1994,4650842,Finance,Major Banks
COGT,Cogent Biosciences Inc. Common Stock,$37.02,-0.22,-0.591%,6008672516.00,United States,2018,1358981,Health Care,Biotechnology: Pharmaceutical Preparations
COHR,Coherent Corp. Common Stock,$274.86,-5.95,-2.119%,51531261841.00,United States,,10497381,Technology,Electronic Components
COIN,Coinbase Global Inc. Class A Common Stock,$208.93,26.57,14.57%,55173225059.00,United States,,27136923,Finance,Finance: Consumer Services
COKE,Coca-Cola Consolidated Inc. Common Stock,$207.35,2.60,1.27%,13802106361.00,United States,1972,332994,Consumer Staples,Beverages (Production/Distribution)
COLB,Columbia Banking System Inc. Common Stock,$28.58,-0.10,-0.349%,8446838634.00,United States,1992,2628392,Finance,Major Banks
COLD,Americold Realty Trust Inc. Common Stock,$12.56,-0.12,-0.946%,3578088756.00,United States,2018,4522458,Real Estate,Real Estate Investment Trusts
COLM,Columbia Sportswear Company Common Stock,$60.24,0.02,0.033%,3153657492.00,United States,1998,556547,Consumer Discretionary,Apparel
COMP,Compass Inc. Class A Common Stock,$9.49,-0.30,-3.064%,7044186742.00,United States,2021,10914766,Technology,EDP Services
CON,Concentra Group Holdings Parent Inc. Common Stock,$23.56,0.08,0.341%,3030634686.00,United States,2024,631755,Health Care,Medical Specialities
COO,The Cooper Companies Inc. Common Stock,$81.98,-1.39,-1.667%,15995462280.00,United States,,2661193,Health Care,Ophthalmic Goods
COP,ConocoPhillips Common Stock,$115.65,-2.87,-2.422%,141363522929.00,United States,,10157662,Energy,Integrated oil Companies
COR,Cencora Inc. Common Stock,$368.19,-3.25,-0.875%,71624251806.00,United States,,786239,Health Care,Other Pharmaceuticals
CORT,Corcept Therapeutics Incorporated Common Stock,$35.69,0.41,1.162%,3796488774.00,United States,2004,1082188,Health Care,Biotechnology: Pharmaceutical Preparations
CORZ,Core Scientific Inc. Common Stock,$15.84,0.54,3.529%,4994869255.00,United States,,10609619,Finance,Finance: Consumer Services
CORZW,Core Scientific Inc. Tranche 1 Warrants,$9.76,0.60,6.55%,3077646713.00,United States,,176045,Finance,Finance: Consumer Services
CORZZ,Core Scientific Inc. Tranche 2 Warrants,$15.89,0.43,2.781%,5010635888.00,United States,,3348,Finance,Finance: Consumer Services
COTY,Coty Inc. Class A Common Stock,$2.43,-0.02,-0.816%,2138415452.00,United States,2013,5950959,Consumer Discretionary,Package Goods/Cosmetics
CP,Canadian Pacific Kansas City Limited Common Shares,$86.81,-0.97,-1.105%,78201160639.00,Canada,,3188847,Industrials,Railroads
CPAY,Corpay Inc. Common Stock,$328.72,-5.70,-1.704%,22369493301.00,United States,,928337,Real Estate,Real Estate
CPB,The Campbell's Company Common Stock,$25.09,-0.96,-3.685%,7480188207.00,United States,,14021356,Consumer Staples,Packaged Foods
CPK,Chesapeake Utilities Corporation Common Stock,$137.66,0.50,0.365%,3295085650.00,United States,,101663,Utilities,Oil & Gas Production
CPNG,Coupang Inc. Class A Common Stock,$19.10,-0.11,-0.573%,34918458720.00,United States,2021,23027071,Consumer Discretionary,Catalog/Specialty Distribution
CPRT,Copart Inc. (DE) Common Stock,$37.94,-0.54,-1.403%,36726590931.00,United States,1994,10899783,Consumer Discretionary,Retail-Auto Dealers and Gas Stations
CPRX,Catalyst Pharmaceuticals Inc. Common Stock,$24.69,0.77,3.219%,3015238696.00,United States,2006,1026283,Health Care,Biotechnology: Pharmaceutical Preparations
CPT,Camden Property Trust Common Stock,$108.75,0.56,0.518%,11245642838.00,United States,1993,610647,Real Estate,Real Estate Investment Trusts
CQP,Cheniere Energy Partners LP Common Units,$63.73,1.76,2.84%,30848769259.00,United States,2007,92621,Utilities,Oil/Gas Transmission
CR,Crane Company Common Stock,$203.60,2.75,1.369%,11742486869.00,United States,2023,269511,Industrials,Metal Fabrications
CRBG,Corebridge Financial Inc. Common Stock,$26.45,1.35,5.378%,12740591817.00,United States,2022,5968378,Finance,Life Insurance
CRC,California Resources Corporation Common Stock,$62.05,1.58,2.613%,5497473262.00,United States,2020,813845,Energy,Oil & Gas Production
CRCL,Circle Internet Group Inc. Class A Common Stock,$105.27,5.64,5.661%,24788515465.00,United States,2025,24099812,Finance,Finance: Consumer Services
CRDO,Credo Technology Group Holding Ltd Ordinary Shares,$102.54,5.24,5.385%,18521976466.00,United States,2022,9043331,Technology,Semiconductors
CRGY,Crescent Energy Company Class A Common Stock,$11.51,0.27,2.402%,3774132131.00,United States,2021,36931982,Energy,Oil & Gas Production
CRH,CRH PLC Ordinary Shares,$113.26,-0.29,-0.255%,75809384068.00,Ireland,,5139837,Industrials,Building Materials
CRK,Comstock Resources Inc. Common Stock,$21.12,0.47,2.276%,6209739149.00,United States,,1807726,Energy,Oil & Gas Production
CRL,Charles River Laboratories International Inc. Common Stock,$179.58,3.89,2.214%,8840328324.00,United States,2000,742908,Health Care,Biotechnology: Commercial Physical & Biological Resarch
CRM,Salesforce Inc. Common Stock,$193.08,-2.97,-1.515%,178212840000.00,United States,2004,11567065,Technology,Computer Software: Prepackaged Software
CRNX,Crinetics Pharmaceuticals Inc. Common Stock,$39.51,-0.61,-1.52%,4136907588.00,United States,2018,1089790,Health Care,Biotechnology: Pharmaceutical Preparations
CROX,Crocs Inc. Common Stock,$83.57,-1.81,-2.12%,4198021618.00,United States,2006,1229897,Consumer Discretionary,Shoe Manufacturing
CRS,Carpenter Technology Corporation Common Stock,$412.13,11.05,2.755%,20528078667.00,United States,,479587,Industrials,Steel/Iron Ore
CRSP,CRISPR Therapeutics AG Common Shares,$60.00,1.94,3.341%,5759118720.00,Switzerland,2016,1172700,Health Care,Biotechnology: Biological Products (No Diagnostic Substances)
CRUS,Cirrus Logic Inc. Common Stock,$137.81,-0.57,-0.412%,7029328278.00,United States,1989,491261,Technology,Semiconductors
CRVL,CorVel Corp. Common Stock,$53.08,0.85,1.627%,2715171356.00,United States,,156216,Finance,Specialty Insurers
CRWD,CrowdStrike Holdings Inc. Class A Common Stock,$407.68,16.26,4.154%,102775492019.00,United States,2019,8322579,Technology,Computer Software: Prepackaged Software
CRWV,CoreWeave Inc. Class A Common Stock,$79.50,5.72,7.753%,41792206574.00,United States,2025,25253640,Technology,Computer Software: Prepackaged Software
CSGP,CoStar Group Inc. Common Stock,$47.60,0.82,1.753%,19982161128.00,United States,1998,4337505,Real Estate,Real Estate
CSGS,CSG Systems International Inc. Common Stock,$79.83,0.02,0.025%,2275309551.00,United States,1996,180060,Technology,EDP Services
CSL,Carlisle Companies Incorporated Common Stock,$389.20,0.44,0.113%,15912001426.00,United States,,217886,Industrials,Specialty Chemicals
CSQ,Calamos Strategic Total Return Common Stock,$18.82,0.08,0.427%,2990265046.00,United States,2004,253293,Finance,Finance Companies
CSTM,Constellium SE Ordinary Shares (France),$26.63,0.80,3.097%,3596908002.00,Netherlands,2013,3328176,Industrials,Metal Fabrications
CSW,CSW Industrials Inc. Common Stock,$278.47,0.90,0.324%,4586464948.00,United States,,97614,Industrials,Home Furnishings
CSX,CSX Corporation Common Stock,$42.78,0.12,0.281%,79551839861.00,United States,,8558790,Industrials,Railroads
CTAS,Cintas Corporation Common Stock,$200.12,-1.43,-0.71%,80025915958.00,United States,1983,1398001,Industrials,Garments and Clothing
CTRA,Coterra Energy Inc. Common Stock,$30.55,-0.35,-1.133%,23195781443.00,United States,,6189997,Energy,Oil & Gas Production
CTRE,CareTrust REIT Inc. Common Stock,$39.29,-0.72,-1.80%,8777571252.00,United States,2022,2113707,Real Estate,Real Estate Investment Trusts
CTRI,Centuri Holdings Inc. Common Stock,$30.41,0.54,1.808%,3065828062.00,United States,2024,2162955,Utilities,Oil & Gas Production
CTSH,Cognizant Technology Solutions Corporation Class A Common Stock,$65.12,0.78,1.212%,31143439430.00,United States,1998,6307156,Technology,EDP Services
CTVA,Corteva Inc. Common Stock ,$78.00,-0.93,-1.178%,52456872000.00,United States,2019,4584631,Consumer Staples,Farming/Seeds/Milling
CUBE,CubeSmart Common Shares,$41.12,0.06,0.146%,9338101538.00,United States,,2414229,Real Estate,Real Estate Investment Trusts
CUBI,Customers Bancorp Inc Common Stock,$70.26,0.61,0.876%,2403747345.00,United States,,358592,Finance,Major Banks
CUK,Carnival Plc ADS ADS,$27.95,-0.42,-1.48%,40706774850.00,United States,,3017088,Consumer Discretionary,Marine Transportation
CURB,Curbline Properties Corp. Common Stock,$28.37,0.02,0.071%,2989288429.00,United States,2024,690832,Finance,Real Estate
CUZ,Cousins Properties Incorporated Common Stock,$24.07,0.78,3.349%,4043326499.00,United States,,1895275,Real Estate,Real Estate Investment Trusts
CVBF,CVB Financial Corporation Common Stock,$19.49,-0.08,-0.409%,2646747866.00,United States,,957307,Finance,Major Banks
CVCO,Cavco Industries Inc. Common Stock When Issued,$579.70,16.30,2.893%,4499146191.00,United States,,152478,Consumer Discretionary,Homebuilding
CVE,Cenovus Energy Inc Common Stock,$22.81,0.44,1.967%,42960354000.00,Canada,,15402427,Energy,Oil & Gas Production
CVI,CVR Energy Inc. Common Stock,$26.45,1.43,5.715%,2659034344.00,United States,2007,1162425,Energy,Integrated oil Companies
CVLT,Commvault Systems Inc. Common Stock,$87.57,0.57,0.655%,3850837070.00,United States,2006,797493,Technology,Computer Software: Prepackaged Software
CVNA,Carvana Co. Class A Common Stock,$316.26,-2.73,-0.856%,69212130962.00,United States,2017,2928486,Consumer Discretionary,Retail-Auto Dealers and Gas Stations
CVS,CVS Health Corporation Common Stock,$80.57,0.08,0.099%,102502045346.00,United States,,6803279,Consumer Staples,Retail-Drug Stores and Proprietary Stores
CVSA,Covista Inc. Common Shares,$100.64,-2.06,-2.006%,3472937755.00,United States,,530638,Real Estate,Other Consumer Services
CW,Curtiss-Wright Corporation Common Stock,$712.59,10.60,1.51%,26272858383.00,United States,,282713,Technology,Industrial Machinery/Components
CWAN,Clearwater Analytics Holdings Inc. Class A Common Stock,$23.54,0.04,0.17%,6955274654.00,United States,2021,3961132,Technology,Computer Software: Prepackaged Software
CWEN,Clearway Energy Inc. Class C Common Stock,$37.77,0.20,0.532%,7751118533.00,United States,2015,532744,Utilities,Electric Utilities: Central
CWST,Casella Waste Systems Inc. Class A Common Stock,$93.55,1.91,2.084%,5941806453.00,United States,1997,935655,Utilities,Environmental Services
CWT,California Water Service Group Common Stock,$46.99,0.04,0.085%,2802617240.00,United States,,362873,Utilities,Water Supply
CX,Cemex S.A.B. de C.V. Sponsored ADR,$11.94,0.54,4.737%,17321870513.00,Mexico,,6314333,Industrials,Building Materials
CXT,Crane NXT Co. Common Stock,$48.56,0.39,0.81%,2789459905.00,United States,,1038894,Industrials,Metal Fabrications
CYTK,Cytokinetics Incorporated Common Stock,$62.27,1.55,2.553%,7669347992.00,United States,2004,2369611,Health Care,Biotechnology: Pharmaceutical Preparations
CZR,Caesars Entertainment Inc. Common Stock,$25.56,0.54,2.158%,5201997297.00,United States,,4991308,Consumer Discretionary,Hotels/Resorts
D,Dominion Energy Inc. Common Stock,$62.57,-0.11,-0.175%,54985616932.00,United States,,4958910,Utilities,Electric Utilities: Central
DAC,Danaos Corporation Common Stock,$113.22,-1.97,-1.71%,2060997440.00,Greece,2006,143675,Consumer Discretionary,Marine Transportation
DAL,Delta Air Lines Inc. Common Stock,$63.83,-0.77,-1.192%,41689333092.00,United States,,9382269,Consumer Discretionary,Air Freight/Delivery Services
DAN,Dana Incorporated Common Stock ,$34.21,0.54,1.604%,3716674943.00,United States,,1142988,Consumer Discretionary,Auto Parts:O.E.M.
DAR,Darling Ingredients Inc. Common Stock,$53.32,-0.05,-0.094%,8434481892.00,United States,1997,1961334,Consumer Staples,Packaged Foods
DASH,DoorDash Inc. Class A Common Stock,$177.75,2.29,1.305%,77219284068.00,United States,,3086524,Technology,EDP Services
DAVE,Dave Inc. Class A Common Stock,$210.67,1.91,0.915%,2856600511.00,United States,,979683,Finance,Finance: Consumer Services
DB,Deutsche Bank AG Common Stock,$33.36,0.31,0.938%,64993716244.00,Germany,,3044408,Finance,Major Banks
DBD,Diebold Nixdorf Incorporated Common stock,$80.00,1.11,1.407%,2813843040.00,United States,2023,229321,Miscellaneous,Office Equipment/Supplies/Services
DBRG,DigitalBridge Group Inc.,$15.43,-0.03,-0.194%,2823918271.00,United States,2014,1715227,Real Estate,Real Estate Investment Trusts
DBX,Dropbox Inc. Class A Common Stock,$26.17,0.00,0.00%,6311898282.00,United States,2018,2905684,Technology,Computer Software: Prepackaged Software
DCI,Donaldson Company Inc. Common Stock,$93.44,0.45,0.484%,10821682866.00,United States,,676793,Industrials,Pollution Control Equipment
DCO,Ducommun Incorporated Common Stock,$139.45,4.34,3.212%,2089929759.00,United States,,254612,Industrials,Military/Government/Technical
DD,DuPont de Nemours Inc. Common Stock,$48.08,-0.19,-0.394%,19661059045.00,United States,2017,3465740,Industrials,Major Chemicals
DDOG,Datadog Inc. Class A Common Stock,$118.33,6.56,5.869%,41871227761.00,United States,2019,5189411,Technology,Computer Software: Prepackaged Software
DDS,Dillard's Inc. Common Stock,$630.94,19.14,3.128%,9850844768.00,United States,,168544,Consumer Discretionary,Department/Specialty Retail Stores
DE,Deere & Company Common Stock,$614.04,-5.18,-0.837%,165856675439.00,United States,,1073162,Industrials,Industrial Machinery/Components
DECK,Deckers Outdoor Corporation Common Stock,$108.74,-1.12,-1.019%,15435639847.00,United States,1993,1683076,Consumer Discretionary,Shoe Manufacturing
DELL,Dell Technologies Inc. Class C Common Stock ,$147.10,1.92,1.322%,97481640896.00,United States,2018,8502086,Technology,Computer Manufacturing
DEO,Diageo plc Common Stock,$82.26,-1.86,-2.211%,45786174708.00,United Kingdom,,3012888,Consumer Staples,Beverages (Production/Distribution)
DG,Dollar General Corporation Common Stock,$151.60,-1.44,-0.941%,33370020844.00,United States,2009,2893155,Consumer Discretionary,Department/Specialty Retail Stores
DGX,Quest Diagnostics Incorporated Common Stock,$208.45,0.09,0.043%,22901634404.00,United States,,508300,Health Care,Medical Specialities
DHCNI,Diversified Healthcare Trust 5.625% Senior Notes due 2042,$17.78,0.86,5.083%,4292347267.00,United States,,18705,Real Estate,Real Estate Investment Trusts
DHCNL,Diversified Healthcare Trust 6.25% Senior Notes Due 2046,$18.60,0.29,1.584%,4490307040.00,United States,,10280,Real Estate,Real Estate Investment Trusts
DHI,D.R. Horton Inc. Common Stock,$152.70,0.09,0.059%,44237708417.00,United States,,1990269,Consumer Discretionary,Homebuilding
DHR,Danaher Corporation Common Stock,$204.73,0.72,0.353%,144772640354.00,United States,,2958428,Industrials,Industrial Machinery/Components
DHT,DHT Holdings Inc.,$18.62,-0.64,-3.323%,2989589550.00,Jersey,2005,7303522,Consumer Discretionary,Marine Transportation
DINO,HF Sinclair Corporation Common Stock,$56.67,2.57,4.75%,10216081507.00,United States,1960,4765621,Energy,Natural Gas Distribution
DIOD,Diodes Incorporated Common Stock,$66.15,-0.64,-0.958%,3034793847.00,United States,,466702,Technology,Semiconductors
DIS,Walt Disney Company (The) Common Stock,$103.04,-0.26,-0.252%,182537405447.00,United States,,9665569,Consumer Discretionary,Services-Misc. Amusement & Recreation
DJT,Trump Media & Technology Group Corp. Common Stock,$10.95,0.31,2.914%,3030207899.00,United States,2024,3213475,Technology,Computer Software: Programming Data Processing
DK,Delek US Holdings Inc. Common Stock,$43.18,2.25,5.497%,2582527619.00,United States,2017,2104561,Energy,Integrated oil Companies
DKL,Delek Logistics Partners L.P. Common Units representing Limited Partner Interests,$53.20,-0.77,-1.427%,2846856648.00,United States,2012,63360,Energy,Natural Gas Distribution
DKNG,DraftKings Inc. Class A Common Stock,$25.43,0.98,4.008%,12536770921.00,United States,2019,20234324,Consumer Discretionary,Services-Misc. Amusement & Recreation
DKS,Dick's Sporting Goods Inc Common Stock,$200.32,-1.14,-0.566%,18022571250.00,United States,2002,933935,Consumer Discretionary,Other Specialty Stores
DLB,Dolby Laboratories Common Stock,$64.78,0.04,0.062%,6189069086.00,United States,2005,454162,Miscellaneous,Multi-Sector Companies
DLR,Digital Realty Trust Inc. Common Stock,$182.62,4.49,2.521%,62751052383.00,United States,2004,1840514,Real Estate,Real Estate Investment Trusts
DLTR,Dollar Tree Inc. Common Stock,$117.85,-0.56,-0.473%,23434848088.00,United States,1995,2628892,Consumer Discretionary,Department/Specialty Retail Stores
DNLI,Denali Therapeutics Inc. Common Stock,$20.37,0.35,1.748%,3230508672.00,United States,2017,1249611,Health Care,Biotechnology: Biological Products (No Diagnostic Substances)
DNN,Denison Mines Corp Ordinary Shares (Canada),$4.12,0.12,3.00%,3696837029.00,Canada,,23187961,Basic Materials,Other Metals and Minerals
DNOW,DNOW Inc. Common Stock,$12.44,0.11,0.892%,2318146044.00,United States,2014,3791551,Consumer Discretionary,Oil and Gas Field Machinery
DNTH,Dianthus Therapeutics Inc. Common Stock,$62.03,6.64,11.988%,2681128273.00,United States,2018,1586660,Health Care,Biotechnology: Pharmaceutical Preparations
DOC,Healthpeak Properties Inc. Common Stock,$17.65,0.16,0.915%,12267526547.00,United States,,6919996,Real Estate,Real Estate Investment Trusts
DOCN,DigitalOcean Holdings Inc. Common Stock,$52.26,-3.14,-5.668%,4807715872.00,United States,2021,2761994,Technology,Computer Software: Programming Data Processing
DOCS,Doximity Inc. Class A Common Stock,$26.44,-0.53,-1.965%,4883704850.00,United States,2021,2172902,Technology,EDP Services
DOCU,DocuSign Inc. Common Stock,$46.22,-0.52,-1.113%,9256606043.00,United States,1989,3484730,Technology,Computer Software: Prepackaged Software
DOO,BRP Inc. Common Subordinate Voting Shares,$71.78,1.50,2.134%,5265375028.00,Canada,,185035,Consumer Discretionary,Industrial Specialties
DORM,Dorman Products Inc. Common Stock,$116.16,-0.06,-0.052%,3506087482.00,United States,,287104,Consumer Discretionary,Auto Parts:O.E.M.
DOV,Dover Corporation Common Stock,$221.84,1.08,0.489%,29918812312.00,United States,,1111515,Industrials,Industrial Machinery/Components
DOW,Dow Inc. Common Stock ,$32.34,1.60,5.205%,23272490523.00,United States,2019,13269536,Industrials,Major Chemicals
DOX,Amdocs Limited Ordinary Shares,$68.73,0.08,0.117%,7419371815.00,Guernsey,,708624,Technology,EDP Services
DPZ,Domino's Pizza Inc Common Stock,$406.62,-1.76,-0.431%,13674182098.00,United States,2004,718169,Consumer Discretionary,Food Distributors
DRH,Diamondrock Hospitality Company Common Stock,$10.01,0.13,1.316%,2039068852.00,United States,2005,2017066,Real Estate,Real Estate Investment Trusts
DRI,Darden Restaurants Inc. Common Stock,$203.41,-7.19,-3.414%,23420474639.00,United States,,1745206,Consumer Discretionary,Restaurants
DSGX,Descartes Systems Group Inc. (The) Common Stock,$68.18,-1.51,-2.167%,5862581592.00,Canada,,604324,Technology,Computer Software: Prepackaged Software
DT,Dynatrace Inc. Common Stock,$37.26,0.22,0.594%,11112836508.00,United States,2019,6218412,Technology,Computer Software: Prepackaged Software
DTB,DTE Energy Company 2020 Series G 4.375% Junior Subordinated Debentures due 2080,$17.5391,0.0391,0.223%,3644690997.00,United States,2020,9229,Utilities,Electric Utilities: Central
DTE,DTE Energy Company Common Stock,$150.11,2.00,1.35%,31193423014.00,United States,,2161124,Utilities,Electric Utilities: Central
DTG,DTE Energy Company 2021 Series E 4.375% Junior Subordinated Debentures,$17.45,0.07,0.403%,3626175682.00,United States,2021,6740,Utilities,Electric Utilities: Central
DTM,DT Midstream Inc. Common Stock ,$142.41,1.75,1.244%,14486154685.00,United States,2021,525562,Utilities,Natural Gas Distribution
DTW,DTE Energy Company 2017 Series E 5.25% Junior Subordinated Debentures due 2077,$22.29,0.00,0.00%,4631945900.00,United States,2017,14625,Utilities,Electric Utilities: Central
DUK,Duke Energy Corporation (Holding Company) Common Stock,$131.88,0.45,0.342%,102559233808.00,United States,,3702308,Utilities,Power Generation
DUKB,Duke Energy Corporation 5.625% Junior Subordinated Debentures due 2078,$24.85,0.08,0.323%,19325121020.00,United States,2018,24053,Utilities,Power Generation
DUOL,Duolingo Inc. Class A Common Stock,$96.17,-5.44,-5.354%,4515209485.00,United States,2021,3390668,Technology,Computer Software: Prepackaged Software
DVA,DaVita Inc. Common Stock,$154.79,2.52,1.655%,10339972000.00,United States,,542551,Health Care,Misc Health and Biotechnology Services
DVN,Devon Energy Corporation Common Stock,$43.49,-0.51,-1.159%,26963800000.00,United States,1985,10752803,Energy,Oil & Gas Production
DX,Dynex Capital Inc. Common Stock,$13.68,-0.10,-0.726%,2763131010.00,United States,,4983379,Real Estate,Real Estate Investment Trusts
DXC,DXC Technology Company Common Stock ,$12.48,0.15,1.217%,2118604338.00,United States,,2211893,Technology,EDP Services
DXCM,DexCom Inc. Common Stock,$72.90,-0.18,-0.246%,28056646982.00,United States,2005,4339521,Health Care,Medical/Dental Instruments
DXPE,DXP Enterprises Inc. Common Stock,$143.06,2.59,1.844%,2220607792.00,United States,,103905,Industrials,Industrial Machinery/Components
DY,Dycom Industries Inc. Common Stock,$387.07,-16.42,-4.069%,11208018661.00,United States,,983560,Industrials,Water Sewer Pipeline Comm & Power Line Construction
DYN,Dyne Therapeutics Inc. Common Stock,$15.23,0.63,4.315%,2513363022.00,United States,2020,1742590,Health Care,Biotechnology: Pharmaceutical Preparations
E,ENI S.p.A. Common Stock,$46.79,0.55,1.189%,76840655856.00,Italy,,408827,Energy,Oil & Gas Production
EA,Electronic Arts Inc. Common Stock,$201.73,0.51,0.253%,50483681523.00,United States,,2061974,Consumer Discretionary,Services-Misc. Amusement & Recreation
EAI,Entergy Arkansas LLC First Mortgage Bonds 4.875% Series Due September 1 2066,$21.15,0.03,0.142%,9580735053.00,United States,2016,4828,Utilities,Electric Utilities: Central
EAT,Brinker International Inc. Common Stock,$137.94,-3.02,-2.142%,6007332244.00,United States,,1108231,Consumer Discretionary,Restaurants
EBAY,eBay Inc. Common Stock,$91.03,1.40,1.562%,40781440000.00,United States,1998,4593909,Real Estate,Real Estate
EBC,Eastern Bankshares Inc. Common Stock,$19.55,0.10,0.514%,4587168443.00,United States,2020,2480777,Finance,Savings Institutions
ECG,Everus Construction Group Inc. Common Stock,$118.99,2.85,2.454%,6069289494.00,United States,2024,792384,Consumer Discretionary,Homebuilding
ECL,Ecolab Inc. Common Stock,$297.88,-0.58,-0.194%,83993059170.00,United States,,884163,Consumer Discretionary,Package Goods/Cosmetics
ED,Consolidated Edison Inc. Common Stock,$112.49,0.13,0.116%,40636724301.00,United States,,2267081,Utilities,Power Generation
EE,Excelerate Energy Inc. Class A Common Stock,$38.48,-1.88,-4.658%,4389294312.00,United States,2022,849389,Utilities,Oil/Gas Transmission
EEFT,Euronet Worldwide Inc. Common Stock,$74.33,2.19,3.036%,2923448775.00,United States,1997,1098568,Finance,Investment Bankers/Brokers/Service
EFSC,Enterprise Financial Services Corporation Common Stock,$56.74,-0.09,-0.158%,2088940521.00,United States,,261178,Finance,Major Banks
EFX,Equifax Inc. Common Stock,$206.57,0.14,0.068%,24844173487.00,United States,,969112,Finance,Finance: Consumer Services
EFXT,Enerflex Ltd Common Shares,$22.62,0.39,1.754%,2755156241.00,Canada,2022,2099579,Industrials,Industrial Machinery/Components
EGP,EastGroup Properties Inc. Common Stock,$195.46,-0.79,-0.403%,10424703905.00,United States,,362384,Real Estate,Real Estate Investment Trusts
EHC,Encompass Health Corporation Common Stock,$108.95,0.94,0.87%,10831390850.00,United States,,839468,Health Care,Hospital/Nursing Management
EIX,Edison International Common Stock,$73.89,0.03,0.041%,28432201596.00,United States,,3701878,Utilities,Electric Utilities: Central
EL,Estee Lauder Companies Inc. (The) Common Stock,$99.21,0.50,0.507%,35886939936.00,United States,1995,3580402,Consumer Discretionary,Package Goods/Cosmetics
ELAN,Elanco Animal Health Incorporated Common Stock,$24.44,-0.44,-1.768%,12150787802.00,United States,2018,4091205,Health Care,Biotechnology: Pharmaceutical Preparations
ELC,Entergy Louisiana Inc. Collateral Trust Mortgage Bonds 4.875 % Series due September 1 2066,$20.76,0.13,0.63%,4426811580.00,United States,2016,31150,Utilities,Electric Utilities: Central
ELF,e.l.f. Beauty Inc. Common Stock,$80.30,-0.79,-0.974%,4741894792.00,United States,2016,1466514,Consumer Discretionary,Package Goods/Cosmetics
ELS,Equity Lifestyle Properties Inc. Common Stock,$67.90,-0.36,-0.527%,13167682071.00,United States,,1478857,Real Estate,Real Estate Investment Trusts
ELV,Elevance Health Inc. Common Stock,$291.45,7.42,2.612%,64324375197.00,United States,,2344052,Health Care,Medical Specialities
EME,EMCOR Group Inc. Common Stock,$740.87,4.57,0.621%,32992842172.00,United States,,368313,Industrials,Engineering & Construction
EMN,Eastman Chemical Company Common Stock,$73.45,-0.71,-0.957%,8380447713.00,United States,,1404107,Industrials,Major Chemicals
EMP,Entergy Mississippi LLC First Mortgage Bonds 4.90% Series Due October 1 2066,$21.00,0.01,0.048%,9512786577.00,United States,2016,5787,Utilities,Electric Utilities: Central
EMR,Emerson Electric Company Common Stock,$145.21,-1.36,-0.928%,81608020000.00,United States,,2660000,Technology,Consumer Electronics/Appliances
ENB,Enbridge Inc Common Stock,$54.17,-0.16,-0.294%,118198940000.00,Canada,,4198152,Energy,Natural Gas Distribution
ENJ,Entergy New Orleans LLC First Mortgage Bonds 5.0% Series due December 1 2052,$21.07,0.00,0.00%,9544495866.00,United States,,5467,Utilities,Power Generation
ENO,Entergy New Orleans LLC First Mortgage Bonds 5.50% Series due April 1 2066,$22.73,0.01,0.044%,4860375130.00,United States,2016,2702,Utilities,Power Generation
ENPH,Enphase Energy Inc. Common Stock,$42.66,-0.54,-1.25%,5592675619.00,United States,2012,3263920,Technology,Semiconductors
ENS,EnerSys Common Stock,$167.16,3.39,2.07%,6160075678.00,United States,2004,372344,Technology,Industrial Machinery/Components
ENSG,The Ensign Group Inc. Common Stock,$212.05,-1.08,-0.507%,12322814999.00,United States,2007,289163,Health Care,Hospital/Nursing Management
ENTG,Entegris Inc. Common Stock,$129.00,2.21,1.743%,19608000000.00,United States,2000,2406360,Industrials,Plastic Products
ENVA,Enova International Inc. Common Stock,$144.94,3.51,2.482%,3624995636.00,United States,2014,262645,Finance,Finance: Consumer Services
EOG,EOG Resources Inc. Common Stock,$127.82,-0.19,-0.148%,68574342635.00,United States,,5114748,Energy,Oil & Gas Production
EOSE,Eos Energy Enterprises Inc. Class A Common Stock,$6.75,0.69,11.386%,2291181248.00,United States,,28320541,Miscellaneous,Industrial Machinery/Components
EPAC,Enerpac Tool Group Corp. Common Stock,$40.12,0.06,0.15%,2117385357.00,United States,,353921,Technology,Industrial Machinery/Components
EPAM,EPAM Systems Inc. Common Stock,$140.90,0.13,0.092%,7628321632.00,United States,2012,721438,Technology,EDP Services
EPD,Enterprise Products Partners L.P. Common Stock,$37.17,-0.21,-0.562%,80352644587.00,United States,,4230533,Utilities,Natural Gas Distribution
EPR,EPR Properties Common Stock,$59.72,-0.14,-0.234%,4569775057.00,United States,1997,490198,Real Estate,Real Estate Investment Trusts
EPRT,Essential Properties Realty Trust Inc. Common Stock,$34.57,-0.01,-0.029%,7255545308.00,United States,2018,1799168,Real Estate,Real Estate Investment Trusts
EQH,Equitable Holdings Inc. Common Stock,$40.14,0.85,2.163%,11253162338.00,United States,2018,3372660,Finance,Specialty Insurers
EQIX,Equinix Inc. Common Stock REIT,$969.04,-2.97,-0.306%,95212955429.00,United States,2000,624686,Real Estate,Real Estate Investment Trusts
EQNR,Equinor ASA,$31.58,0.33,1.056%,92994672688.00,Norway,,6154903,Energy,Integrated oil Companies
EQPT,EquipmentShare.com Inc Class A Common Stock,$29.76,-0.30,-0.998%,7478178925.00,United States,2026,385551,Consumer Discretionary,Diversified Commercial Services
EQR,Equity Residential Common Shares of Beneficial Interest,$62.78,0.06,0.096%,23702407440.00,United States,,1676741,Real Estate,Real Estate Investment Trusts
EQT,EQT Corporation Common Stock,$61.31,-0.30,-0.487%,38310665418.00,United States,,8343549,Energy,Oil & Gas Production
EQX,Equinox Gold Corp. Common Shares,$17.15,-0.08,-0.464%,13519034911.00,Canada,,7420849,Basic Materials,Precious Metals
ERAS,Erasca Inc. Common Stock,$15.12,1.02,7.234%,4629922492.00,United States,2021,4867271,Health Care,Biotechnology: Pharmaceutical Preparations
ERIC,Ericsson American Depositary Shares,$11.41,0.13,1.152%,38203552296.00,Sweden,,6904589,Technology,Radio And Television Broadcasting And Communications Equipment
ERIE,Erie Indemnity Company Class A Common Stock,$272.19,0.03,0.011%,12572894326.00,United States,,186359,Finance,Specialty Insurers
ERO,Ero Copper Corp. Common Shares,$31.70,0.87,2.822%,3293321052.00,Canada,2021,1248984,Basic Materials,Metal Mining
ES,Eversource Energy (D/B/A) Common Stock,$75.32,0.59,0.79%,28282404741.00,United States,,2336318,Utilities,Electric Utilities: Central
ESAB,ESAB Corporation Common Stock,$117.71,1.10,0.943%,7148376336.00,United States,2022,408810,Industrials,Industrial Machinery/Components
ESE,ESCO Technologies Inc. Common Stock,$280.56,2.75,0.99%,7265314987.00,United States,,188399,Telecommunications,Telecommunications Equipment
ESI,Element Solutions Inc. Common Stock,$33.93,0.29,0.862%,8264615587.00,United States,2014,2574177,Industrials,Major Chemicals
ESS,Essex Property Trust Inc. Common Stock,$256.07,0.57,0.223%,16510242821.00,United States,1994,360350,Real Estate,Real Estate Investment Trusts
ESTC,Elastic N.V. Ordinary Shares,$51.85,-0.83,-1.576%,5366527265.00,United States,2018,2605001,Technology,Computer Software: Prepackaged Software
ET,Energy Transfer LP Common Units ,$18.76,-0.10,-0.53%,64540301427.00,United States,,10747801,Utilities,Natural Gas Distribution
ETN,Eaton Corporation PLC Ordinary Shares,$354.46,-1.10,-0.309%,137495034000.00,Ireland,,1778126,Technology,Industrial Machinery/Components
ETR,Entergy Corporation Common Stock,$106.49,0.68,0.643%,48238887742.00,United States,,3070117,Utilities,Electric Utilities: Central
ETSY,Etsy Inc. Common Stock,$55.65,1.19,2.185%,5356155567.00,United States,2025,3795910,Real Estate,Real Estate
EVCM,EverCommerce Inc. Common Stock,$12.34,0.73,6.288%,2213393457.00,United States,2021,185170,Technology,Computer Software: Prepackaged Software
EVR,Evercore Inc. Class A Common Stock,$313.43,5.66,1.839%,12413535567.00,United States,2006,499029,Finance,Investment Managers
EVRG,Evergy Inc. Common Stock,$84.32,-0.09,-0.107%,19417343332.00,United States,,2321745,Utilities,Power Generation
EW,Edwards Lifesciences Corporation Common Stock,$85.22,-0.06,-0.07%,49495776000.00,United States,,4439255,Health Care,Industrial Specialties
EWBC,East West Bancorp Inc. Common Stock,$111.59,1.09,0.986%,15357314303.00,United States,,857388,Finance,Major Banks
EWTX,Edgewise Therapeutics Inc. Common Stock,$28.88,0.07,0.243%,3097972646.00,United States,2021,1443348,Health Care,Biotechnology: Pharmaceutical Preparations
EXAS,Exact Sciences Corporation Common Stock,$103.50,0.13,0.126%,19756929839.00,United States,2001,2285529,Health Care,Medical Specialities
EXC,Exelon Corporation Common Stock,$49.25,0.29,0.592%,50377459811.00,United States,,11787579,Utilities,Power Generation
EXE,Expand Energy Corporation Common Stock,$105.88,-2.11,-1.954%,25453367769.00,United States,,3738359,Energy,Oil & Gas Production
EXEL,Exelixis Inc. Common Stock,$41.69,0.95,2.332%,10827255244.00,United States,2000,4254137,Health Care,Biotechnology: Biological Products (No Diagnostic Substances)
EXK,Endeavour Silver Corporation Ordinary Shares (Canada),$12.42,0.53,4.458%,3668999838.00,Canada,,6476276,Basic Materials,Precious Metals
EXLS,ExlService Holdings Inc. Common Stock,$32.23,0.30,0.94%,5040246909.00,United States,2006,1744161,Real Estate,Real Estate
EXP,Eagle Materials Inc Common Stock,$211.45,-2.43,-1.136%,6646325580.00,United States,,340627,Industrials,Building Materials
EXPD,Expeditors International of Washington Inc. Common Stock,$146.85,-1.19,-0.804%,19605015114.00,United States,,1018555,Industrials,Integrated Freight & Logistics
EXPE,Expedia Group Inc. Common Stock,$221.73,6.59,3.063%,27169657390.00,United States,,2442516,Consumer Discretionary,Transportation Services
EXPO,Exponent Inc. Common Stock,$72.95,-0.90,-1.219%,3593104030.00,United States,,590219,Consumer Discretionary,Professional Services
EXR,Extra Space Storage Inc Common Stock,$150.36,0.60,0.401%,31746660362.00,United States,2004,913942,Real Estate,Real Estate Investment Trusts
EYE,National Vision Holdings Inc. Common Stock,$29.04,2.41,9.05%,2303149564.00,United States,2017,2364764,Health Care,Ophthalmic Goods
F,Ford Motor Company Common Stock,$12.81,0.11,0.866%,51105177632.00,United States,,73922719,Industrials,Auto Manufacturing
FA,First Advantage Corporation Common Stock,$12.22,0.39,3.297%,2130179610.00,United States,2021,1638098,Technology,EDP Services
FAF,First American Corporation (New) Common Stock,$69.57,-0.36,-0.515%,7089183000.00,United States,,851828,Finance,Specialty Insurers
FANG,Diamondback Energy Inc. Common Stock,$176.71,-0.82,-0.462%,49846178146.00,United States,2012,2533863,Energy,Oil & Gas Production
FAST,Fastenal Company Common Stock,$46.43,0.20,0.433%,53311504704.00,United States,1987,9006280,Consumer Discretionary,RETAIL: Building Materials
FBIN,Fortune Brands Innovations Inc. Common Stock,$50.84,-0.54,-1.051%,6100209087.00,United States,,1652621,Basic Materials,Forest Products
FBK,FB Financial Corporation Common Stock,$54.14,0.04,0.074%,2802154136.00,United States,2016,252928,Finance,Major Banks
FBNC,First Bancorp Common Stock,$58.12,0.10,0.172%,2410658293.00,United States,1987,152779,Finance,Major Banks
FCFS,FirstCash Holdings Inc. Common Stock,$195.05,-0.18,-0.092%,8579214955.00,United States,1991,268482,Consumer Discretionary,Other Specialty Stores
FCN,FTI Consulting Inc. Common Stock,$165.01,-1.29,-0.776%,5046318824.00,United States,1999,316164,Consumer Discretionary,Professional Services
FCNCA,First Citizens BancShares Inc. Class A Common Stock,$1972.87,-0.31,-0.016%,23550496415.00,United States,,97795,Finance,Major Banks
FCPT,Four Corners Property Trust Inc. Common Stock,$25.54,-0.14,-0.545%,2802888373.00,United States,2015,456934,Real Estate,Real Estate Investment Trusts
FCX,Freeport-McMoRan Inc. Common Stock,$65.93,0.36,0.549%,94754701884.00,United States,,17433887,Basic Materials,Metal Mining
FDS,FactSet Research Systems Inc. Common Stock,$225.40,2.53,1.135%,8362172979.00,United States,2000,961601,Technology,Computer Software: Programming Data Processing
FDX,FedEx Corporation Common Stock,$384.09,1.56,0.408%,90308322397.00,United States,,1913612,Consumer Discretionary,Air Freight/Delivery Services
FE,FirstEnergy Corp. Common Stock,$50.80,0.23,0.455%,29358990253.00,United States,,3821070,Utilities,Electric Utilities: Central
FELE,Franklin Electric Co. Inc. Common Stock,$101.48,1.36,1.358%,4485633878.00,United States,,276345,Consumer Discretionary,Metal Fabrications
FER,Ferrovial SE Ordinary Shares,$69.42,0.59,0.857%,49944757144.00,Netherlands,,1273180,Industrials,Military/Government/Technical
FERG,Ferguson Enterprises Inc. Common Stock,$247.13,-0.83,-0.335%,49771748956.00,United Kingdom,2021,1548320,Miscellaneous,Miscellaneous
FFBC,First Financial Bancorp. Common Stock,$28.04,0.02,0.071%,2932594048.00,United States,,727454,Finance,Major Banks
FFIN,First Financial Bankshares Inc. Common Stock,$30.48,0.14,0.461%,4365607789.00,United States,,836403,Finance,Major Banks
FFIV,F5 Inc. Common Stock,$286.12,4.58,1.627%,16171294391.00,United States,1999,713327,Telecommunications,Computer Communications Equipment
FG,F&G Annuities & Life Inc. Common Stock,$23.22,0.51,2.246%,3148866940.00,United States,2022,410262,Finance,Life Insurance
FGN,F&G Annuities & Life Inc. 7.950% Senior Notes due 2053,$25.31,0.02,0.079%,3191554250.00,United States,2023,28049,Finance,Life Insurance
FHB,First Hawaiian Inc. Common Stock,$25.15,0.14,0.56%,3085634788.00,United States,2016,1234321,Finance,Major Banks
FHI,Federated Hermes Inc. Common Stock,$57.20,0.75,1.329%,4345236095.00,United States,,747704,Finance,Investment Managers
FHN,First Horizon Corporation Common Stock,$23.47,0.07,0.299%,11340437498.00,United States,,4655382,Finance,Major Banks
FIBK,First Interstate BancSystem Inc. Common Stock (DE),$35.16,0.43,1.238%,3555319498.00,United States,2010,883084,Finance,Major Banks
FICO,Fair Isaac Corporation Common Stock,$1464.01,15.99,1.104%,34729441397.00,United States,,182581,Real Estate,Real Estate
FIG,Figma Inc. Class A Common Stock,$29.64,-1.10,-3.578%,15463665441.00,United States,2025,12007269,Technology,Computer Software: Prepackaged Software
FIGS,FIGS Inc. Class A Common Stock,$16.97,0.02,0.118%,2823419760.00,United States,2021,3805579,Consumer Discretionary,Apparel
FIS,Fidelity National Information Services Inc. Common Stock,$50.08,-0.19,-0.378%,25761336695.00,United States,,6780232,Real Estate,Real Estate
FISV,Fiserv Inc. Common Stock,$62.60,-0.29,-0.461%,33477072251.00,United States,1986,5476347,Real Estate,Real Estate
FITB,Fifth Third Bancorp Common Stock,$49.54,-0.03,-0.061%,44676114350.00,United States,,6577912,Finance,Major Banks
FITBI,Fifth Third Bancorp Depositary Shares,$25.71,-0.01,-0.039%,23185767056.00,United States,,14002,Finance,Major Banks
FITBM,Fifth Third Bancorp Depositary Shares Representing a 1/40th Ownership Interest in a Share of 6.875% Fixed-Rate Reset Non-Cumulative Perpetual Preferred Stock Series M,$26.25,0.10,0.382%,23672749328.00,United States,,23960,Finance,Major Banks
FITBO,Fifth Third Bancorp Depositary Shares each representing a 1/1000th ownership interest in a share of Non-Cumulative Perpetual Preferred Stock Series K,$19.72,-0.04,-0.202%,17783871114.00,United States,,12131,Finance,Major Banks
FITBP,Fifth Third Bancorp Depositary Shares each representing 1/40th share of Fifth Third 6.00% Non-Cumulative Perpetual Class B Preferred Stock Series A,$24.50,0.09,0.369%,22094566039.00,United States,,6055,Finance,Major Banks
FIVE,Five Below Inc. Common Stock,$220.52,-1.03,-0.465%,12163240384.00,United States,2012,693829,Consumer Discretionary,Department/Specialty Retail Stores
FIX,Comfort Systems USA Inc. Common Stock,$1430.38,39.22,2.819%,50313569297.00,United States,1997,390432,Industrials,Engineering & Construction
FIZZ,National Beverage Corp. Common Stock,$37.25,-0.18,-0.481%,3487795800.00,United States,,197748,Consumer Staples,Beverages (Production/Distribution)
FLG,Flagstar Bank N.A. Common Stock,$13.00,0.12,0.932%,5407910053.00,United States,,3933607,Finance,Banks
FLNC,Fluence Energy Inc. Class A Common Stock,$15.80,0.88,5.898%,2906177313.00,United States,2021,4466193,Miscellaneous,Industrial Machinery/Components
FLOC,Flowco Holdings Inc. Class A Common Stock,$23.03,0.05,0.218%,2064933248.00,United States,2025,320245,Consumer Discretionary,Oil and Gas Field Machinery
FLR,Fluor Corporation Common Stock,$48.15,-0.65,-1.332%,7057089005.00,United States,,1958082,Industrials,Military/Government/Technical
FLS,Flowserve Corporation Common Stock,$82.91,-0.55,-0.659%,10551153877.00,United States,,1250614,Industrials,Fluid Controls
FLUT,Flutter Entertainment plc Ordinary Shares,$112.68,1.28,1.149%,19739407926.00,Ireland,2024,3304636,Technology,Computer Software: Programming Data Processing
FLY,Firefly Aerospace Inc. Common Stock,$21.40,0.54,2.589%,3407974011.00,United States,2025,1949642,Industrials,Military/Government/Technical
FMS,Fresenius Medical Care AG American Depositary Shares (Each representing 1/2 of an Ordinary Share),$23.03,-0.34,-1.455%,12864046043.00,Germany,,709770,Health Care,Misc Health and Biotechnology Services
FMX,Fomento Economico Mexicano S.A.B. de C.V. Common Stock,$111.54,2.17,1.984%,38771582292.00,Mexico,,397645,Consumer Staples,Beverages (Production/Distribution)
FNB,F.N.B. Corporation Common Stock,$17.06,0.03,0.176%,6097056630.00,United States,,7229012,Finance,Major Banks
FND,Floor & Decor Holdings Inc. Common Stock,$64.13,-2.25,-3.39%,6918043630.00,United States,2017,1869295,Consumer Discretionary,RETAIL: Building Materials
FNF,Fidelity National Financial Inc. Common Stock,$50.76,0.10,0.197%,13762943256.00,United States,2014,1475353,Finance,Specialty Insurers
FNV,Franco-Nevada Corporation,$261.97,-0.44,-0.168%,50501816101.00,Canada,,682688,Basic Materials,Precious Metals
FOLD,Amicus Therapeutics Inc. Common Stock,$14.33,-0.01,-0.07%,4499630203.00,United States,2007,5574194,Health Care,Biotechnology: Pharmaceutical Preparations
FORM,FormFactor Inc. FormFactor Inc. Common Stock,$92.60,-0.18,-0.194%,7215201892.00,United States,2003,1370135,Technology,Semiconductors
FOUR,Shift4 Payments Inc. Class A Common Stock,$47.46,-2.43,-4.871%,3855617890.00,United States,2020,4017891,Real Estate,Real Estate
FOX,Fox Corporation Class B Common Stock,$53.24,1.14,2.188%,22648087193.00,United States,,2035475,Industrials,Broadcasting
FOXA,Fox Corporation Class A Common Stock,$58.42,1.34,2.348%,24851638877.00,United States,,6202268,Industrials,Broadcasting
FR,First Industrial Realty Trust Inc. Common Stock,$62.45,-0.22,-0.351%,8276140099.00,United States,1994,816428,Real Estate,Real Estate Investment Trusts
FRME,First Merchants Corporation Common Stock,$38.97,-0.14,-0.358%,2470415390.00,United States,,504220,Finance,Major Banks
FRMI,Fermi Inc. Common Stock,$9.04,-0.23,-2.481%,5550789417.00,United States,2025,6806378,Real Estate,Real Estate Investment Trusts
FROG,JFrog Ltd. Ordinary Shares,$39.19,-3.05,-7.221%,4688257806.00,United States,2020,4368097,Technology,Computer Software: Prepackaged Software
FRPT,Freshpet Inc. Common Stock,$85.50,1.39,1.653%,4194388634.00,United States,2014,1552170,Consumer Staples,Packaged Foods
FRSH,Freshworks Inc. Class A Common Stock,$8.47,0.17,2.048%,2406625059.00,United States,2021,4938287,Technology,Computer Software: Prepackaged Software
FRT,Federal Realty Investment Trust Common Stock,$110.20,-0.37,-0.335%,9507618837.00,United States,,763741,Real Estate,Real Estate Investment Trusts
FSK,FS KKR Capital Corp. Common Stock,$11.01,0.06,0.548%,3083531427.00,United States,2014,7852298,Finance,Investment Managers
FSLR,First Solar Inc. Common Stock,$197.27,-0.26,-0.132%,21169239786.00,United States,2006,1881582,Technology,Semiconductors
FSLY,Fastly Inc. Class A Common Stock,$20.04,-1.095,-5.181%,3042072000.00,United States,,9813688,Technology,Computer Software: Prepackaged Software
FSM,Fortuna Mining Corp. Common Shares,$12.38,0.12,0.979%,3779118627.00,Canada,,3849499,Basic Materials,Precious Metals
FSS,Federal Signal Corporation Common Stock,$116.81,-1.40,-1.184%,7112344802.00,United States,,385909,Industrials,Auto Manufacturing
FSV,FirstService Corporation Common Shares,$150.72,-3.20,-2.079%,6930371018.00,Canada,,172691,Finance,Real Estate
FTAI,FTAI Aviation Ltd. Common Stock,$282.91,1.16,0.412%,29019007494.00,United States,,1410587,Industrials,Misc Corporate Leasing Services
FTAIM,FTAI Aviation Ltd. 9.500% Fixed-Rate Reset Series D Cumulative Perpetual Redeemable Preferred Shares,$27.3799,-0.0201,-0.073%,2808446231.00,United States,,1071,Industrials,Misc Corporate Leasing Services
FTAIN,FTAI Aviation Ltd. 8.25% Fixed - Rate Reset Series C Cumulative Perpetual Redeemable Preferred Shares,$25.7125,0.005,0.019%,2637415539.00,United States,,3951,Industrials,Misc Corporate Leasing Services
FTDR,Frontdoor Inc. Common Stock,$67.90,-1.21,-1.751%,4794941015.00,United States,,645894,Consumer Discretionary,Diversified Commercial Services
FTNT,Fortinet Inc. Common Stock,$82.79,1.69,2.084%,61258273437.00,United States,2009,6280145,Technology,Computer peripheral equipment
FTS,Fortis Inc. Common Shares,$57.72,0.41,0.715%,29287128000.00,United States,2016,747070,Utilities,Electric Utilities: Central
FTV,Fortive Corporation Common Stock ,$58.00,-0.03,-0.052%,17855833020.00,United States,2016,1903811,Industrials,Industrial Machinery/Components
FUL,H. B. Fuller Company Common Stock,$64.37,-0.19,-0.294%,3481701785.00,United States,,536303,Industrials,Home Furnishings
FULT,Fulton Financial Corporation Common Stock,$21.10,0.36,1.736%,3798222858.00,United States,,2205249,Finance,Major Banks
FULTP,Fulton Financial Corporation Depositary Shares Each Representing a 1/40th Interest in a Share of Fixed Rate Non-Cumulative Perpetual Preferred Stock Series A,$19.25,0.05,0.26%,3465203319.00,United States,,3030,Finance,Major Banks
FWONA,Liberty Media Corporation Series A Liberty Formula One Common Stock,$78.68,-2.72,-3.342%,19707355454.00,United States,,130499,Industrials,Broadcasting
FWONK,Liberty Media Corporation Series C Liberty Formula One Common Stock,$85.48,-3.33,-3.75%,21410583938.00,United States,,3554806,Industrials,Broadcasting
GAP,Gap Inc. (The) Common Stock,$27.74,0.49,1.798%,10317109068.00,United States,,7606931,Consumer Discretionary,Clothing/Shoe/Accessory Stores
GATX,GATX Corporation Common Stock,$184.70,0.58,0.315%,6556850000.00,United States,,160242,Consumer Discretionary,Transportation Services
GBCI,Glacier Bancorp Inc. Common Stock,$45.22,0.08,0.177%,5879102213.00,United States,,960106,Finance,Major Banks
GBDC,Golub Capital BDC Inc. Common Stock,$12.46,0.25,2.048%,3279823135.00,United States,2010,3909957,Finance,Finance: Consumer Services
GBTG,Global Business Travel Group Inc. Class A Common Stock,$5.71,0.05,0.883%,2989334219.00,United States,2020,2242453,Consumer Discretionary,Transportation Services
GCMG,GCM Grosvenor Inc. Class A Common Stock,$11.67,0.17,1.478%,2362904139.00,United States,,601380,Finance,Investment Managers
GD,General Dynamics Corporation Common Stock,$366.12,1.42,0.389%,98995098565.00,United States,,1262459,Industrials,Marine Transportation
GDDY,GoDaddy Inc. Class A Common Stock,$88.66,-0.57,-0.639%,11823176013.00,United States,2015,2246730,Technology,EDP Services
GDV,Gabelli Dividend & Income Trust Common Shares of Beneficial Interest,$28.62,-0.03,-0.105%,2581194612.00,United States,2003,126178,Finance,Investment Managers
GEF,Greif Inc. Class A Common Stock,$71.65,-0.34,-0.472%,3316392975.00,United States,,170799,,
GEHC,GE HealthCare Technologies Inc. Common Stock ,$79.02,0.89,1.139%,36013346588.00,United States,,2462054,Health Care,Medical Electronics
GEL,Genesis Energy L.P. Common Units,$18.42,0.22,1.209%,2255792738.00,United States,2001,142845,Energy,Oil Refining/Marketing
GEN,Gen Digital Inc. Common Stock,$22.29,-0.11,-0.491%,13500245522.00,United States,,5749194,Technology,Computer Software: Prepackaged Software
GEO,Geo Group Inc (The) REIT,$15.05,-0.01,-0.066%,2022142802.00,United States,,2758035,Consumer Discretionary,Homebuilding
GFF,Griffon Corporation Common Stock,$81.77,-0.35,-0.426%,3808778976.00,United States,,215163,Industrials,Building Products
GFL,GFL Environmental Inc. Subordinate voting shares no par value,$44.77,-0.55,-1.214%,16077979018.00,Canada,2020,3591575,Utilities,Environmental Services
GFS,GlobalFoundries Inc. Ordinary Shares,$47.57,0.35,0.741%,26443613804.00,United States,2021,2370138,Technology,Semiconductors
GGG,Graco Inc. Common Stock,$92.93,0.48,0.519%,15364888405.00,United States,,681326,Industrials,Fluid Controls
GH,Guardant Health Inc. Common Stock,$93.02,-0.28,-0.30%,12201474422.00,United States,2018,1050020,Health Care,Medical Specialities
GHC,Graham Holdings Company Common Stock,$1077.38,31.81,3.042%,4699353792.00,United States,,18642,Real Estate,Other Consumer Services
GIB,CGI Inc. Common Stock,$73.01,-0.25,-0.341%,15679473841.00,Canada,,389631,Consumer Discretionary,Professional Services
GIL,Gildan Activewear Inc. Class A Sub. Vot. Common Stock,$67.16,0.33,0.494%,12434808320.00,Canada,2000,2205278,Consumer Discretionary,Apparel
GILD,Gilead Sciences Inc. Common Stock,$148.22,0.39,0.264%,184003350660.00,United States,1992,6925075,Health Care,Biotechnology: Biological Products (No Diagnostic Substances)
GIS,General Mills Inc. Common Stock,$43.56,-0.98,-2.20%,23242835448.00,United States,,8092555,Consumer Staples,Packaged Foods
GJS,Goldman Sachs Group Securities STRATS Trust for Goldman Sachs Group Securities Series 2006-2,$23.50,0.20,0.858%,7332917276.00,United States,,173,Finance,Finance: Consumer Services
GKOS,Glaukos Corporation Common Stock,$115.37,-2.38,-2.021%,6700552540.00,United States,2015,301923,Health Care,Medical/Dental Instruments
GL,Globe Life Inc. Common Stock,$144.75,0.06,0.041%,11382724568.00,United States,,351765,Finance,Life Insurance
GLOB,Globant S.A. Common Shares,$52.00,2.16,4.334%,2245336912.00,United States,2014,1336406,Technology,EDP Services
GLPG,Galapagos NV American Depositary Shares,$33.69,0.64,1.936%,2220072322.00,Belgium,2015,96069,Health Care,Biotechnology: Pharmaceutical Preparations
GLPI,Gaming and Leisure Properties Inc. Common Stock,$49.77,0.18,0.363%,14095951027.00,United States,,2299159,Real Estate,Real Estate Investment Trusts
GLW,Corning Incorporated Common Stock,$144.84,-2.73,-1.85%,124265204108.00,United States,,12659979,Industrials,Telecommunications Equipment
GLXY,Galaxy Digital Inc. Class A Common Stock,$24.34,3.66,17.698%,9507455432.00,United States,,8552679,Finance,Investment Bankers/Brokers/Service
GM,General Motors Company Common Stock,$78.60,1.33,1.721%,71051873246.00,United States,2010,8507911,Industrials,Auto Manufacturing
GMAB,Genmab A/S ADS,$28.18,0.52,1.88%,18102383374.00,Denmark,2019,1444872,Health Care,Biotechnology: Pharmaceutical Preparations
GME,GameStop Corporation Common Stock,$23.87,0.05,0.21%,10693986288.00,United States,2002,3476034,Consumer Discretionary,Electronics Distribution
GMED,Globus Medical Inc. Class A Common Stock,$90.46,-1.24,-1.352%,12234990993.00,United States,2012,817394,Health Care,Medical/Dental Instruments
GNL,Global Net Lease Inc. Common Stock,$9.46,-0.01,-0.106%,2026199569.00,United States,2015,1637628,Real Estate,Real Estate Investment Trusts
GNRC,Generac Holdlings Inc. Common Stock,$220.89,-0.32,-0.145%,12960903426.00,United States,2010,740531,Consumer Discretionary,Metal Fabrications
GNTX,Gentex Corporation Common Stock,$22.87,-0.13,-0.565%,4926252042.00,United States,,1741770,Consumer Discretionary,Auto Parts:O.E.M.
GNW,Genworth Financial Inc Common Stock,$8.56,0.11,1.302%,3317950562.00,United States,2004,3740919,Finance,Life Insurance
GOLF,Acushnet Holdings Corp. Common Stock,$99.54,0.11,0.111%,5829098035.00,United States,2016,297557,Consumer Discretionary,Recreational Games/Products/Toys
GPC,Genuine Parts Company Common Stock,$115.64,-0.78,-0.67%,16088080569.00,United States,,1280807,Consumer Discretionary,Automotive Aftermarket
GPCR,Structure Therapeutics Inc. American Depositary Shares,$63.13,0.095,0.151%,4472243592.00,United States,2023,624205,Health Care,Biotechnology: Pharmaceutical Preparations
GPGI,GPGI Inc. Class A Common Stock,$23.50,1.39,6.287%,6801262112.00,United States,,3576225,Finance,Finance: Consumer Services
GPI,Group 1 Automotive Inc. Common Stock,$326.56,4.08,1.265%,3894292985.00,United States,1997,137218,Consumer Discretionary,Retail-Auto Dealers and Gas Stations
GPK,Graphic Packaging Holding Company,$11.19,-0.09,-0.798%,3309340794.00,United States,,5910811,Consumer Discretionary,Containers/Packaging
GPN,Global Payments Inc. Common Stock,$77.57,-0.13,-0.167%,21711945935.00,United States,,2836601,Real Estate,Real Estate
GPOR,Gulfport Energy Corporation Common Shares,$209.78,-1.04,-0.493%,3893184299.00,United States,2021,322094,Energy,Oil & Gas Production
GRAL,GRAIL Inc. Common Stock ,$54.04,1.28,2.426%,2106599331.00,United States,,893313,Health Care,Medical Specialities
GRBK,Green Brick Partners Inc. Common Stock,$71.78,-0.03,-0.042%,3097830420.00,United States,2021,156752,Consumer Discretionary,Homebuilding
GRDN,Guardian Pharmacy Services Inc. Class A Common Stock,$34.76,0.72,2.115%,2201025238.00,United States,2024,217164,Consumer Staples,Retail-Drug Stores and Proprietary Stores
GRFS,Grifols S.A. American Depositary Shares,$8.66,0.02,0.231%,5954225503.00,Spain,,379372,Health Care,Biotechnology: Pharmaceutical Preparations
GRMN,Garmin Ltd. Common Stock (Switzerland),$251.18,0.49,0.195%,48347334879.00,Switzerland,2000,1051510,Industrials,Industrial Machinery/Components
GSAT,Globalstar Inc. Common Stock,$61.30,0.87,1.44%,7880381532.00,United States,2025,544434,Consumer Discretionary,Telecommunications Equipment
GSK,GSK plc American Depositary Shares (Each representing two Ordinary Shares),$56.83,-0.24,-0.421%,115899815444.00,United Kingdom,2022,3815139,Health Care,Biotechnology: Pharmaceutical Preparations
GT,The Goodyear Tire & Rubber Company Common Stock,$8.00,0.09,1.138%,2289976360.00,United States,,5499233,Consumer Discretionary,Automotive Aftermarket
GTES,Gates Industrial Corporation plc Ordinary Shares,$26.24,-0.13,-0.493%,6661173542.00,United Kingdom,2018,2128862,Industrials,Industrial Machinery/Components
GTLB,GitLab Inc. Class A Common Stock,$25.05,-1.65,-6.18%,4218420000.00,United States,2021,23341238,Technology,Computer Software: Prepackaged Software
GTLS,Chart Industries Inc. Common Stock,$207.27,0.55,0.266%,9921101461.00,United States,2006,2168588,Industrials,Metal Fabrications
GTX,Garrett Motion Inc. Common Stock,$19.52,0.43,2.252%,3708234935.00,Switzerland,,2333072,Consumer Discretionary,Auto Parts:O.E.M.
GTY,Getty Realty Corporation Common Stock,$33.45,0.24,0.723%,2000862962.00,United States,,494066,Finance,Real Estate
GVA,Granite Construction Incorporated Common Stock,$132.45,0.52,0.394%,5762061489.00,United States,,447972,Industrials,Military/Government/Technical
GWRE,Guidewire Software Inc. Common Stock,$153.79,1.86,1.224%,13075099077.00,United States,2012,2545596,Technology,Computer Software: Prepackaged Software
GWW,W.W. Grainger Inc. Common Stock,$1148.46,-2.95,-0.256%,54406023143.00,United States,,225050,Industrials,Office Equipment/Supplies/Services
GXO,GXO Logistics Inc. Common Stock ,$59.82,-1.14,-1.87%,6862166296.00,United States,2021,1982106,Consumer Discretionary,Transportation Services
H,Hyatt Hotels Corporation Class A Common Stock,$162.00,-1.62,-0.99%,15303777930.00,United States,2009,705363,Consumer Discretionary,Hotels/Resorts
HAE,Haemonetics Corporation Common Stock,$64.67,-0.96,-1.463%,3005302205.00,United States,1991,787219,Health Care,Medical/Dental Instruments
HAL,Halliburton Company Common Stock,$34.43,-0.83,-2.354%,28836789518.00,United States,,15384159,Energy,Oilfield Services/Equipment
HALO,Halozyme Therapeutics Inc. Common Stock,$70.02,0.62,0.893%,8263550340.00,United States,,1684704,Health Care,Biotechnology: Biological Products (No Diagnostic Substances)
HAS,Hasbro Inc. Common Stock,$97.13,-0.50,-0.512%,13664807675.00,United States,,1608908,Consumer Discretionary,Recreational Games/Products/Toys
HASI,HA Sustainable Infrastructure Capital Inc. Common Stock,$37.07,0.76,2.093%,4751802084.00,United States,2013,665691,Finance,Finance/Investors Services
HAYW,Hayward Holdings Inc. Common Stock,$15.50,-0.08,-0.513%,3366718715.00,United States,2021,2119424,Industrials,Industrial Machinery/Components
HBAN,Huntington Bancshares Incorporated Common Stock,$16.83,0.08,0.478%,34161405941.00,United States,,27684700,Finance,Major Banks
HBANL,Huntington Bancshares Incorporated Depositary Shares Each Representing a 1/40th Interest in a Share of 6.875% Series J Non-Cumulative Perpetual Preferred Stock,$25.57,-0.14,-0.545%,51901791438.00,United States,,36463,Finance,Major Banks
HBANM,Huntington Bancshares Incorporated Depositary Shares each representing a 1/1000th interest in a share of Huntington Series I Preferred Stock,$23.10,-0.06,-0.259%,46888204232.00,United States,,5868,Finance,Major Banks
HBANP,Huntington Bancshares Incorporated Depositary Shares 4.500% Series H Non-Cumulative Perpetual Preferred Stock,$17.75,0.00,0.00%,36028814940.00,United States,,20720,Finance,Major Banks
HBANZ,Huntington Bancshares Incorporated Depositary Shares Each Representing a 1/1000th Interest in a Share of 5.50% Series L Non-Cumulative Perpetual Preferred Stock,$21.48,0.11,0.515%,43599940559.00,United States,,7815,Finance,Major Banks
HBM,Hudbay Minerals Inc. Ordinary Shares (Canada),$24.80,-0.14,-0.561%,9841758753.00,Canada,,4434129,Basic Materials,Metal Mining
HCA,HCA Healthcare Inc. Common Stock,$544.41,2.61,0.482%,121742161902.00,United States,2011,929978,Health Care,Hospital/Nursing Management
HCC,Warrior Met Coal Inc. Common Stock,$84.10,2.16,2.636%,4421150120.00,United States,2017,896090,Energy,Coal Mining
HCI,HCI Group Inc. Common Stock,$174.35,-1.60,-0.909%,2265147354.00,United States,,109144,Finance,Property-Casualty Insurers
HCXY,Hercules Capital Inc. 6.25% Notes due 2033,$25.25,0.115,0.458%,4587310996.00,United States,2018,446,Finance,Investment Managers
HE,Hawaiian Electric Industries Inc. Common Stock,$16.12,0.04,0.249%,2782642073.00,United States,,1800186,Utilities,Electric Utilities: Central
HEI,Heico Corporation Common Stock,$320.05,-6.66,-2.039%,44652863600.00,United States,2000,938527,Industrials,Aerospace
HESM,Hess Midstream LP Class A Representing Limited Partner Interests,$39.09,-0.38,-0.963%,5058372808.00,United States,2017,1517828,Energy,Oil & Gas Production
HGTY,Hagerty Inc. Class A Common Stock,$10.82,0.23,2.172%,3707134215.00,United States,2021,197199,Finance,Specialty Insurers
HGV,Hilton Grand Vacations Inc. Common Stock ,$44.64,0.33,0.745%,3634767003.00,United States,2016,735964,Consumer Discretionary,Hotels/Resorts
HHH,Howard Hughes Holdings Inc. Common Stock,$71.40,-0.30,-0.418%,4258034890.00,United States,,455215,Real Estate,Real Estate Investment Trusts
HIG,The Hartford Insurance Group Inc. Common Stock,$142.17,1.09,0.773%,39219473987.00,United States,,1386049,Finance,Property-Casualty Insurers
HII,Huntington Ingalls Industries Inc. Common Stock,$437.03,-3.30,-0.749%,17150231937.00,United States,,421190,Industrials,Marine Transportation
HIMS,Hims & Hers Health Inc. Class A Common Stock,$16.45,0.63,3.982%,3749592701.00,United States,2019,20349233,Health Care,Medical/Nursing Services
HIW,Highwoods Properties Inc. Common Stock,$23.19,0.62,2.747%,2549302116.00,United States,1994,1372614,Real Estate,Real Estate Investment Trusts
HL,Hecla Mining Company Common Stock,$21.76,0.06,0.276%,14586811670.00,United States,,15660477,Industrials,Mining & Quarrying of Nonmetallic Minerals (No Fuels)
HLI,Houlihan Lokey Inc. Class A Common Stock,$161.50,-0.60,-0.37%,11270325789.00,United States,2015,415592,Finance,Investment Managers
HLIO,Helios Technologies Inc. Common Stock,$70.00,-1.04,-1.464%,2318994580.00,United States,2021,674104,Industrials,Metal Fabrications
HLN,Haleon plc American Depositary Shares (Each representing two Ordinary Shares),$10.47,-0.14,-1.32%,46625378250.00,United Kingdom,2022,7266624,Consumer Discretionary,Package Goods/Cosmetics
HLNE,Hamilton Lane Incorporated Class A Common Stock,$107.40,0.03,0.028%,5990247244.00,United States,2017,534076,Finance,Investment Managers
HLT,Hilton Worldwide Holdings Inc. Common Stock ,$304.91,-1.03,-0.337%,69913306330.00,United States,2016,1869443,Consumer Discretionary,Hotels/Resorts
HNGE,Hinge Health Inc. Class A Common Stock,$45.71,1.35,3.043%,3598264414.00,United States,2025,1686687,Technology,EDP Services
HOG,Harley-Davidson Inc. Common Stock,$19.46,0.97,5.246%,2176611956.00,United States,,6719626,Consumer Discretionary,Motor Vehicles
HOLX,Hologic Inc. Common Stock,$75.67,0.21,0.278%,16892941961.00,United States,1990,2582371,Health Care,Medical Electronics
HOMB,Home BancShares Inc. Common Stock,$28.02,0.18,0.647%,5509689668.00,United States,2006,1546035,Finance,Major Banks
HON,Honeywell International Inc. Common Stock,$245.97,2.12,0.869%,156357152175.00,United States,,4774834,Industrials,Aerospace
HOOD,Robinhood Markets Inc. Class A Common Stock,$82.21,6.14,8.072%,74014352742.00,United States,2021,38214548,Finance,Investment Bankers/Brokers/Service
HP,Helmerich & Payne Inc. Common Stock,$34.32,0.36,1.06%,3426834428.00,United States,,1188922,Energy,Oil & Gas Production
HPE,Hewlett Packard Enterprise Company Common Stock,$21.55,-0.09,-0.416%,28718413766.00,United States,2015,10252744,Technology,Retail: Computer Software & Peripheral Equipment
HPQ,HP Inc. Common Stock,$19.18,0.17,0.894%,17541072817.00,United States,,13765661,Technology,Computer Manufacturing
HQY,HealthEquity Inc. Common Stock,$81.15,0.72,0.895%,6933154609.00,United States,2014,915095,Real Estate,Real Estate
HR,Healthcare Realty Trust Incorporated Common Stock,$18.80,0.21,1.13%,6558378158.00,United States,,3551440,Real Estate,Real Estate Investment Trusts
HRB,H&R Block Inc. Common Stock,$30.85,-0.65,-2.063%,3910537917.00,United States,,1618484,Consumer Discretionary,Other Consumer Services
HRI,Herc Holdings Inc. Common Stock ,$137.93,-0.26,-0.188%,4602759686.00,United States,2016,720081,Industrials,Misc Corporate Leasing Services
HRL,Hormel Foods Corporation Common Stock,$24.44,-0.16,-0.65%,13448946019.00,United States,,3005263,Consumer Staples,Meat/Poultry/Fish
HSIC,Henry Schein Inc. Common Stock,$80.58,0.37,0.461%,9242858070.00,United States,1995,1343649,Health Care,Medical Specialities
HST,Host Hotels & Resorts Inc. Common Stock,$20.12,0.52,2.653%,13727551303.00,United States,,10898059,Real Estate,Real Estate Investment Trusts
HSY,The Hershey Company Common Stock,$232.05,-2.11,-0.901%,47034435412.00,United States,,1249076,Consumer Staples,Specialty Foods
HTFL,Heartflow Inc. Common Stock,$23.93,0.06,0.251%,2037848146.00,United States,2025,851585,Health Care,Medical/Dental Instruments
HTGC,Hercules Capital Inc. Common Stock,$14.99,0.47,3.237%,2753594601.00,United States,2012,3758350,Finance,Investment Managers
HTH,Hilltop Holdings Inc.,$37.46,-0.52,-1.369%,2226980405.00,United States,,265907,Finance,Major Banks
HTO,H2O America Common Stock,$57.90,1.31,2.315%,2093923739.00,United States,,2750720,Utilities,Water Supply
HUBB,Hubbell Inc Common Stock,$490.78,2.29,0.469%,26090651030.00,United States,2015,440316,Technology,Electrical Products
HUBG,Hub Group Inc. Class A Common Stock,$43.05,-0.21,-0.485%,2632658606.00,United States,1996,659311,Industrials,Integrated Freight & Logistics
HUBS,HubSpot Inc. Common Stock,$278.59,3.22,1.169%,14692985924.00,United States,2014,1057059,Technology,Computer Software: Prepackaged Software
HUM,Humana Inc. Common Stock,$183.11,1.53,0.843%,22082327517.00,United States,,1441875,Health Care,Medical Specialities
HUN,Huntsman Corporation Common Stock,$12.89,0.51,4.12%,2242980509.00,United States,2005,5315865,Industrials,Major Chemicals
HURN,Huron Consulting Group Inc. Common Stock,$148.25,-0.21,-0.141%,2508823483.00,United States,2004,345219,Consumer Discretionary,Professional Services
HUT,Hut 8 Corp. Common Stock,$54.21,6.61,13.887%,6011199666.00,United States,,4832466,Finance,Finance: Consumer Services
HWC,Hancock Whitney Corporation Common Stock,$66.19,0.19,0.288%,5405270065.00,United States,,635777,Finance,Major Banks
HWCPZ,Hancock Whitney Corporation 6.25% Subordinated Notes due 2060,$23.60,-0.17,-0.715%,2000217481.00,United States,,8027,Finance,Major Banks
HWKN,Hawkins Inc. Common Stock,$151.07,0.12,0.079%,3157679190.00,United States,,117371,Consumer Discretionary,Specialty Chemicals
HWM,Howmet Aerospace Inc. Common Stock,$260.09,1.25,0.483%,104280500986.00,United States,,1511134,Industrials,Metal Fabrications
HXL,Hexcel Corporation Common Stock,$91.62,-0.31,-0.337%,6951247606.00,United States,,1671864,Industrials,Major Chemicals
HYMC,Hycroft Mining Holding Corporation Class A Common Stock,$47.665,-0.845,-1.742%,4339232704.00,United States,2018,3436890,Basic Materials,Precious Metals
IAC,IAC Inc. Common Stock,$38.19,0.54,1.434%,2937115145.00,United States,,1329874,Technology,Computer Software: Programming Data Processing
IAG,Iamgold Corporation Ordinary Shares,$22.82,0.39,1.739%,13436416000.00,Canada,,5061450,Basic Materials,Precious Metals
IBKR,Interactive Brokers Group Inc. Class A Common Stock,$69.15,-0.25,-0.36%,30802166181.00,United States,2019,4586868,Finance,Investment Bankers/Brokers/Service
IBOC,International Bancshares Corporation Common Stock,$68.62,0.00,0.00%,4266635078.00,United States,,266137,Finance,Major Banks
IBP,Installed Building Products Inc. Common Stock,$327.97,2.18,0.669%,8847047489.00,United States,2014,457584,Consumer Discretionary,Homebuilding
IBRX,ImmunityBio Inc. Common Stock,$9.00,-1.00,-10.00%,9253003104.00,United States,2015,33103819,Health Care,Biotechnology: Biological Products (No Diagnostic Substances)
ICE,Intercontinental Exchange Inc. Common Stock,$166.29,1.51,0.916%,94435511147.00,United States,2005,2840340,Finance,Investment Bankers/Brokers/Service
ICLR,ICON plc Ordinary Shares,$110.20,1.50,1.38%,8899405972.00,Ireland,1998,1027073,Health Care,Biotechnology: Commercial Physical & Biological Resarch
ICUI,ICU Medical Inc. Common Stock,$142.46,-0.20,-0.14%,3517376577.00,United States,1992,251576,Health Care,Medical/Dental Instruments
IDA,IDACORP Inc. Common Stock,$144.43,0.74,0.515%,7929067481.00,United States,,283746,Utilities,Electric Utilities: Central
IDCC,InterDigital Inc. Common Stock,$373.31,2.51,0.677%,9589126615.00,United States,,187239,Miscellaneous,Multi-Sector Companies
IDXX,IDEXX Laboratories Inc. Common Stock,$648.70,13.16,2.071%,51652110856.00,United States,1991,561204,Health Care,Biotechnology: In Vitro & In Vivo Diagnostic Substances
IDYA,IDEAYA Biosciences Inc. Common Stock,$34.68,0.37,1.078%,3045390456.00,United States,2019,760661,Health Care,Biotechnology: Pharmaceutical Preparations
IE,Ivanhoe Electric Inc. Common Stock,$15.66,0.06,0.385%,2450941103.00,Canada,2022,1452729,Basic Materials,Metal Mining
IEP,Icahn Enterprises L.P. Common Stock,$8.19,-0.03,-0.365%,5218745412.00,United States,,1213076,Consumer Discretionary,Auto Parts:O.E.M.
IESC,IES Holdings Inc. Common Stock,$487.77,0.20,0.041%,9720280072.00,United States,,159544,Industrials,Engineering & Construction
IEX,IDEX Corporation Common Stock,$208.70,-0.26,-0.124%,15516390869.00,United States,1989,390863,Industrials,Fluid Controls
IFF,International Flavors & Fragrances Inc. Common Stock,$78.19,-0.97,-1.225%,19975784709.00,United States,,1287572,Industrials,Major Chemicals
IHG,Intercontinental Hotels Group American Depositary Shares (Each representing one Ordinary Share),$135.07,-0.32,-0.236%,20448463817.00,United Kingdom,,228225,Consumer Discretionary,Hotels/Resorts
ILMN,Illumina Inc. Common Stock,$128.97,-0.59,-0.455%,19719513000.00,United States,2000,1307730,Health Care,Medical Specialities
IMAX,Imax Corporation Common Stock,$41.16,-0.03,-0.073%,2222352580.00,Canada,,735807,Consumer Discretionary,Industrial Machinery/Components
IMNM,Immunome Inc. Common Stock,$22.52,0.98,4.55%,2484675469.00,United States,2020,1192499,Health Care,Biotechnology: Pharmaceutical Preparations
IMO,Imperial Oil Limited Common Stock,$119.74,0.43,0.36%,57905391694.00,Canada,1929,4491617,Energy,Integrated oil Companies
IMVT,Immunovant Inc. Common Stock,$27.08,0.37,1.385%,5511651434.00,United States,2019,1245710,Health Care,Biotechnology: Biological Products (No Diagnostic Substances)
INCY,Incyte Corp. Common Stock,$98.86,0.79,0.806%,19674572086.00,United States,,1628582,Health Care,Biotechnology: Commercial Physical & Biological Resarch
INDB,Independent Bank Corp. Common Stock,$79.31,-0.17,-0.214%,3885023746.00,United States,,199260,Finance,Major Banks
INDV,Indivior Pharmaceuticals Inc. Common Stock,$32.16,1.29,4.179%,4012597411.00,United Kingdom,,2297762,Health Care,Biotechnology: Pharmaceutical Preparations
ING,ING Group N.V. Common Stock,$27.25,0.40,1.49%,79091426998.00,Netherlands,1997,2483921,Finance,Commercial Banks
INGM,Ingram Micro Holding Corporation Common Stock,$26.29,1.88,7.702%,6180060100.00,United States,2024,1999288,Technology,Retail: Computer Software & Peripheral Equipment
INGR,Ingredion Incorporated Common Stock,$113.68,-1.30,-1.131%,7155592261.00,United States,,423523,Consumer Staples,Packaged Foods
INSM,Insmed Incorporated Common Stock,$149.88,2.88,1.959%,32306918172.00,United States,,2016183,Health Care,Biotechnology: Pharmaceutical Preparations
INSW,International Seaways Inc. Common Stock ,$75.44,-0.17,-0.225%,3728813844.00,United States,2016,701898,Consumer Discretionary,Marine Transportation
INTA,Intapp Inc. Common Stock,$27.24,1.10,4.208%,2189981292.00,United States,2021,2282452,Technology,Computer Software: Prepackaged Software
INTU,Intuit Inc. Common Stock,$440.14,6.79,1.567%,121720717000.00,United States,1993,4240185,Technology,Computer Software: Prepackaged Software
INVH,Invitation Homes Inc. Common Stock,$26.83,0.55,2.093%,16349828875.00,United States,2017,8479597,Finance,Real Estate
IONQ,IonQ Inc. Common Stock,$37.13,0.08,0.216%,13613371270.00,United States,2021,47349430,Technology,EDP Services
IONS,Ionis Pharmaceuticals Inc. Common Stock,$79.45,0.79,1.004%,13124505274.00,United States,,2503086,Health Care,Biotechnology: Pharmaceutical Preparations
IOT,Samsara Inc. Class A Common Stock,$28.69,-0.25,-0.864%,16554246395.00,United States,2021,4444686,Technology,EDP Services
IP,International Paper Company Common Stock,$42.58,0.53,1.26%,22544808202.00,United States,,5250557,Basic Materials,Paper
IPAR,Interparfums Inc. Common Stock,$94.10,-1.40,-1.466%,3017290905.00,United States,,418512,Consumer Discretionary,Package Goods/Cosmetics
IPGP,IPG Photonics Corporation Common Stock,$129.27,-2.40,-1.823%,5454076202.00,United States,2006,439159,Technology,Semiconductors
IQV,IQVIA Holdings Inc. Common Stock,$177.88,3.92,2.253%,30189378072.00,United States,2013,1778936,Health Care,Biotechnology: Commercial Physical & Biological Resarch
IR,Ingersoll Rand Inc. Common Stock,$91.84,0.30,0.328%,35966196569.00,United States,2017,2608885,Industrials,Industrial Machinery/Components
IRDM,Iridium Communications Inc Common Stock,$24.51,0.51,2.125%,2572490163.00,United States,,1888777,Telecommunications,Telecommunications Equipment
IRM,Iron Mountain Incorporated (Delaware)Common Stock REIT,$107.84,0.06,0.056%,31902868615.00,United States,,1313184,Real Estate,Real Estate Investment Trusts
IRON,Disc Medicine Inc. Common Stock,$61.10,-3.26,-5.065%,2331579972.00,United States,,643103,Health Care,Biotechnology: Pharmaceutical Preparations
IRT,Independence Realty Trust Inc. Common Stock,$16.74,0.21,1.27%,3972071686.00,United States,2013,2315404,Real Estate,Real Estate Investment Trusts
IRTC,iRhythm Holdings Inc. Common Stock,$127.95,2.10,1.669%,4134929442.00,United States,2016,1383653,Health Care,Medical/Dental Instruments
ISRG,Intuitive Surgical Inc. Common Stock,$501.18,3.76,0.756%,177984172180.00,United States,2000,1501046,Health Care,Industrial Specialties
IT,Gartner Inc. Common Stock,$166.90,2.12,1.287%,11758154069.00,United States,1993,1010373,Consumer Discretionary,Other Consumer Services
ITGR,Integer Holdings Corporation Common Stock,$86.03,-0.72,-0.83%,2960064062.00,United States,,793398,Health Care,Biotechnology: Electromedical & Electrotherapeutic Apparatus
ITRI,Itron Inc. Common Stock,$92.29,-1.65,-1.756%,4147623902.00,United States,1993,1049936,Industrials,Electrical Products
ITT,ITT Inc. Common Stock ,$197.75,5.33,2.77%,17006500000.00,United States,2011,886790,Industrials,Fluid Controls
ITW,Illinois Tool Works Inc. Common Stock,$287.17,1.19,0.416%,82733677000.00,United States,,808178,Industrials,Industrial Machinery/Components
IVT,InvenTrust Properties Corp. Common Stock,$30.91,0.01,0.032%,2401683539.00,United States,2021,396891,Real Estate,Real Estate Investment Trusts
IVZ,Invesco Ltd Common Stock,$25.26,-0.07,-0.276%,11207199607.00,United States,,6143093,Finance,Investment Managers
J,Jacobs Solutions Inc. Common Stock,$138.15,-0.73,-0.526%,16225263401.00,United States,2022,632386,Industrials,Military/Government/Technical
JAZZ,Jazz Pharmaceuticals plc Common Stock (Ireland),$188.69,2.02,1.082%,11615822442.00,Ireland,2007,885110,Health Care,Biotechnology: Pharmaceutical Preparations
JBHT,J.B. Hunt Transport Services Inc. Common Stock,$234.92,4.05,1.754%,22224391178.00,United States,,622675,Industrials,Trucking Freight/Courier Services
JBL,Jabil Inc. Common Stock,$255.18,0.94,0.37%,26945800233.00,United States,1993,724603,Technology,Electrical Products
JBTM,JBT Marel Corporation Common Stock,$154.92,1.85,1.209%,8053083044.00,United States,,427178,Industrials,Industrial Machinery/Components
JCI,Johnson Controls International plc Ordinary Share,$140.00,0.42,0.301%,85680624680.00,Switzerland,,3194972,Industrials,Industrial Machinery/Components
JEF,Jefferies Financial Group Inc. Common Stock,$44.59,-0.08,-0.179%,9210007871.00,United States,,2309730,Finance,Investment Bankers/Brokers/Service
JHG,Janus Henderson Group plc Ordinary Shares,$51.40,-0.24,-0.465%,7919486251.00,United Kingdom,2017,2093449,Finance,Investment Managers
JHX,James Hardie Industries plc. Ordinary Shares,$22.45,-0.43,-1.879%,13093738000.00,Ireland,2025,5040634,Industrials,Building Materials
JKHY,Jack Henry & Associates Inc. Common Stock,$168.43,-0.32,-0.19%,12155149792.00,United States,1985,872084,Technology,EDP Services
JLL,Jones Lang LaSalle Incorporated Common Stock,$310.97,1.18,0.381%,14569402248.00,United States,,329344,Finance,Real Estate
JOBY,Joby Aviation Inc. Common Stock,$9.89,0.13,1.332%,9685615604.00,United States,2020,14901264,Industrials,Aerospace
JOE,St. Joe Company (The) Common Stock,$71.90,-0.89,-1.223%,4137441713.00,United States,,174514,Real Estate,Homebuilding
JXN,Jackson Financial Inc. Class A Common Stock ,$114.83,3.82,3.441%,8116400969.00,United States,2021,563970,Finance,Life Insurance
KAI,Kadant Inc Common Stock,$347.31,2.84,0.824%,4090664067.00,United States,1992,114907,Industrials,Industrial Machinery/Components
KALU,Kaiser Aluminum Corporation Common Stock,$130.76,-1.82,-1.373%,2119677527.00,United States,,264002,Industrials,Metal Fabrications
KBH,KB Home Common Stock,$59.73,-0.79,-1.305%,3773359785.00,United States,1986,722104,Consumer Discretionary,Homebuilding
KBR,KBR Inc. Common Stock,$40.53,-0.45,-1.098%,5125672614.00,United States,2006,2752197,Industrials,Military/Government/Technical
KD,Kyndryl Holdings Inc. Common Stock,$13.14,0.29,2.257%,2962376103.00,United States,2021,3558286,Technology,EDP Services
KDP,Keurig Dr Pepper Inc. Common Stock,$28.87,-0.70,-2.367%,39224689123.00,United States,,9101341,Consumer Staples,Beverages (Production/Distribution)
KEX,Kirby Corporation Common Stock,$133.52,-0.31,-0.232%,7162813920.00,United States,,447679,Consumer Discretionary,Marine Transportation
KEY,KeyCorp Common Stock,$20.71,0.24,1.172%,22566598317.00,United States,,14238365,Finance,Major Banks
KEYS,Keysight Technologies Inc. Common Stock,$300.92,-1.62,-0.535%,51613124339.00,United States,2014,1835000,Industrials,Industrial Machinery/Components
KFY,Korn Ferry Common Stock,$63.20,0.73,1.169%,3298720461.00,United States,1999,498716,Consumer Discretionary,Diversified Commercial Services
KGC,Kinross Gold Corporation Common Stock,$33.97,0.17,0.503%,40757206000.00,Canada,2001,7194047,Basic Materials,Precious Metals
KGS,Kodiak Gas Services Inc. Common Stock,$58.16,0.50,0.867%,4994163722.00,United States,2023,1291857,Utilities,Natural Gas Distribution
KHC,The Kraft Heinz Company Common Stock,$24.04,-0.18,-0.743%,28457223814.00,United States,,16651235,Consumer Staples,Packaged Foods
KIM,Kimco Realty Corporation (HC) Common Stock,$23.56,0.03,0.127%,15881010368.00,United States,,4233561,Real Estate,Real Estate Investment Trusts
KKR,KKR & Co. Inc. Common Stock,$93.83,3.28,3.622%,83654220384.00,United States,,8927829,Finance,Investment Managers
KKRS,KKR Group Finance Co. IX LLC 4.625% Subordinated Notes due 2061,$17.50,0.06,0.344%,15602140645.00,United States,2021,19288,Finance,Investment Managers
KLAC,KLA Corporation Common Stock,$1475.91,34.56,2.398%,193457280941.00,United States,1980,798202,Technology,Electronic Components
KMB,Kimberly-Clark Corporation Common Stock,$104.73,0.09,0.086%,34762229915.00,United States,,5415777,Consumer Discretionary,Containers/Packaging
KMI,Kinder Morgan Inc. Common Stock,$33.92,-0.04,-0.118%,75465432986.00,United States,2011,11345601,Utilities,Natural Gas Distribution
KMT,Kennametal Inc. Common Stock,$41.78,1.21,2.982%,3183585530.00,United States,,3239822,Industrials,Industrial Machinery/Components
KMX,CarMax Inc,$42.12,0.28,0.669%,5972474519.00,United States,,2500923,Consumer Discretionary,Retail-Auto Dealers and Gas Stations
KN,Knowles Corporation Common Stock,$26.62,0.36,1.371%,2260401070.00,United States,2014,636838,Consumer Staples,Consumer Electronics/Appliances
KNF,Knife Riv Holding Co. Common Stock,$87.65,-0.77,-0.871%,4966614062.00,United States,2023,357375,Industrials,Mining & Quarrying of Nonmetallic Minerals (No Fuels)
KNSA,Kiniksa Pharmaceuticals International plc Class A Ordinary Shares,$47.27,1.90,4.188%,3617827271.00,United States,2018,836315,Health Care,Biotechnology: Pharmaceutical Preparations
KNSL,Kinsale Capital Group Inc. Common Stock,$383.47,-9.52,-2.422%,8878506219.00,United States,,173793,Finance,Property-Casualty Insurers
KNTK,Kinetik Holdings Inc. Class A Common Stock,$45.60,-0.81,-1.745%,7393964304.00,United States,2022,1312536,Utilities,Natural Gas Distribution
KNX,Knight-Swift Transportation Holdings Inc.,$63.50,1.89,3.068%,10314040396.00,United States,2017,3120399,Industrials,Trucking Freight/Courier Services
KOF,Coca Cola Femsa S.A.B. de C.V.  American Depositary Shares each representing 10 Units (each Unit consists of 3 Series B Shares and 5 Series L Shares),$108.16,2.17,2.047%,22722601724.00,Mexico,1993,140738,Consumer Staples,Beverages (Production/Distribution)
KR,Kroger Company (The) Common Stock,$67.99,-0.65,-0.947%,43027414388.00,United States,,8010275,Consumer Staples,Food Chains
KRC,Kilroy Realty Corporation Common Stock,$31.18,1.18,3.933%,3694925224.00,United States,1997,2243800,Real Estate,Real Estate Investment Trusts
KRG,Kite Realty Group Trust Common Stock,$25.90,-0.12,-0.461%,5355921710.00,United States,2004,1391140,Real Estate,Real Estate Investment Trusts
KRMN,Karman Holdings Inc. Common Stock,$98.88,7.77,8.528%,13084042373.00,United States,2025,2405810,Industrials,Military/Government/Technical
KRYS,Krystal Biotech Inc. Common Stock,$265.00,1.20,0.455%,7746530085.00,United States,2017,234887,Health Care,Biotechnology: Biological Products (No Diagnostic Substances)
KTB,Kontoor Brands Inc. Common Stock ,$78.05,-0.13,-0.166%,4339081417.00,United States,2019,1405556,Industrials,Garments and Clothing
KTOS,Kratos Defense & Security Solutions Inc. Common Stock,$89.13,0.18,0.202%,15181437853.00,United States,,3329533,Industrials,Military/Government/Technical
KVUE,Kenvue Inc. Common Stock,$18.19,0.04,0.22%,34865356717.00,United States,2023,40714821,Consumer Discretionary,Specialty Chemicals
KVYO,Klaviyo Inc. Series A Common Stock,$19.53,0.66,3.498%,5952238642.00,United States,2023,3754675,Technology,Computer Software: Prepackaged Software
KWR,Quaker Houghton Common Stock,$141.41,-0.39,-0.275%,2451352956.00,United States,,102063,Industrials,Major Chemicals
KYMR,Kymera Therapeutics Inc. Common Stock,$86.11,-0.24,-0.278%,7030226547.00,United States,2020,1043186,Health Care,Biotechnology: Biological Products (No Diagnostic Substances)
L,Loews Corporation Common Stock,$111.49,-0.01,-0.009%,22972834922.00,United States,,483957,Finance,Property-Casualty Insurers
LAD,Lithia Motors Inc. Common Stock,$273.31,1.35,0.496%,6388596652.00,United States,,152537,Consumer Discretionary,Retail-Auto Dealers and Gas Stations
LAMR,Lamar Advertising Company Class A Common Stock,$139.12,0.04,0.029%,14097116828.00,United States,1996,454236,Real Estate,Real Estate Investment Trusts
LASR,nLIGHT Inc. Common Stock,$67.02,3.95,6.263%,3739134199.00,United States,2018,2504798,Technology,Semiconductors
LAUR,Laureate Education Inc. Common Stock,$32.30,-0.27,-0.829%,4610619249.00,United States,2017,1402737,Real Estate,Other Consumer Services
LBRDA,Liberty Broadband Corporation Class A Common Stock,$53.96,0.53,0.992%,7743137511.00,United States,,142562,Telecommunications,Cable & Other Pay Television Services
LBRDK,Liberty Broadband Corporation Class C Common Stock,$54.06,0.63,1.179%,7757487284.00,United States,,956512,Telecommunications,Cable & Other Pay Television Services
LBRDP,Liberty Broadband Corporation Series A Cumulative Redeemable Preferred Stock,$24.02,0.01,0.042%,3446815475.00,United States,,2418,Telecommunications,Cable & Other Pay Television Services
LBRT,Liberty Energy Inc. Class A common stock,$27.47,-0.36,-1.294%,4451555419.00,United States,2018,4205959,Energy,Oilfield Services/Equipment
LBTYA,Liberty Global Ltd. Class A Common Shares,$12.77,0.15,1.189%,4278316691.00,United Kingdom,,4542439,Telecommunications,Cable & Other Pay Television Services
LBTYB,Liberty Global Ltd. Class B Common Shares,$12.95,0.42,3.352%,4338621859.00,United Kingdom,,5208,Telecommunications,Cable & Other Pay Television Services
LBTYK,Liberty Global Ltd. Class C Common Shares,$12.47,0.12,0.972%,4177808076.00,United Kingdom,,2490816,Telecommunications,Cable & Other Pay Television Services
LCID,Lucid Group Inc. Common Stock,$10.27,0.16,1.583%,3365317176.00,United States,,4908790,Industrials,Auto Manufacturing
LCII,LCI Industries,$135.60,0.19,0.14%,3281664956.00,United States,1995,259640,Consumer Discretionary,Auto Parts:O.E.M.
LDOS,Leidos Holdings Inc. Common Stock,$176.70,-3.95,-2.187%,22333587263.00,United States,,1290896,Technology,EDP Services
LEA,Lear Corporation Common Stock,$122.76,-0.85,-0.688%,6227302253.00,United States,,433642,Consumer Discretionary,Auto Parts:O.E.M.
LECO,Lincoln Electric Holdings Inc. Common Shares,$282.62,2.54,0.907%,15489092256.00,United States,,244266,Industrials,Industrial Machinery/Components
LEGN,Legend Biotech Corporation American Depositary Shares,$17.85,-0.01,-0.056%,3278137470.00,United States,2020,1660149,Health Care,Biotechnology: Pharmaceutical Preparations
LEN,Lennar Corporation Class A Common Stock,$106.53,-1.88,-1.734%,26379086436.00,United States,,2071391,Consumer Discretionary,Homebuilding
LEU,Centrus Energy Corp. Class A Common Stock,$203.08,5.73,2.903%,3993479860.00,United States,2014,580300,Industrials,Mining & Quarrying of Nonmetallic Minerals (No Fuels)
LEVI,Levi Strauss & Co Class A Common Stock,$20.81,0.04,0.193%,8125624242.00,United States,2019,2453082,Consumer Discretionary,Apparel
LFST,LifeStance Health Group Inc. Common Stock,$7.33,0.06,0.825%,2857110929.00,United States,2021,4040767,Health Care,Medical/Nursing Services
LFUS,Littelfuse Inc. Common Stock,$337.91,-7.15,-2.072%,8484133783.00,United States,,281794,Energy,Electrical Products
LGN,Legence Corp. Class A Common stock,$55.38,1.22,2.253%,5833559128.00,United States,2025,826792,Consumer Discretionary,Engineering & Construction
LGND,Ligand Pharmaceuticals Incorporated Common Stock,$208.95,4.71,2.306%,4166701412.00,United States,,189266,Health Care,Biotechnology: Pharmaceutical Preparations
LH,Labcorp Holdings Inc. Common Stock,$280.85,-2.14,-0.756%,23142040000.00,United States,,406366,Health Care,Medical Specialities
LHX,L3Harris Technologies Inc. Common Stock,$368.75,0.75,0.204%,68873746981.00,United States,,964503,Industrials,Industrial Machinery/Components
LIF,Life360 Inc. Common Stock,$44.86,0.89,2.024%,3597709779.00,United States,2024,1713038,Technology,EDP Services
LII,Lennox International Inc. Common Stock,$550.67,-1.63,-0.295%,19164919000.00,United States,1999,502653,Industrials,Industrial Machinery/Components
LINE,Lineage Inc. Common Stock,$40.54,0.55,1.375%,9205836416.00,United States,2024,861388,Real Estate,Real Estate Investment Trusts
LITE,Lumentum Holdings Inc. Common Stock,$680.80,-13.63,-1.963%,48609120000.00,United States,,7883990,Telecommunications,Telecommunications Equipment
LIVN,LivaNova PLC Ordinary Shares,$65.26,-3.17,-4.632%,3569061308.00,United Kingdom,,1216849,Health Care,Biotechnology: Electromedical & Electrotherapeutic Apparatus
LKQ,LKQ Corporation Common Stock,$32.07,-0.15,-0.466%,8182091803.00,United States,2003,1824202,Consumer Discretionary,Motor Vehicles
LLYVA,Liberty Live Holdings Inc. Series A Liberty Live Group Common Stock,$94.73,-1.79,-1.855%,8708687004.00,United States,,110993,Consumer Discretionary,Services-Misc. Amusement & Recreation
LLYVK,Liberty Live Holdings Inc. Series C Liberty Live Group Common Stock,$97.20,-1.88,-1.897%,8935758227.00,United States,,230844,Consumer Discretionary,Services-Misc. Amusement & Recreation
LMAT,LeMaitre Vascular Inc. Common Stock,$106.41,-1.44,-1.335%,2423845607.00,United States,2006,142786,Health Care,Medical/Dental Instruments
LMND,Lemonade Inc. Common Stock,$54.77,2.91,5.611%,4183520899.00,United States,2020,1870904,Finance,Property-Casualty Insurers
LMT,Lockheed Martin Corporation Common Stock,$664.48,-3.34,-0.50%,152883717875.00,United States,,1648548,Industrials,Military/Government/Technical
LNC,Lincoln National Corporation Common Stock,$35.08,1.00,2.934%,6668371442.00,United States,,2731690,Finance,Life Insurance
LNG,Cheniere Energy Inc. Common Stock,$248.98,2.91,1.183%,52336313809.00,United States,2001,2893135,Utilities,Oil/Gas Transmission
LNT,Alliant Energy Corporation Common Stock,$72.30,0.07,0.097%,18591281937.00,United States,,1858146,Utilities,Power Generation
LNTH,Lantheus Holdings Inc. Common Stock,$77.84,-1.00,-1.268%,5028922789.00,United States,2015,916157,Health Care,Biotechnology: In Vitro & In Vivo Diagnostic Substances
LOAR,Loar Holdings Inc. Common Stock,$75.48,2.87,3.953%,7066624111.00,United States,2024,1247888,Industrials,Military/Government/Technical
LOGI,Logitech International S.A. Ordinary Shares,$92.01,0.41,0.448%,13487648921.00,United States,1997,726123,Technology,Computer peripheral equipment
LOPE,Grand Canyon Education Inc. Common Stock,$162.64,-3.30,-1.989%,4414611359.00,United States,2008,203821,Real Estate,Other Consumer Services
LOW,Lowe's Companies Inc. Common Stock,$258.62,0.92,0.357%,145073265809.00,United States,,2174919,Consumer Discretionary,RETAIL: Building Materials
LPLA,LPL Financial Holdings Inc. Common Stock,$311.88,5.66,1.848%,24975406850.00,United States,2010,750122,Finance,Investment Bankers/Brokers/Service
LPX,Louisiana-Pacific Corporation Common Stock,$80.59,-2.07,-2.504%,5627627342.00,United States,,816252,Basic Materials,Forest Products
LQDA,Liquidia Corporation Common Stock,$34.38,2.60,8.181%,2990904706.00,United States,2018,2038920,Health Care,Biotechnology: Pharmaceutical Preparations
LRN,Stride Inc. Common Stock,$86.69,0.04,0.046%,3691285340.00,United States,,924821,Real Estate,Other Consumer Services
LSCC,Lattice Semiconductor Corporation Common Stock,$91.63,-1.85,-1.979%,12533719781.00,United States,,2355265,Technology,Semiconductors
LSTR,Landstar System Inc. Common Stock,$164.51,1.21,0.741%,5603001014.00,United States,1993,412805,Industrials,Trucking Freight/Courier Services
LTH,Life Time Group Holdings Inc. Common Stock,$26.26,0.10,0.382%,5824601453.00,United States,2021,2023776,Consumer Discretionary,Hotels/Resorts
LULU,lululemon athletica inc. Common Stock,$173.21,-1.06,-0.608%,19432437002.00,Canada,2007,2186969,Consumer Discretionary,Apparel
LUMN,Lumen Technologies Inc. Common Stock,$6.96,0.03,0.433%,7129612479.00,United States,,8528961,Telecommunications,Telecommunications Equipment
LUNR,Intuitive Machines Inc. Class A Common Stock,$18.62,0.42,2.308%,3783771615.00,United States,2021,7182601,Industrials,Industrial Machinery/Components
LUV,Southwest Airlines Company Common Stock,$47.15,-0.60,-1.257%,23165643229.00,United States,,7906138,Consumer Discretionary,Air Freight/Delivery Services
LVS,Las Vegas Sands Corp. Common Stock,$56.07,0.37,0.664%,37674034239.00,United States,2004,2712052,Consumer Discretionary,Hotels/Resorts
LW,Lamb Weston Holdings Inc. Common Stock ,$46.03,-0.88,-1.876%,6392641061.00,United States,2016,1534510,Consumer Staples,Packaged Foods
LXP,LXP Industrial Trust Common Stock (Maryland REIT),$49.23,0.69,1.422%,2908362482.00,United States,,457723,Real Estate,Real Estate Investment Trusts
LYB,LyondellBasell Industries NV Ordinary Shares Class A (Netherlands),$61.92,3.71,6.373%,19948765038.00,Netherlands,,8491622,Industrials,Major Chemicals
LYFT,Lyft Inc. Class A Common Stock,$13.84,0.63,4.769%,5509809198.00,United States,2019,20872738,Real Estate,Real Estate
LYG,Lloyds Banking Group Plc American Depositary Shares,$5.37,0.05,0.94%,79588844718.00,United Kingdom,,16240494,Finance,Commercial Banks
LYV,Live Nation Entertainment Inc. Common Stock,$158.64,-3.43,-2.116%,37248976906.00,United States,,3361901,Consumer Discretionary,Services-Misc. Amusement & Recreation
M,Macy's Inc Common Stock,$19.21,0.93,5.088%,5107614524.00,United States,,10128407,Consumer Discretionary,Department/Specialty Retail Stores
MAA,Mid-America Apartment Communities Inc. Common Stock,$133.78,0.21,0.157%,15639018456.00,United States,1994,659028,Real Estate,Real Estate Investment Trusts
MAC,Macerich Company (The) Common Stock,$20.30,0.40,2.01%,5210416164.00,United States,1994,1769916,Real Estate,Real Estate Investment Trusts
MAIN,Main Street Capital Corporation Common Stock,$58.89,1.69,2.955%,5306273498.00,United States,2007,737562,Finance,Finance/Investors Services
MANH,Manhattan Associates Inc. Common Stock,$143.54,-4.72,-3.184%,8590517040.00,United States,1998,581013,Technology,Computer Software: Prepackaged Software
MANU,Manchester United Ltd. Class A Ordinary Shares,$17.78,0.13,0.737%,3065785113.00,United Kingdom,2012,344159,Consumer Discretionary,Services-Misc. Amusement & Recreation
MAR,Marriott International Class A Common Stock,$335.94,0.03,0.009%,89018911071.00,United States,,1360164,Consumer Discretionary,Hotels/Resorts
MARA,MARA Holdings Inc. Common Stock,$9.29,0.63,7.275%,3532379759.00,United States,,61101587,Technology,EDP Services
MAS,Masco Corporation Common Stock,$68.44,0.41,0.603%,13934868897.00,United States,,1845989,Industrials,Industrial Specialties
MASI,Masimo Corporation Common Stock,$175.37,0.01,0.006%,9153005389.00,United States,2007,1579510,Health Care,Biotechnology: Electromedical & Electrotherapeutic Apparatus
MAT,Mattel Inc. Common Stock,$15.84,-0.30,-1.859%,4786848000.00,United States,,7010435,Consumer Discretionary,Recreational Games/Products/Toys
MATX,Matson Inc. Common Stock,$167.38,-1.15,-0.682%,5094931708.00,United States,,250069,Consumer Discretionary,Marine Transportation
MAZE,Maze Therapeutics Inc. Common Stock,$46.48,2.30,5.206%,2236591757.00,United States,2025,414304,Health Care,Biotechnology: Biological Products (No Diagnostic Substances)
MC,Moelis & Company Class A Common Stock,$59.59,0.96,1.637%,4625775232.00,United States,2014,1290673,Finance,Investment Managers
MCHB,Mechanics Bancorp Class A Common Stock,$15.29,0.13,0.858%,3382356709.00,United States,2012,605997,Finance,Major Banks
MCHP,Microchip Technology Incorporated Common Stock,$69.90,-1.49,-2.087%,37825368514.00,United States,1993,7451221,Technology,Semiconductors
MCHPP,Microchip Technology Incorporated Depositary Shares Each Representing a 1/20th Interest in a Share of 7.50% Series A Mandatory Convertible Preferred Stock,$61.57,-1.11,-1.771%,33317710149.00,United States,,155279,Technology,Semiconductors
MCK,McKesson Corporation Common Stock,$978.71,-16.98,-1.705%,119879698062.00,United States,,550853,Health Care,Other Pharmaceuticals
MCO,Moody's Corporation Common Stock,$471.01,6.71,1.445%,83510073000.00,United States,,1395068,Finance,Finance: Consumer Services
MCW,Mister Car Wash Inc. Common Stock,$7.05,-0.05,-0.704%,2315777408.00,United States,,1119540,Consumer Discretionary,Automotive Aftermarket
MCY,Mercury General Corporation Common Stock,$93.05,1.77,1.939%,5153911742.00,United States,,469490,Finance,Property-Casualty Insurers
MDB,MongoDB Inc. Class A Common Stock,$248.01,-4.72,-1.868%,20185970398.00,United States,2017,4000743,Technology,Computer Software: Prepackaged Software
MDGL,Madrigal Pharmaceuticals Inc. Common Stock,$434.80,8.95,2.102%,9974298521.00,United States,2007,265151,Health Care,Biotechnology: Pharmaceutical Preparations
MDLN,Medline Inc. Class A Common Stock,$42.88,-1.51,-3.402%,56331173507.00,United States,2025,4836399,Health Care,Medical/Dental Instruments
MDLZ,Mondelez International Inc. Class A Common Stock,$58.69,-0.08,-0.136%,75231522314.00,United States,,11608670,Consumer Staples,Packaged Foods
MDT,Medtronic plc. Ordinary Shares,$95.60,-1.11,-1.148%,122739402558.00,United States,,7235707,Health Care,Biotechnology: Electromedical & Electrotherapeutic Apparatus
MDU,MDU Resources Group Inc. Common Stock (Holding Company),$20.85,0.21,1.017%,4261381818.00,United States,,1498468,Industrials,Mining & Quarrying of Nonmetallic Minerals (No Fuels)
MEDP,Medpace Holdings Inc. Common Stock,$465.86,0.48,0.103%,13221704498.00,United States,2016,374671,Health Care,Biotechnology: Commercial Physical & Biological Resarch
MEOH,Methanex Corporation Common Stock,$53.32,2.15,4.202%,4123743206.00,Canada,,947191,Industrials,Major Chemicals
MET,MetLife Inc. Common Stock,$73.32,0.65,0.894%,47808589528.00,United States,2000,3292407,Finance,Life Insurance
MFAN,MFA Financial Inc. 8.875% Senior Notes due 2029,$25.13,-0.01,-0.04%,2580064481.00,United States,2024,9147,Real Estate,Real Estate Investment Trusts
MFAO,MFA Financial Inc. 9.000% Senior Notes due 2029,$25.3313,-0.0087,-0.034%,2600731691.00,United States,2024,3890,Real Estate,Real Estate Investment Trusts
MFC,Manulife Financial Corporation Common Stock,$34.82,0.50,1.457%,58384192757.00,Canada,,2132404,Finance,Life Insurance
MFICL,MidCap Financial Investment Corporation 8.00% Notes due 2028,$25.06,0.0294,0.117%,2338188767.00,United States,,8161,Finance,Finance/Investors Services
MGA,Magna International Inc. Common Stock,$61.97,0.19,0.308%,17464029506.00,Canada,,1376772,Consumer Discretionary,Auto Parts:O.E.M.
MGEE,MGE Energy Inc,$81.11,-0.13,-0.16%,2965697848.00,United States,,122781,Energy,Electric Utilities: Central
MGM,MGM Resorts International Common Stock,$36.68,0.83,2.315%,9383790077.00,United States,,4407999,Consumer Discretionary,Hotels/Resorts
MGRC,McGrath RentCorp Common Stock,$111.10,2.85,2.633%,2734355093.00,United States,1984,165501,Consumer Discretionary,Diversified Commercial Services
MGY,Magnolia Oil & Gas Corporation Class A Common Stock,$28.60,0.18,0.633%,5331208883.00,United States,2017,2868174,Energy,Oil & Gas Production
MHK,Mohawk Industries Inc. Common Stock,$115.09,1.29,1.134%,7073472602.00,United States,,930375,Consumer Discretionary,Home Furnishings
MHO,M/I Homes Inc. Common Stock,$143.88,1.67,1.174%,3707457971.00,United States,1993,422341,Consumer Discretionary,Homebuilding
MIDD,Middleby Corporation (The) Common Stock,$160.57,-1.56,-0.962%,8088111613.00,United States,,525662,Industrials,Industrial Machinery/Components
MIR,Mirion Technologies Inc. Class A Common Stock,$21.60,-0.30,-1.37%,5411498695.00,United States,2020,2040746,Industrials,Industrial Machinery/Components
MIRM,Mirum Pharmaceuticals Inc. Common Stock,$93.04,5.24,5.968%,5614184046.00,United States,2019,803288,Health Care,Biotechnology: Pharmaceutical Preparations
MKC,McCormick & Company Incorporated Common Stock,$65.70,-1.97,-2.911%,17636392302.00,United States,,3070455,Consumer Staples,Packaged Foods
MKL,Markel Group Inc. Common Stock,$2040.25,2.22,0.109%,25657624972.00,United States,1986,47519,Finance,Property-Casualty Insurers
MKSI,MKS Inc. Common Stock,$235.23,2.67,1.148%,15818831017.00,United States,1999,1136519,Industrials,Industrial Machinery/Components
MKTX,MarketAxess Holdings Inc. Common Stock,$189.46,-4.15,-2.143%,6734974287.00,United States,2004,335162,Finance,Investment Bankers/Brokers/Service
MLI,Mueller Industries Inc. Common Stock,$118.71,0.44,0.372%,13172571341.00,United States,,463820,Industrials,Metal Fabrications
MLM,Martin Marietta Materials Inc. Common Stock,$660.60,3.82,0.582%,39842137588.00,United States,1994,594875,Industrials,Mining & Quarrying of Nonmetallic Minerals (No Fuels)
MLYS,Mineralys Therapeutics Inc. Common Stock,$28.77,0.26,0.912%,2276856534.00,United States,2023,1153215,Health Care,Biotechnology: Pharmaceutical Preparations
MMM,3M Company Common Stock,$160.89,2.41,1.521%,84740763000.00,United States,,3865911,Health Care,Medical/Dental Instruments
MMS,Maximus Inc. Common Stock,$77.89,1.87,2.46%,4248788585.00,United States,1997,871416,Real Estate,Real Estate
MMSI,Merit Medical Systems Inc. Common Stock,$74.16,-0.69,-0.922%,4407472003.00,United States,,665892,Health Care,Medical/Dental Instruments
MNR,Mach Natural Resources LP Common Units representing Limited Partner Interests,$13.01,0.13,1.009%,2191180771.00,United States,2023,252047,Energy,Oil & Gas Production
MNST,Monster Beverage Corporation,$78.61,-0.38,-0.481%,76901862400.00,United States,,6062062,Consumer Staples,Beverages (Production/Distribution)
MO,Altria Group Inc.,$68.12,-0.77,-1.118%,113889697686.00,United States,,10638879,Health Care, Medicinal Chemicals and Botanical Products 
MOD,Modine Manufacturing Company Common Stock,$209.93,-2.39,-1.126%,11069860186.00,United States,,1220776,Consumer Discretionary,Auto Parts:O.E.M.
MOH,Molina Healthcare Inc Common Stock,$150.04,5.23,3.612%,7727060000.00,United States,2003,920340,Health Care,Medical Specialities
MORN,Morningstar Inc. Common Stock,$186.88,4.57,2.507%,7397413069.00,United States,2005,528614,Finance,Investment Managers
MOS,Mosaic Company (The) Common Stock,$26.01,-0.77,-2.875%,8258311761.00,United States,,10265280,Industrials,Agricultural Chemicals
MP,MP Materials Corp. Common Stock,$61.61,0.21,0.342%,10946091595.00,United States,2020,4440754,Basic Materials,Metal Mining
MPC,Marathon Petroleum Corporation Common Stock,$220.77,8.79,4.147%,65069786006.00,United States,,3440017,Energy,Integrated oil Companies
MPLX,MPLX LP Common Units Representing Limited Partner Interests,$58.90,-0.11,-0.186%,59795535449.00,United States,2012,1175504,Energy,Natural Gas Distribution
MPT,Medical Properties Trust Inc. common stock,$5.50,-0.05,-0.901%,3287350000.00,United States,,3720934,Real Estate,Real Estate Investment Trusts
MPWR,Monolithic Power Systems Inc. Common Stock,$1099.02,24.65,2.294%,53981664360.00,United States,2004,433722,Technology,Semiconductors
MRCY,Mercury Systems Inc Common Stock,$89.18,-0.25,-0.28%,5352104882.00,United States,1998,457333,Technology,Electrical Products
MRNA,Moderna Inc. Common Stock,$57.80,7.97,15.994%,22827498707.00,United States,2018,23057105,Health Care,Biotechnology: Biological Products (No Diagnostic Substances)
MRP,Millrose Properties Inc. Class A Common Stock,$31.03,0.32,1.042%,5151088512.00,United States,2025,1310660,Finance,Real Estate
MRSH,Marsh Common Stock,$184.84,0.61,0.331%,89485526925.00,United States,,2156200,Finance,Specialty Insurers
MRVL,Marvell Technology Inc. Common Stock,$78.09,0.58,0.748%,68030971511.00,United States,2000,14603643,Technology,Semiconductors
MRX,Marex Group plc Ordinary Shares,$39.94,-1.50,-3.62%,2863694885.00,United Kingdom,2024,1415222,Finance,Investment Bankers/Brokers/Service
MSA,MSA Safety Incorporated Common Stock,$192.73,-1.17,-0.603%,7473052171.00,United States,2000,168219,Health Care,Industrial Specialties
MSCI,MSCI Inc. Common Stock,$572.37,6.78,1.199%,42054337420.00,United States,,547359,Real Estate,Real Estate
MSGE,Madison Square Garden Entertainment Corp. Class A Common Stock,$59.56,-1.22,-2.007%,2815585776.00,United States,2023,462317,Consumer Discretionary,Services-Misc. Amusement & Recreation
MSGS,Madison Square Garden Sports Corp. Class A Common Stock (New),$321.56,-0.36,-0.112%,7739734719.00,United States,2015,193647,Consumer Discretionary,Services-Misc. Amusement & Recreation
MSI,Motorola Solutions Inc. Common Stock,$478.21,-2.01,-0.419%,79219748308.00,United States,,736531,Technology,Radio And Television Broadcasting And Communications Equipment
MSM,MSC Industrial Direct Company Inc. Common Stock,$91.54,-1.36,-1.464%,5108234723.00,United States,1995,657828,Industrials,Industrial Machinery/Components
MSTR,Strategy Inc Common Stock Class A,$146.44,13.76,10.371%,48874746560.00,United States,1998,37255181,Technology,Computer Software: Prepackaged Software
MT,Arcelor Mittal NY Registry Shares NEW,$61.16,1.09,1.815%,47004311402.00,Luxembourg,,1652920,Industrials,Steel/Iron Ore
MTB,M&T Bank Corporation Common Stock,$219.24,0.26,0.119%,32666815248.00,United States,,783946,Finance,Major Banks
MTCH,Match Group Inc. Common Stock,$30.80,0.00,0.00%,7165449892.00,United States,,3881652,Technology,Computer Software: Programming Data Processing
MTD,Mettler-Toledo International Inc. Common Stock,$1286.66,-30.05,-2.282%,26151686165.00,Switzerland,1997,318565,Industrials,Biotechnology: Laboratory Analytical Instruments
MTDR,Matador Resources Company Common Stock,$53.53,0.03,0.056%,6651099342.00,United States,2012,1986322,Energy,Oil & Gas Production
MTG,MGIC Investment Corporation Common Stock,$26.90,0.18,0.674%,5782245384.00,United States,1991,1909470,Finance,Property-Casualty Insurers
MTH,Meritage Homes Corporation Common Stock,$71.44,-0.64,-0.888%,4772239436.00,United States,,618811,Consumer Discretionary,Homebuilding
MTN,Vail Resorts Inc. Common Stock,$136.35,-1.73,-1.253%,4877999651.00,United States,1997,503131,Consumer Discretionary,Services-Misc. Amusement & Recreation
MTRN,Materion Corporation,$160.11,-1.15,-0.713%,3320075063.00,United States,,298675,Industrials,Industrial Specialties
MTSI,MACOM Technology Solutions Holdings Inc. Common Stock,$239.00,-2.01,-0.834%,17927860830.00,United States,2012,850677,Technology,Semiconductors
MTX,Minerals Technologies Inc. Common Stock,$71.65,0.72,1.015%,2224631115.00,United States,1992,202287,Basic Materials,Major Chemicals
MTZ,MasTec Inc. Common Stock,$303.87,3.13,1.041%,23973771992.00,United States,,814762,Industrials,Water Sewer Pipeline Comm & Power Line Construction
MUR,Murphy Oil Corporation Common Stock,$34.05,-0.82,-2.352%,4863373486.00,United States,,2052822,Energy,Oil & Gas Production
MUSA,Murphy USA Inc. Common Stock,$414.83,4.82,1.176%,7689017996.00,United States,2013,294734,Consumer Discretionary,Retail-Auto Dealers and Gas Stations
MWA,MUELLER WATER PRODUCTS Common Stock,$29.54,0.18,0.613%,4619622294.00,United States,2006,596518,Industrials,Metal Fabrications
MWH,SOLV Energy Inc. Class A Common Stock,$29.71,-0.38,-1.263%,5924632604.00,United States,2026,460494,Industrials,Military/Government/Technical
MYRG,MYR Group Inc. Common Stock,$274.62,4.90,1.817%,4267614847.00,United States,2008,299326,Industrials,Water Sewer Pipeline Comm & Power Line Construction
MZTI,The Marzetti Company Common Stock,$168.32,2.00,1.203%,4615839360.00,United States,,173203,Consumer Staples,Packaged Foods
NAMS,NewAmsterdam Pharma Company N.V. Ordinary Shares,$31.18,0.775,2.549%,3584933658.00,Netherlands,,883682,Health Care,Biotechnology: Pharmaceutical Preparations
NAMSW,NewAmsterdam Pharma Company N.V. Warrant,$20.05,0.00,0.00%,2305257211.00,Netherlands,,2,Health Care,Biotechnology: Pharmaceutical Preparations
NAN,Nuveen New York Quality Municipal Income Fund Common Stock,$11.49,-0.04,-0.347%,3473608542.00,United States,1999,82150,Finance,Investment Managers
NATL,NCR Atleos Corporation Common Stock,$47.24,-0.82,-1.706%,3475031230.00,United States,2023,1837210,Miscellaneous,Office Equipment/Supplies/Services
NAVN,Navan Inc. Class A Common Stock,$10.36,0.52,5.285%,2575952513.00,United States,2025,927052,Technology,Computer Software: Prepackaged Software
NBIS,Nebius Group N.V. Class A Ordinary Shares,$97.78,10.98,12.65%,23282281495.00,Netherlands,2011,12927773,Technology,Computer Software: Programming Data Processing
NBIX,Neurocrine Biosciences Inc. Common Stock,$133.44,2.30,1.754%,13392500503.00,United States,1996,1379595,Health Care,Biotechnology: Biological Products (No Diagnostic Substances)
NBTB,NBT Bancorp Inc. Common Stock,$43.01,0.34,0.797%,2245311674.00,United States,,186031,Finance,Major Banks
NCLH,Norwegian Cruise Line Holdings Ltd. Ordinary Shares,$21.11,-0.16,-0.752%,9616568482.00,United States,,29712832,Consumer Discretionary,Marine Transportation
NDAQ,Nasdaq Inc. Common Stock,$89.13,1.715,1.962%,50665400885.00,United States,,2986879,Finance,Investment Bankers/Brokers/Service
NDSN,Nordson Corporation Common Stock,$288.42,0.64,0.222%,16089105335.00,United States,,205627,Industrials,Industrial Machinery/Components
NE,Noble Corporation plc A Ordinary Shares,$45.82,0.15,0.328%,7294424776.00,United States,2022,1306717,Energy,Oil & Gas Production
NEE,NextEra Energy Inc. Common Stock,$92.60,0.01,0.011%,192934133866.00,United States,,9383734,Technology,EDP Services
NEM,Newmont Corporation,$119.37,0.85,0.717%,129859544686.00,United States,,7845829,Basic Materials,Precious Metals
NEOG,Neogen Corporation Common Stock,$10.80,-0.10,-0.917%,2349280595.00,United States,1989,1993692,Health Care,Biotechnology: In Vitro & In Vivo Diagnostic Substances
NESR,National Energy Services Reunited Corp Ordinary Shares,$22.59,-0.80,-3.42%,2276569576.00,United States,,3360426,Energy,Oilfield Services/Equipment
NET,Cloudflare Inc. Class A Common Stock,$185.89,6.98,3.901%,65429617595.00,United States,2019,2742965,Technology,Computer Software: Prepackaged Software
NEU,NewMarket Corp Common Stock,$638.71,6.96,1.102%,6002190360.00,United States,,163630,Industrials,Major Chemicals
NFG,National Fuel Gas Company Common Stock,$93.53,0.61,0.656%,8887821343.00,United States,,774060,Utilities,Oil/Gas Transmission
NG,Novagold Resources Inc.,$12.69,-0.03,-0.236%,5164760598.00,Canada,2003,2821630,Basic Materials,Precious Metals
NGD,New Gold Inc.,$11.78,-0.13,-1.092%,9326226000.00,Canada,,11494318,Basic Materials,Metal Mining
NGG,National Grid Transco PLC National Grid PLC (NEW) American Depositary Shares,$90.43,-0.31,-0.342%,89734500790.00,United Kingdom,,1128414,Utilities,Natural Gas Distribution
NGVT,Ingevity Corporation Common Stock ,$69.88,-0.78,-1.104%,2466196854.00,United States,2016,304907,Industrials,Major Chemicals
NHC,National HealthCare Corporation Common Stock,$172.83,2.32,1.361%,2686004434.00,United States,1986,63117,Health Care,Hospital/Nursing Management
NHI,National Health Investors Inc. Common Stock,$84.88,-1.87,-2.156%,4107545554.00,United States,,315064,Real Estate,Real Estate Investment Trusts
NI,NiSource Inc Common Stock,$47.56,0.82,1.754%,22759037613.00,United States,,4458919,Utilities,Power Generation
NIC,Nicolet Bankshares Inc. Common Stock,$154.46,-0.56,-0.361%,3300323805.00,United States,2022,241689,Finance,Major Banks
NIO,NIO Inc. American depositary shares each  representing one Class A ordinary share,$4.84,0.25,5.447%,10870594494.00,United States,2018,52622102,Industrials,Auto Manufacturing
NJR,NewJersey Resources Corporation Common Stock,$55.23,-0.02,-0.036%,5569679568.00,United States,,581102,Utilities,Oil/Gas Transmission
NKE,Nike Inc. Common Stock,$58.64,-0.75,-1.263%,86809682693.00,United States,,15938290,Consumer Discretionary,Shoe Manufacturing
NLY,Annaly Capital Management Inc. Common Stock,$22.95,-0.09,-0.391%,16486981099.00,United States,,6955494,Real Estate,Real Estate Investment Trusts
NMFCZ,New Mountain Finance Corporation 8.250% Notes due 2028,$25.1901,0.0201,0.08%,2679243244.00,United States,,2660,,
NMIH,NMI Holdings Inc. Common Stock,$39.23,0.16,0.41%,2982759957.00,United States,2013,319325,Finance,Property-Casualty Insurers
NMM,Navios Maritime Partners LP Common Units Representing Limited Partner Interests,$71.48,0.39,0.549%,2152244144.00,Greece,2007,153004,Consumer Discretionary,Marine Transportation
NMRK,Newmark Group Inc. Class A Common Stock,$15.08,0.50,3.429%,2781319219.00,United States,2017,2014854,Finance,Real Estate
NN,NextNav Inc. Common Stock,$16.36,-0.70,-4.103%,2205803880.00,United States,,2518000,Industrials,Industrial Machinery/Components
NNI,Nelnet Inc. Common Stock,$135.98,0.59,0.436%,4878276653.00,United States,2003,71920,Finance,Finance: Consumer Services
NNN,NNN REIT Inc. Common Stock,$45.01,-0.42,-0.924%,8549174239.00,United States,,1503247,Real Estate,Real Estate Investment Trusts
NNNN,Anbio Biotechnology Class A Ordinary Shares,$24.22,1.11,4.803%,3485044864.00,Germany,2025,31464,Health Care,Biotechnology: In Vitro & In Vivo Diagnostic Substances
NOC,Northrop Grumman Corporation Common Stock,$753.84,-5.27,-0.694%,106986194775.00,United States,,1204068,Industrials,Industrial Machinery/Components
NOG,Northern Oil and Gas Inc. Common Stock,$28.38,0.29,1.032%,2761222479.00,United States,2022,2756646,Energy,Oil & Gas Production
NOK,Nokia Corporation Sponsored American Depositary Shares,$8.15,0.08,0.991%,45687680312.00,Finland,1994,69133135,Technology,Radio And Television Broadcasting And Communications Equipment
NOV,NOV Inc. Common Stock,$19.51,0.07,0.36%,7031492653.00,United States,,6583111,Consumer Discretionary,Oil and Gas Field Machinery
NOVT,Novanta Inc. Common Stock,$140.64,2.46,1.78%,5018565272.00,United States,,512011,Miscellaneous,Industrial Machinery/Components
NOVTU,Novanta Inc. Tangible Equity Units,$60.71,0.00,0.00%,2166361616.00,United States,,1747,Miscellaneous,Industrial Machinery/Components
NOW,ServiceNow Inc. Common Stock,$113.86,0.67,0.592%,119097560000.00,United States,2012,17416767,Technology,Computer Software: Prepackaged Software
NPO,Enpro Inc. Common Stock,$262.67,5.94,2.314%,5581212423.00,United States,,158763,Industrials,Metal Fabrications
NRG,NRG Energy Inc. Common Stock,$163.54,1.48,0.913%,35031162400.00,United States,,9060966,Utilities,Electric Utilities: Central
NSA,National Storage Affiliates Trust Common Shares of Beneficial Interest,$34.26,-0.32,-0.925%,2641873394.00,United States,2015,1528179,Real Estate,Real Estate Investment Trusts
NSC,Norfolk Southern Corporation Common Stock,$317.83,0.57,0.18%,71375726706.00,United States,,2111661,Industrials,Railroads
NSIT,Insight Enterprises Inc. Common Stock,$87.15,0.93,1.079%,2701345149.00,United States,1995,360627,Consumer Discretionary,Catalog/Specialty Distribution
NTAP,NetApp Inc. Common Stock,$99.55,0.76,0.769%,19644241320.00,United States,1995,1393600,Technology,Electronic Components
NTCT,NetScout Systems Inc. Common Stock,$30.29,1.07,3.662%,2187554402.00,United States,1999,527248,Technology,EDP Services
NTNX,Nutanix Inc. Class A Common Stock,$40.32,-0.38,-0.934%,10693351751.00,United States,2016,3512815,Technology,Computer Software: Prepackaged Software
NTR,Nutrien Ltd. Common Shares,$73.59,-0.83,-1.115%,35569031295.00,Canada,2004,3228587,Industrials,Agricultural Chemicals
NTRA,Natera Inc. Common Stock,$203.03,-4.01,-1.937%,28775695688.00,United States,2015,859280,Health Care,Medical Specialities
NTRS,Northern Trust Corporation Common Stock,$145.07,2.83,1.99%,26958039381.00,United States,,1215569,Finance,Major Banks
NTRSO,Northern Trust Corporation Depositary Shares Each Representing a 1/1000th Interest in a Share of Series E Non-Cumulative Perpetual Preferred Stock,$19.83,0.07,0.354%,3684965333.00,United States,,27613,Finance,Major Banks
NTSK,Netskope Inc. Class A Common Stock,$10.59,0.34,3.317%,4164611338.00,United States,2025,1868046,Technology,Computer Software: Prepackaged Software
NTST,NetSTREIT Corp. Common Stock,$21.20,0.27,1.29%,2057966086.00,United States,2020,1677983,Real Estate,Real Estate Investment Trusts
NUE,Nucor Corporation Common Stock,$176.07,-1.33,-0.75%,40104276463.00,United States,,1061364,Industrials,Steel/Iron Ore
NUVL,Nuvalent Inc. Class A Common Stock,$102.67,2.45,2.445%,8071607493.00,United States,2021,590519,Health Care,Biotechnology: Pharmaceutical Preparations
NVO,Novo Nordisk A/S Common Stock,$38.50,1.84,5.019%,171902500000.00,Denmark,,26758603,Health Care,Biotechnology: Pharmaceutical Preparations
NVR,NVR Inc. Common Stock,$7251.27,-109.83,-1.492%,20258308075.00,United States,1998,18550,Consumer Discretionary,Homebuilding
NVST,Envista Holdings Corporation Common Stock,$28.43,-0.24,-0.837%,4658977537.00,United States,2019,1300790,Health Care,Medical/Dental Instruments
NVT,nVent Electric plc Ordinary Shares ,$113.83,2.18,1.953%,18409665798.00,United Kingdom,2018,2579736,Industrials,Industrial Machinery/Components
NVTS,Navitas Semiconductor Corporation Common Stock,$9.22,0.32,3.596%,2127909293.00,United States,,12718607,Technology,Semiconductors
NWE,NorthWestern Energy Group Inc. Common Stock,$71.67,0.89,1.257%,4403664317.00,United States,,464776,Utilities,Power Generation
NWG,NatWest Group plc American Depositary Shares (each representing two (2) Ordinary Shares),$16.12,0.16,1.003%,64577154418.00,United Kingdom,2022,5284694,Finance,Commercial Banks
NWN,Northwest Natural Holding Company Common Stock,$52.53,0.03,0.057%,2183348830.00,United States,,302046,Utilities,Oil/Gas Transmission
NWS,News Corporation Class B Common Stock,$26.69,0.47,1.793%,14823040421.00,United States,,1201854,Consumer Discretionary,Newspapers/Magazines
NWSA,News Corporation Class A Common Stock,$24.03,0.22,0.924%,13345734782.00,United States,,2523118,Consumer Discretionary,Newspapers/Magazines
NXE,Nexgen Energy Ltd. Common Shares,$12.77,0.41,3.317%,8358744966.00,Canada,2017,4983431,Basic Materials,Other Metals and Minerals
NXPI,NXP Semiconductors N.V. Common Stock,$216.37,1.12,0.52%,54675150873.00,Netherlands,2010,2372059,Technology,Semiconductors
NXST,Nexstar Media Group Inc. Common Stock,$245.53,1.98,0.813%,7446433103.00,United States,2003,297406,Industrials,Broadcasting
NXT,Nextpower Inc. Class A Common Stock,$103.88,2.72,2.689%,15423670571.00,United States,2023,2223230,Industrials,Industrial Machinery/Components
NYT,New York Times Company (The) Common Stock,$81.12,-0.29,-0.356%,13079682127.00,United States,,3102885,Consumer Discretionary,Newspapers/Magazines
O,Realty Income Corporation Common Stock,$66.00,-0.56,-0.841%,61541054388.00,United States,,7201844,Real Estate,Real Estate Investment Trusts
OBDC,Blue Owl Capital Corporation Common Stock,$11.55,0.05,0.435%,5768630163.00,United States,2019,6845640,Finance,Diversified Financial Services
OC,Owens Corning Inc Common Stock New,$116.85,2.29,1.999%,9392772830.00,United States,,2017375,Industrials,Industrial Machinery/Components
OCUL,Ocular Therapeutix Inc. Common Stock,$11.04,0.28,2.602%,2403317240.00,United States,2014,5968886,Health Care,Biotechnology: Pharmaceutical Preparations
ODFL,Old Dominion Freight Line Inc. Common Stock,$216.19,8.54,4.113%,45059534572.00,United States,1991,3092051,Industrials,Trucking Freight/Courier Services
OGE,OGE Energy Corp Common Stock,$48.89,0.07,0.143%,10084003586.00,United States,,1441459,Utilities,Electric Utilities: Central
OGS,ONE Gas Inc. Common Stock,$87.70,0.44,0.504%,5498138740.00,United States,2014,379395,Utilities,Oil/Gas Transmission
OHI,Omega Healthcare Investors Inc. Common Stock,$47.38,-0.08,-0.169%,14004106600.00,United States,1992,1501017,Real Estate,Real Estate Investment Trusts
OII,Oceaneering International Inc. Common Stock,$35.14,-0.03,-0.085%,3492696129.00,United States,,942029,Energy,Oilfield Services/Equipment
OKE,ONEOK Inc. Common Stock,$84.76,-0.02,-0.024%,53380460818.00,United States,,3948824,Utilities,Oil & Gas Production
OKLO,Oklo Inc. Class A common stock,$65.65,2.35,3.712%,10257620474.00,United States,2021,6150116,Utilities,Electric Utilities: Central
OKTA,Okta Inc. Class A Common Stock,$71.74,-0.78,-1.076%,12714496055.00,United States,2017,6810274,Technology,Computer Software: Prepackaged Software
OLED,Universal Display Corporation Common Stock,$101.52,-2.22,-2.14%,4781417792.00,United States,,528143,Technology,Electrical Products
OLLI,Ollie's Bargain Outlet Holdings Inc. Common Stock,$108.79,5.23,5.05%,6672368006.00,United States,2015,1052191,Consumer Discretionary,Department/Specialty Retail Stores
OLN,Olin Corporation Common Stock,$24.47,0.12,0.493%,2780692472.00,United States,,3140489,Industrials,Major Chemicals
OMAB,Grupo Aeroportuario del Centro Norte S.A.B. de C.V. ADS,$116.18,3.33,2.951%,5608145460.00,Mexico,2006,72826,Consumer Discretionary,Aerospace
OMC,Omnicom Group Inc. Common Stock,$85.80,1.18,1.394%,26626858315.00,United States,,3632645,Consumer Discretionary,Advertising
OMF,OneMain Holdings Inc. Common Stock,$54.55,-0.38,-0.692%,6390645091.00,United States,2013,1943447,Finance,Finance: Consumer Services
ON,ON Semiconductor Corporation Common Stock,$62.53,-0.89,-1.403%,24638103741.00,United States,,7492744,Technology,Semiconductors
ONB,Old National Bancorp Common Stock,$23.54,0.07,0.298%,9172902420.00,United States,,3059522,Finance,Major Banks
ONBPO,Old National Bancorp Depositary Shares Each Representing a 1/40th Interest in a Share of Series C Preferred Stock,$25.27,-0.02,-0.079%,9847036710.00,United States,,3333,Finance,Major Banks
ONBPP,Old National Bancorp Depositary Shares Each Representing a 1/40th Interest in a Share of Series A Preferred Stock,$25.20,-0.092,-0.364%,9819759600.00,United States,,17928,Finance,Major Banks
ONDS,Ondas Inc. Common Stock,$10.51,0.49,4.89%,4724911313.00,United States,,104584684,Technology,Radio And Television Broadcasting And Communications Equipment
ONTO,Onto Innovation Inc. Common Stock,$209.04,1.54,0.742%,10389781543.00,United States,,635558,Industrials,Industrial Machinery/Components
OPCH,Option Care Health Inc. Common Stock,$30.72,-0.48,-1.538%,4806081700.00,United States,,3360768,Health Care,Medical/Nursing Services
OPEN,Opendoor Technologies Inc Common Stock,$4.88,-0.09,-1.811%,4676628347.00,United States,,28820737,Finance,Real Estate
OPLN,OPENLANE Inc. Common Stock,$28.70,0.38,1.342%,3050730472.00,United States,,1010489,Consumer Discretionary,Retail-Auto Dealers and Gas Stations
OR,OR Royalties Inc. Common Shares,$44.02,-0.07,-0.159%,8277961000.00,Canada,2016,1064011,Basic Materials,Precious Metals
ORA,Ormat Technologies Inc. Common Stock,$107.78,1.72,1.622%,6557918398.00,United States,2004,710625,Utilities,Electric Utilities: Central
ORI,Old Republic International Corporation Common Stock,$42.46,0.09,0.212%,10433709090.00,United States,,1598064,Finance,Property-Casualty Insurers
ORLY,O'Reilly Automotive Inc. Common Stock,$94.27,0.40,0.426%,79044172695.00,United States,1993,6029452,Consumer Discretionary,Auto & Home Supply Stores
OS,OneStream Inc. Class A Common Stock,$23.70,-0.01,-0.042%,5826394610.00,United States,2024,1629405,Technology,Computer Software: Prepackaged Software
OSCR,Oscar Health Inc. Class A Common Stock,$15.05,1.38,10.095%,4481107400.00,United States,2021,10711093,Health Care,Medical Specialities
OSIS,OSI Systems Inc. Common Stock (DE),$288.58,1.68,0.586%,4753648190.00,United States,1997,275474,Technology,Semiconductors
OSK,Oshkosh Corporation (Holding Company)Common Stock,$166.99,-1.01,-0.601%,10444995891.00,United States,,790615,Industrials,Auto Manufacturing
OTEX,Open Text Corporation Common Shares,$25.06,0.31,1.253%,6280105592.00,Canada,1996,1689642,Technology,EDP Services
OTF,Blue Owl Technology Finance Corp. Common Stock,$11.92,0.11,0.931%,5546733493.00,United States,2025,1651969,,
OTIS,Otis Worldwide Corporation Common Stock ,$91.15,-1.24,-1.342%,35431898459.00,United States,2020,2195891,Technology,Consumer Electronics/Appliances
OTTR,Otter Tail Corporation Common Stock,$89.27,2.79,3.226%,3745191177.00,United States,,266401,Utilities,Electric Utilities: Central
OUT,OUTFRONT Media Inc. Common Stock,$28.92,0.19,0.661%,5091370887.00,United States,2014,1168268,Real Estate,Real Estate Investment Trusts
OVV,Ovintiv Inc. (DE),$51.72,-0.07,-0.135%,13098532723.00,Canada,,4222554,Energy,Oil & Gas Production
OWL,Blue Owl Capital Inc. Class A Common Stock,$10.34,0.07,0.682%,16074249571.00,United States,2020,31789368,Finance,Investment Managers
OXLCL,Oxford Lane Capital Corp. 6.75% Notes due 2031,$24.26,-0.22,-0.899%,4211536000.00,United States,,2843,Finance,Finance Companies
OXLCN,Oxford Lane Capital Corp. 7.125% Series 2029 Term Preferred Stock,$24.43,0.158,0.651%,4241048000.00,United States,,4380,Finance,Investment Managers
OXLCO,Oxford Lane Capital Corp. Preferred Stock Shares 6.00% Series 2029,$23.49,0.22,0.945%,4077864000.00,United States,,2477,Finance,Investment Managers
OXLCP,Oxford Lane Capital Corp. 6.25% Series 2027 Term Preferred Shares,$24.67,0.11,0.448%,4282712000.00,United States,,9609,Finance,Investment Managers
OXLCZ,Oxford Lane Capital Corp. 5.00% Notes due 2027,$24.63,0.11,0.449%,4275768000.00,United States,,17373,Finance,Finance Companies
OXY,Occidental Petroleum Corporation Common Stock,$53.61,-0.07,-0.13%,52873755428.00,United States,,15044972,Energy,Oil & Gas Production
OZK,Bank OZK Common Stock,$46.83,-0.31,-0.658%,5298165062.00,United States,,1212488,Finance,Major Banks
PAA,Plains All American Pipeline L.P. Common Units representing Limited Partner Interests,$21.83,0.44,2.057%,15401756640.00,United States,1998,4636533,Energy,Natural Gas Distribution
PAAS,Pan American Silver Corp. Common Stock,$61.85,0.26,0.422%,26093525400.00,Canada,,5310463,Basic Materials,Precious Metals
PAC,Grupo Aeroportuario Del Pacifico S.A. B. de C.V. Grupo Aeroportuario Del Pacifico S.A. de C.V. (each representing 10 Series B shares),$249.71,8.15,3.374%,12617283454.00,Mexico,2006,103491,Consumer Discretionary,Aerospace
PACS,PACS Group Inc. Common Stock,$36.35,-0.52,-1.41%,5712948804.00,United States,2024,819106,Health Care,Hospital/Nursing Management
PAG,Penske Automotive Group Inc. Common Stock,$158.83,1.91,1.217%,10444674618.00,United States,,354547,Consumer Discretionary,Retail-Auto Dealers and Gas Stations
PAGP,Plains GP Holdings L.P. Class A Units representing Limited Partner Interests,$23.45,0.37,1.603%,4640851708.00,United States,,1819367,Energy,Natural Gas Distribution
PAHC,Phibro Animal Health Corporation Class A Common Stock,$51.89,-0.26,-0.499%,2103346413.00,United States,2014,166587,Health Care,Biotechnology: Pharmaceutical Preparations
PANW,Palo Alto Networks Inc. Common Stock,$158.56,2.47,1.582%,129384960000.00,United States,,9537973,Technology,Computer peripheral equipment
PARR,Par Pacific Holdings Inc.  Common Stock,$49.68,3.92,8.566%,2434487422.00,United States,,2081908,Energy,Oil & Gas Production
PATH,UiPath Inc. Class A Common Stock,$11.07,0.03,0.272%,5919679002.00,United States,2021,35619678,Technology,Computer Software: Prepackaged Software
PATK,Patrick Industries Inc. Common Stock,$121.03,-1.80,-1.465%,4022397556.00,United States,,298667,Consumer Discretionary,Auto Parts:O.E.M.
PAY,Paymentus Holdings Inc. Class A Common Stock,$25.34,-0.29,-1.131%,3185633076.00,United States,2021,729457,Real Estate,Real Estate
PAYC,Paycom Software Inc. Common Stock,$134.11,2.30,1.745%,7278833259.00,United States,2014,2027379,Technology,Computer Software: Prepackaged Software
PAYX,Paychex Inc. Common Stock,$95.79,0.23,0.241%,34385492036.00,United States,1983,2693948,Industrials,Diversified Commercial Services
PB,Prosperity Bancshares Inc. Common Stock,$69.75,-0.29,-0.414%,7085311160.00,United States,,926734,Finance,Major Banks
PBA,Pembina Pipeline Corp. Ordinary Shares (Canada),$44.50,0.10,0.225%,25864779500.00,Canada,,1324839,Energy,Oil & Gas Production
PBF,PBF Energy Inc. Class A Common Stock,$44.80,5.04,12.676%,5238321805.00,United States,2012,6984674,Energy,Integrated oil Companies
PBH,Prestige Consumer Healthcare Inc. Common Stock,$69.07,0.07,0.101%,3268304681.00,United States,2005,525189,Health Care,Biotechnology: Pharmaceutical Preparations
PCAR,PACCAR Inc. Common Stock,$124.92,3.73,3.078%,65694733820.00,United States,,4847932,Consumer Discretionary,Motor Vehicles
PCG,Pacific Gas & Electric Co. Common Stock,$18.88,-0.04,-0.211%,49302602654.00,United States,,19681191,Utilities,Power Generation
PCOR,Procore Technologies Inc. Common Stock,$57.91,1.41,2.496%,8692318913.00,United States,2021,3252914,Technology,Computer Software: Prepackaged Software
PCTY,Paylocity Holding Corporation Common Stock,$114.49,0.89,0.783%,6168342467.00,United States,2014,647808,Technology,Computer Software: Prepackaged Software
PCVX,Vaxcyte Inc. Common Stock,$60.13,0.31,0.518%,8653931307.00,United States,2020,1486010,Health Care,Biotechnology: Pharmaceutical Preparations
PDI,PIMCO Dynamic Income Fund Common Stock,$17.91,-0.01,-0.056%,4353741900.00,United States,2012,3640113,Finance,Trusts Except Educational Religious and Charitable
PECO,Phillips Edison & Company Inc. Common Stock,$39.40,-0.26,-0.656%,4956520000.00,United States,2021,888729,Real Estate,Real Estate Investment Trusts
PEG,Public Service Enterprise Group Incorporated Common Stock,$83.91,-0.05,-0.06%,41849265848.00,United States,,3386788,Utilities,Power Generation
PEGA,Pegasystems Inc. Common Stock,$47.05,2.04,4.532%,7953506838.00,United States,1996,2481318,Technology,EDP Services
PEN,Penumbra Inc. Common Stock,$339.61,-0.55,-0.162%,13327333229.00,United States,2015,721705,Health Care,Medical/Dental Instruments
PENN,PENN Entertainment Inc. Common Stock,$15.27,0.34,2.277%,2039251589.00,United States,1994,4277054,Consumer Discretionary,Hotels/Resorts
PFE,Pfizer Inc. Common Stock,$26.62,0.04,0.15%,151368439013.00,United States,,30871832,Health Care,Biotechnology: Pharmaceutical Preparations
PFG,Principal Financial Group Inc Common Stock,$93.50,-0.17,-0.181%,20326900000.00,United States,2001,1430739,Finance,Accident &Health Insurance
PFGC,Performance Food Group Company Common Stock,$90.82,-1.23,-1.336%,14267728546.00,United States,2015,1395421,Consumer Discretionary,Food Distributors
PFH,Prudential Financial Inc. 4.125% Junior Subordinated Notes due 2060,$17.35,-0.01,-0.058%,6193950000.00,United States,2020,17611,Finance,Life Insurance
PFS,Provident Financial Services Inc Common Stock,$21.55,0.13,0.607%,2964546567.00,United States,2003,710579,Finance,Savings Institutions
PFSI,PennyMac Financial Services Inc. Common Stock,$90.67,0.91,1.014%,4730051706.00,United States,2013,645738,Finance,Finance: Consumer Services
PGR,Progressive Corporation (The) Common Stock,$211.40,-1.95,-0.914%,123860603024.00,United States,,3300808,Finance,Property-Casualty Insurers
PH,Parker-Hannifin Corporation Common Stock,$987.79,-0.88,-0.089%,124675425181.00,United States,,645858,Industrials,Metal Fabrications
PHG,Koninklijke Philips N.V. NY Registry Shares,$30.93,0.59,1.945%,29423366729.00,Netherlands,,816502,Health Care,Medical Electronics
PHIN,PHINIA Inc. Common Stock,$72.24,0.45,0.627%,2738991303.00,United States,2023,452445,Consumer Discretionary,Auto Parts:O.E.M.
PHM,PulteGroup Inc. Common Stock,$132.18,0.15,0.114%,25397272326.00,United States,,1270699,Consumer Discretionary,Homebuilding
PI,Impinj Inc. Common Stock,$112.74,-3.90,-3.344%,3408320280.00,United States,2016,762093,Technology,Industrial Machinery/Components
PII,Polaris Inc. Common Stock,$56.04,-1.39,-2.42%,3176945091.00,United States,,654879,Consumer Discretionary,Industrial Specialties
PINS,Pinterest Inc. Class A Common Stock,$19.38,0.28,1.466%,12890386514.00,United States,2019,25926521,Technology,Computer Software: Programming Data Processing
PIPR,Piper Sandler Companies Common Stock,$302.59,3.38,1.13%,5392890607.00,United States,,165871,Finance,Investment Bankers/Brokers/Service
PJT,PJT Partners Inc. Class A Common Stock,$148.71,0.98,0.663%,3594989746.00,United States,2015,478994,Finance,Investment Managers
PK,Park Hotels & Resorts Inc. Common Stock ,$11.44,0.29,2.601%,2303998142.00,United States,2016,3492620,Consumer Discretionary,Hotels/Resorts
PKG,Packaging Corporation of America Common Stock,$232.55,1.13,0.488%,20746574775.00,United States,2000,766337,Consumer Discretionary,Containers/Packaging
PL,Planet Labs PBC Class A Common Stock,$26.00,0.70,2.767%,8713669588.00,United States,2021,8652164,Technology,Radio And Television Broadcasting And Communications Equipment
PLAB,Photronics Inc. Common Stock,$37.99,2.73,7.742%,2200486146.00,United States,1987,1159568,Technology,Semiconductors
PLD,Prologis Inc. Common Stock,$139.42,-1.58,-1.121%,129599115780.00,United States,,3018599,Real Estate,Real Estate Investment Trusts
PLMR,Palomar Holdings Inc. Common stock,$124.41,-0.44,-0.352%,3320471175.00,United States,2019,164852,Finance,Property-Casualty Insurers
PLNT,Planet Fitness Inc. Common Stock,$81.39,-1.44,-1.739%,6512340844.00,United States,2015,1686646,Consumer Discretionary,Hotels/Resorts
PLUG,Plug Power Inc. Common Stock,$2.48,0.25,11.211%,3457008720.00,United States,1999,129258473,Energy,Industrial Machinery/Components
PLUS,ePlus inc. Common Stock,$80.57,0.74,0.927%,2126448640.00,United States,1996,95275,Technology,Retail: Computer Software & Peripheral Equipment
PLXS,Plexus Corp. Common Stock,$197.97,4.06,2.094%,5302916674.00,United States,,409368,Technology,Electrical Products
PMTU,PennyMac Mortgage Investment Trust 8.50% Senior Notes due 2028,$25.75,-0.04,-0.155%,2240677553.00,United States,2023,2298,Real Estate,Real Estate Investment Trusts
PNC,PNC Financial Services Group Inc. (The) Common Stock,$213.86,0.81,0.38%,86264905593.00,United States,,1768270,Finance,Major Banks
PNFP,Pinnacle Financial Partners Inc. Common stock,$91.51,0.28,0.307%,13836312000.00,United States,,2732420,Finance,Major Banks
PNR,Pentair plc. Ordinary Share,$96.93,-0.64,-0.656%,15822436983.00,Switzerland,,2192188,Industrials,Industrial Machinery/Components
PNW,Pinnacle West Capital Corporation Common Stock,$102.99,0.99,0.971%,12452046116.00,United States,,1513568,Utilities,Electric Utilities: Central
PODD,Insulet Corporation Common Stock,$242.89,1.05,0.434%,17098447521.00,United States,2007,1000973,Health Care,Medical/Dental Instruments
POOL,Pool Corporation Common Stock,$220.31,-0.91,-0.411%,8104724624.00,United States,1995,686114,Consumer Discretionary,Industrial Specialties
POR,Portland General Electric Co Common Stock,$54.17,0.32,0.594%,6260017212.00,United States,,1169384,Utilities,Electric Utilities: Central
POST,Post Holdings Inc. Common Stock,$106.59,-0.07,-0.066%,5097583503.00,United States,2012,678274,Consumer Staples,Packaged Foods
POWI,Power Integrations Inc. Common Stock,$46.97,-1.03,-2.146%,2607022880.00,United States,1997,1216894,Technology,Semiconductors
POWL,Powell Industries Inc. Common Stock,$512.89,1.77,0.346%,6227655528.00,United States,,241639,Energy,Electrical Products
POWWP,Outdoor Holding Company 8.75% Series A Cumulative Redeemable Perpetual Preferred Stock,$24.39,-0.11,-0.449%,2860671930.00,United States,,3523,Industrials,Ordnance And Accessories
PPC,Pilgrim's Pride Corporation Common Stock,$41.45,-0.46,-1.098%,9846341678.00,United States,,703493,Consumer Staples,Meat/Poultry/Fish
PPG,PPG Industries Inc. Common Stock,$117.70,-0.48,-0.406%,26305327838.00,United States,,2530474,Consumer Discretionary,Paints/Coatings
PPL,PPL Corporation Common Stock,$38.59,0.34,0.889%,28992929103.00,United States,,8289939,Utilities,Electric Utilities: Central
PPTA,Perpetua Resources Corp. Common Shares,$34.20,-0.11,-0.321%,4168045724.00,Canada,,1210525,Basic Materials,Precious Metals
PR,Permian Resources Corporation Class A Common Stock,$18.53,0.14,0.761%,15495924131.00,United States,2022,17381175,Energy,Oil & Gas Production
PRAX,Praxis Precision Medicines Inc. Common Stock,$325.11,6.89,2.165%,9054584317.00,United States,2020,338963,Health Care,Biotechnology: Pharmaceutical Preparations
PRDO,Perdoceo Education Corporation Common Stock,$34.24,0.36,1.063%,2139259492.00,United States,,682816,Real Estate,Other Consumer Services
PRH,Prudential Financial Inc. 5.950% Junior Subordinated Notes due 2062,$24.7949,0.0149,0.06%,8727804800.00,United States,2022,20580,Finance,Life Insurance
PRI,Primerica Inc. Common Stock,$262.44,1.30,0.498%,8308825731.00,United States,2010,160016,Finance,Life Insurance
PRIM,Primoris Services Corporation Common Stock,$144.61,-2.47,-1.679%,7817110754.00,United States,,678530,Industrials,Water Sewer Pipeline Comm & Power Line Construction
PRK,Park National Corporation Common Stock,$166.90,0.00,0.00%,3015280992.00,United States,1994,57992,Finance,Major Banks
PRM,Perimeter Solutions SA Common Stock,$24.15,-0.21,-0.862%,3608977449.00,Luxembourg,,1139305,Industrials,Major Chemicals
PRMB,Primo Brands Corporation Class A Common Stock,$22.65,-0.36,-1.565%,8229401035.00,United States,2024,5665140,Consumer Staples,Beverages (Production/Distribution)
PRS,Prudential Financial Inc. 5.625% Junior Subordinated Notes due 2058,$24.11,-0.02,-0.083%,8486720000.00,United States,2018,15797,Finance,Life Insurance
PRU,Prudential Financial Inc. Common Stock,$98.79,0.04,0.041%,34378920000.00,United States,2001,1754662,Finance,Life Insurance
PRVA,Privia Health Group Inc. Common Stock,$24.30,0.53,2.23%,3005625423.00,United States,2021,847944,Health Care,Medical/Nursing Services
PSA,Public Storage Common Stock,$310.76,4.62,1.509%,54540383470.00,United States,,949738,Real Estate,Real Estate Investment Trusts
PSKY,Paramount Skydance Corporation Class B Common Stock,$12.05,-0.40,-3.213%,13396480363.00,United States,,14231066,Industrials,Broadcasting
PSMT,PriceSmart Inc. Common Stock,$153.06,1.31,0.863%,4716607726.00,United States,,201916,Consumer Discretionary,Department/Specialty Retail Stores
PSN,Parsons Corporation Common Stock,$66.03,-0.63,-0.945%,7065969081.00,United States,2019,545173,Technology,EDP Services
PSO,Pearson Plc Common Stock,$13.10,0.22,1.708%,8328625488.00,United Kingdom,,1014000,Consumer Discretionary,Books
PSTG,Pure Storage Inc. Class A Common Stock,$61.36,-0.38,-0.615%,20259332383.00,United States,2015,4553296,Technology,Electronic Components
PSX,Phillips 66 Common Stock,$164.72,4.94,3.092%,66010555304.00,United States,,2823109,Energy,Integrated oil Companies
PTC,PTC Inc. Common Stock,$162.97,-0.13,-0.08%,19392797025.00,United States,,1030992,Technology,Computer Software: Prepackaged Software
PTCT,PTC Therapeutics Inc. Common Stock,$64.29,-0.10,-0.155%,5321587392.00,United States,2013,1246677,Health Care,Biotechnology: Pharmaceutical Preparations
PTEN,Patterson-UTI Energy Inc. Common Stock,$8.87,0.04,0.453%,3366832024.00,United States,1993,8953691,Energy,Oil & Gas Production
PTGX,Protagonist Therapeutics Inc. Common Stock,$94.83,3.53,3.866%,6050980538.00,United States,2016,782751,Health Care,Biotechnology: Pharmaceutical Preparations
PTRN,Pattern Group Inc. Series A Common Stock,$11.48,0.17,1.503%,2023062116.00,United States,2025,873012,Consumer Discretionary,Catalog/Specialty Distribution
PUK,Prudential Public Limited Company Common Stock,$29.92,0.45,1.527%,38226374872.00,United Kingdom,,1210500,Finance,Life Insurance
PVH,PVH Corp. Common Stock,$66.09,-0.47,-0.706%,3027100179.00,United States,,553136,Industrials,Garments and Clothing
PWR,Quanta Services Inc. Common Stock,$568.38,2.38,0.42%,85040690487.00,United States,,1055739,Industrials,Engineering & Construction
PYPL,PayPal Holdings Inc. Common Stock,$46.75,0.51,1.103%,43041067339.00,United States,,14600193,Industrials,Diversified Commercial Services
Q,Qnity Electronics Inc. Common Stock,$120.03,3.91,3.367%,25165358607.00,United States,2025,2506982,Technology,Semiconductors
QCOM,QUALCOMM Incorporated Common Stock,$139.51,1.38,0.999%,148857170000.00,United States,1991,9305436,Technology,Radio And Television Broadcasting And Communications Equipment
QGEN,Qiagen N.V. Common Shares,$46.88,-0.77,-1.616%,9656915180.00,Netherlands,2026,1975058,Health Care,Biotechnology: Biological Products (No Diagnostic Substances)
QLYS,Qualys Inc. Common Stock,$98.08,0.69,0.708%,3499094822.00,United States,2012,618356,Technology,Computer Software: Prepackaged Software
QRVO,Qorvo Inc. Common Stock,$79.46,-1.81,-2.227%,7366393253.00,United States,,1251480,Technology,Semiconductors
QS,QuantumScape Corporation Class A Common Stock,$7.00,0.46,7.034%,4288073363.00,United States,,15114933,Miscellaneous,Industrial Machinery/Components
QSR,Restaurant Brands International Inc. Common Shares,$71.36,-0.78,-1.081%,32530186584.00,Canada,2014,4352648,Consumer Discretionary,Restaurants
QTWO,Q2 Holdings Inc. Common Stock,$49.99,-0.54,-1.069%,3119594556.00,United States,2014,2620352,Technology,Computer Software: Prepackaged Software
QXO,QXO Inc. Common Stock,$23.26,1.31,5.968%,16480900656.00,United States,,7470164,Consumer Discretionary,RETAIL: Building Materials
R,Ryder System Inc. Common Stock,$215.08,2.08,0.977%,8480003036.00,United States,,330200,Consumer Discretionary,Rental/Leasing Companies
RACE,Ferrari N.V. Common Shares,$365.09,3.96,1.097%,85410809918.00,Italy,2015,374126,Industrials,Auto Manufacturing
RAL,Ralliant Corporation Common Stock,$47.00,1.22,2.665%,5252629384.00,United States,2025,1437721,Industrials,Industrial Machinery/Components
RARE,Ultragenyx Pharmaceutical Inc. Common Stock,$21.80,-0.27,-1.223%,2106529378.00,United States,2014,2277102,Health Care,Biotechnology: Pharmaceutical Preparations
RBA,RB Global Inc. Common Stock,$103.27,2.75,2.736%,19176413047.00,Canada,,1629949,Real Estate,Real Estate
RBC,RBC Bearings Incorporated Common Stock,$570.08,1.50,0.264%,18025337287.00,United States,2022,224857,Industrials,Metal Fabrications
RBLX,Roblox Corporation Class A Common Stock,$67.40,0.43,0.642%,47766787568.00,United States,2021,6755881,Technology,Computer Software: Prepackaged Software
RBRK,Rubrik Inc. Class A Common Stock,$54.87,1.00,1.856%,10981766574.00,United States,2024,2568712,Technology,Computer Software: Prepackaged Software
RCB,Ready Capital Corporation 6.20% Senior Notes due 2026,$24.94,0.06,0.241%,4098322164.00,United States,2019,5438,Real Estate,Real Estate Investment Trusts
RCI,Rogers Communication Inc. Common Stock,$40.49,0.14,0.347%,21873721506.00,Canada,,827816,Telecommunications,Cable & Other Pay Television Services
RCL,Royal Caribbean Cruises Ltd. Common Stock,$287.21,-14.10,-4.68%,77698433905.00,United States,1993,2071183,Consumer Discretionary,Marine Transportation
RCUS,Arcus Biosciences Inc. Common Stock,$22.68,0.25,1.115%,2842926116.00,United States,2018,1017915,Health Care,Biotechnology: Pharmaceutical Preparations
RDDT,Reddit Inc. Class A Common Stock,$147.29,1.60,1.098%,28137660625.00,United States,2024,5045808,Technology,EDP Services
RDN,Radian Group Inc. Common Stock,$34.70,0.25,0.726%,4728652592.00,United States,,1494605,Finance,Property-Casualty Insurers
RDNT,RadNet Inc. Common Stock,$71.33,-1.25,-1.722%,5536072876.00,United States,,1065317,Health Care,Medical Specialities
REG,Regency Centers Corporation Common Stock,$79.60,-0.16,-0.201%,14559362256.00,United States,1993,1586726,Real Estate,Real Estate Investment Trusts
REGCO,Regency Centers Corporation 5.875% Series B Cumulative Redeemable Preferred Stock,$22.47,-0.03,-0.133%,4109910426.00,United States,,15694,Real Estate,Real Estate Investment Trusts
REGCP,Regency Centers Corporation 6.25% Series A Cumulative Redeemable Preferred Stock,$23.34,0.00,0.00%,4269039134.00,United States,,4379,Real Estate,Real Estate Investment Trusts
REGN,Regeneron Pharmaceuticals Inc. Common Stock,$787.50,20.84,2.718%,83254347225.00,United States,1991,641370,Health Care,Biotechnology: Pharmaceutical Preparations
RELX,RELX PLC PLC American Depositary Shares (Each representing One Ordinary Share),$34.18,-0.76,-2.175%,62343550779.00,United Kingdom,2015,3461568,Real Estate,Real Estate
RELY,Remitly Global Inc. Common Stock,$17.37,-0.21,-1.195%,3659066685.00,United States,2021,3677741,Real Estate,Real Estate
REXR,Rexford Industrial Realty Inc. Common Stock,$37.31,0.16,0.431%,8650093558.00,United States,2013,2605840,Real Estate,Real Estate Investment Trusts
REYN,Reynolds Consumer Products Inc. Common Stock,$23.36,-0.30,-1.268%,4913625515.00,United States,2020,554724,Consumer Discretionary,Containers/Packaging
REZI,Resideo Technologies Inc. Common Stock ,$37.26,-0.02,-0.054%,5635466983.00,United States,2018,1228935,Industrials,Wholesale Distributors
RF,Regions Financial Corporation Common Stock,$27.83,0.09,0.324%,24031391211.00,United States,,10896628,Finance,Major Banks
RGA,Reinsurance Group of America Incorporated Common Stock,$210.83,-2.01,-0.944%,13822683764.00,United States,,412068,Finance,Life Insurance
RGEN,Repligen Corporation Common Stock,$125.84,2.78,2.259%,7088706882.00,United States,1986,666490,Health Care,Biotechnology: Biological Products (No Diagnostic Substances)
RGLD,Royal Gold Inc. Common Stock,$281.20,0.21,0.075%,23848599558.00,United States,,901719,Industrials,Precious Metals
RGTI,Rigetti Computing Inc. Common Stock,$17.76,0.80,4.717%,5861263145.00,United States,,26983722,Technology,EDP Services
RGTIW,Rigetti Computing Inc. Warrants,$8.39,0.56,7.152%,2768918794.00,United States,,63632,Technology,EDP Services
RH,RH Common Stock,$150.99,-4.86,-3.118%,2835244772.00,United States,2012,942582,Consumer Discretionary,Other Specialty Stores
RHI,Robert Half Inc. Common Stock,$24.32,0.07,0.289%,2459812255.00,United States,,2524069,Consumer Discretionary,Professional Services
RHP,Ryman Hospitality Properties Inc. (REIT),$99.44,0.98,0.995%,6265319723.00,United States,,554930,Real Estate,Real Estate Investment Trusts
RIG,Transocean Ltd (Switzerland) Common Stock,$6.37,0.26,4.255%,7025146525.00,Switzerland,,34078098,Energy,Oil & Gas Production
RIOT,Riot Platforms Inc. Common Stock ,$16.53,1.24,8.11%,6266950284.00,United States,,21157035,Finance,Finance: Consumer Services
RITM,Rithm Capital Corp. Common Stock,$9.76,-0.19,-1.91%,5425509970.00,United States,,12649222,Real Estate,Real Estate Investment Trusts
RIVN,Rivian Automotive Inc. Class A Common Stock,$14.92,-0.18,-1.192%,18515567652.00,United States,2021,23800564,Industrials,Auto Manufacturing
RJF,Raymond James Financial Inc. Common Stock,$156.12,2.36,1.535%,30769852696.00,United States,,1054017,Finance,Investment Bankers/Brokers/Service
RKLB,Rocket Lab Corporation Common Stock,$71.91,1.78,2.538%,40805002238.00,United States,2020,17026563,Industrials,Military/Government/Technical
RKT,Rocket Companies Inc. Class A Common Stock,$16.63,0.20,1.217%,46893529720.00,United States,2020,29436143,Finance,Finance: Consumer Services
RL,Ralph Lauren Corporation Common Stock,$359.81,-1.07,-0.296%,21781606762.00,United States,1997,447008,Industrials,Garments and Clothing
RLI,RLI Corp. Common Stock (DE),$62.23,-1.06,-1.675%,5720192615.00,United States,,757748,Finance,Property-Casualty Insurers
RMBS,Rambus Inc. Common Stock,$92.04,4.45,5.08%,9921058973.00,United States,1997,2172252,Technology,Semiconductors
RMD,ResMed Inc. Common Stock,$259.05,0.77,0.298%,37737989779.00,United States,,664355,Health Care,Medical/Dental Instruments
RNG,RingCentral Inc. Class A Common Stock,$39.17,2.35,6.382%,3293122606.00,United States,2013,2781601,Technology,EDP Services
RNST,Renasant Corporation Common Stock,$38.67,0.25,0.651%,3640483012.00,United States,2023,761518,Finance,Major Banks
ROAD,Construction Partners Inc. Class A Common Stock,$136.00,0.75,0.555%,7686091136.00,United States,2018,614280,Industrials,Military/Government/Technical
ROIV,Roivant Sciences Ltd. Common Shares,$29.52,1.67,5.996%,21127497564.00,United Kingdom,,9917330,Health Care,Biotechnology: Pharmaceutical Preparations
ROK,Rockwell Automation Inc. Common Stock,$383.35,-15.15,-3.802%,43072404032.00,United States,,1519282,Industrials,Industrial Machinery/Components
ROKU,Roku Inc. Class A Common Stock,$97.51,3.44,3.657%,14375682730.00,United States,2017,4591038,Telecommunications,Cable & Other Pay Television Services
ROL,Rollins Inc. Common Stock,$58.00,-2.17,-3.606%,27903348818.00,United States,,3701775,Consumer Discretionary,Diversified Commercial Services
ROP,Roper Technologies Inc. Common Stock,$361.27,5.27,1.48%,37184623344.00,United States,1992,1612487,Technology,Computer Software: Programming Data Processing
ROST,Ross Stores Inc. Common Stock,$213.52,15.88,8.035%,69061961027.00,United States,1985,7734609,Consumer Discretionary,Clothing/Shoe/Accessory Stores
RPM,RPM International Inc. Common Stock,$108.87,-0.05,-0.046%,13943599608.00,United States,,787892,Consumer Discretionary,Paints/Coatings
RPRX,Royalty Pharma plc Class A Ordinary Shares ,$47.43,-0.05,-0.105%,27360315795.00,United States,2020,4344627,Health Care,Biotechnology: Pharmaceutical Preparations
RRC,Range Resources Corporation Common Stock,$41.55,0.03,0.072%,9780080550.00,United States,,4198757,Energy,Oil & Gas Production
RRR,Red Rock Resorts Inc. Class A Common Stock,$59.98,-0.715,-1.178%,6299509383.00,United States,2016,649704,Consumer Discretionary,Hotels/Resorts
RRX,Regal Rexnord Corporation Common Stock,$209.51,-5.34,-2.485%,13932327425.00,United States,1976,931991,Consumer Discretionary,Metal Fabrications
RS,Reliance Inc. Common Stock,$313.12,-0.79,-0.252%,16198723694.00,United States,1994,365151,Industrials,Metal Fabrications
RSG,Republic Services Inc. Common Stock,$231.57,-0.70,-0.301%,71509966903.00,United States,1998,985127,Utilities,Environmental Services
RSI,Rush Street Interactive Inc. Class A Common Stock,$20.38,0.39,1.951%,4735317966.00,United States,2020,1248108,Consumer Discretionary,Services-Misc. Amusement & Recreation
RTO,Rentokil Initial plc American Depositary Shares (each representing five (5) Ordinary Shares),$28.75,-0.47,-1.608%,7250750000.00,United States,2022,2504294,Consumer Discretionary,Other Consumer Services
RUM,Rumble Inc. Class A Common Stock,$5.55,0.15,2.778%,2413486448.00,United States,2021,1954655,Technology,Computer Software: Programming Data Processing
RUN,Sunrun Inc. Common Stock,$12.17,0.63,5.459%,2853772545.00,United States,2015,15396449,Miscellaneous,Industrial Machinery/Components
RUSHA,Rush Enterprises Inc. Common Stock Cl A,$71.31,-0.48,-0.669%,5486675189.00,United States,,436656,Consumer Discretionary,Retail-Auto Dealers and Gas Stations
RUSHB,Rush Enterprises Inc. Class B,$64.57,0.18,0.28%,4968091670.00,United States,,76761,Consumer Discretionary,Retail-Auto Dealers and Gas Stations
RVLV,Revolve Group Inc. Class A Common Stock,$24.70,0.48,1.982%,2037904177.00,United States,2019,906397,Consumer Discretionary,Catalog/Specialty Distribution
RVMD,Revolution Medicines Inc. Common Stock,$101.19,0.70,0.697%,20053166042.00,United States,2020,1568184,Health Care,Biotechnology: Biological Products (No Diagnostic Substances)
RVTY,Revvity Inc. Common Stock,$98.49,2.54,2.647%,11011120345.00,United States,,1179290,Industrials,Biotechnology: Laboratory Analytical Instruments
RWTN,Redwood Trust Inc. 9.125% Senior Notes Due 2029,$24.9462,-0.0338,-0.135%,3223634378.00,United States,2024,8487,Real Estate,Real Estate Investment Trusts
RWTO,Redwood Trust Inc. 9.00% Senior Notes Due 2029,$24.90,-0.055,-0.22%,3217664254.00,United States,2024,8359,Real Estate,Real Estate Investment Trusts
RXO,RXO Inc. Common Stock,$16.53,0.09,0.547%,2714126175.00,United States,2022,1524755,Consumer Discretionary,Transportation Services
RYAAY,Ryanair Holdings plc American Depositary Shares,$65.12,1.13,1.766%,34268344340.00,Ireland,1997,1925703,Consumer Discretionary,Air Freight/Delivery Services
RYAN,Ryan Specialty Holdings Inc. Class A Common Stock,$39.50,-0.45,-1.126%,10435493190.00,United States,2021,1293557,Finance,Specialty Insurers
RYN,Rayonier Inc. REIT Common Stock,$22.35,0.60,2.759%,6756367631.00,United States,,3750890,Real Estate,Real Estate Investment Trusts
RYTM,Rhythm Pharmaceuticals Inc. Common Stock,$91.00,1.44,1.608%,6213938549.00,United States,2017,821990,Health Care,Biotechnology: Pharmaceutical Preparations
S,SentinelOne Inc. Class A Common Stock,$13.49,0.22,1.658%,4584832729.00,United States,2021,8443899,Technology,Computer Software: Prepackaged Software
SA,Seabridge Gold Inc. Ordinary Shares (Canada),$34.91,-0.68,-1.911%,3625132424.00,Canada,,761009,Basic Materials,Precious Metals
SAH,Sonic Automotive Inc. Common Stock,$64.14,1.52,2.427%,2153556238.00,United States,1997,330048,Consumer Discretionary,Retail-Auto Dealers and Gas Stations
SAIA,Saia Inc. Common Stock,$414.43,0.375,0.091%,11052650002.00,United States,,605124,Industrials,Trucking Freight/Courier Services
SAIC,Science Applications International Corporation Common Stock,$93.30,-1.12,-1.186%,4210387726.00,United States,,668866,Technology,EDP Services
SAIL,SailPoint Inc. Common Stock,$13.92,-0.28,-1.972%,7817830579.00,United States,2025,3751235,Technology,Computer Software: Prepackaged Software
SAM,Boston Beer Company Inc. (The) Common Stock,$232.23,5.96,2.634%,2425963524.00,United States,,192509,Consumer Staples,Beverages (Production/Distribution)
SAN,Banco Santander S.A. Sponsored ADR (Spain),$11.57,0.54,4.896%,170301415155.00,Spain,,26584438,Finance,Commercial Banks
SANM,Sanmina Corporation Common Stock,$139.55,1.58,1.145%,7620112120.00,United States,1993,570833,Technology,Electrical Products
SARO,StandardAero Inc. Common Stock,$30.13,0.41,1.38%,10022889546.00,United States,2024,5511803,Industrials,Aerospace
SATA,Strive Inc. Variable Rate Series A Perpetual Preferred Stock,$94.61,1.11,1.187%,5900999877.00,United States,,90476,,
SATS,EchoStar  Corporation Common Stock,$114.03,-2.87,-2.455%,32940514202.00,United States,,4022046,Consumer Discretionary,Telecommunications Equipment
SBAC,SBA Communications Corporation Class A Common Stock,$196.43,-0.95,-0.481%,20780053127.00,United States,1999,931552,Real Estate,Real Estate Investment Trusts
SBCF,Seacoast Banking Corporation of Florida Common Stock,$31.48,0.13,0.415%,3083740946.00,United States,,481930,Finance,Major Banks
SBLK,Star Bulk Carriers Corp. Common Shares,$25.63,-0.62,-2.362%,3001978620.00,Greece,,4550295,Consumer Discretionary,Marine Transportation
SBRA,Sabra Health Care REIT Inc. Common Stock,$20.25,-0.17,-0.833%,5105950769.00,United States,,2070942,Real Estate,Real Estate Investment Trusts
SBUX,Starbucks Corporation Common Stock,$97.15,0.47,0.486%,110679311266.00,United States,1992,6232432,Consumer Discretionary,Restaurants
SCCO,Southern Copper Corporation Common Stock,$206.66,0.43,0.209%,169275842926.00,United States,,1727026,Basic Materials,Metal Mining
SCHW,Charles Schwab Corporation (The) Common Stock,$96.04,0.80,0.84%,168282289217.00,United States,,8267485,Finance,Investment Bankers/Brokers/Service
SCI,Service Corporation International Common Stock,$82.01,-3.41,-3.992%,11417732767.00,United States,,1138377,Consumer Discretionary,Other Consumer Services
SE,Sea Limited American Depositary Shares each representing one Class A Ordinary Share,$88.26,0.44,0.501%,52251679375.00,United States,2017,12022607,Consumer Discretionary,Other Consumer Services
SEB,Seaboard Corporation Common Stock,$5017.09,-5.60,-0.111%,4805338699.00,United States,1996,29301,Industrials,Farming/Seeds/Milling
SEE,Sealed Air Corporation Common Stock,$42.03,0.04,0.095%,6194114425.00,United States,,2744646,Industrials,Major Chemicals
SEI,Solaris Energy Infrastructure Inc. Class A Common Stock,$50.03,2.43,5.105%,3425383998.00,United States,2017,3114243,Consumer Discretionary,Oil and Gas Field Machinery
SEIC,SEI Investments Company Common Stock,$81.81,-0.86,-1.04%,10001119679.00,United States,1981,1173859,Finance,Investment Bankers/Brokers/Service
SEM,Select Medical Holdings Corporation Common Stock,$16.25,-0.01,-0.062%,2015279354.00,United States,2009,5446461,Health Care,Hospital/Nursing Management
SEZL,Sezzle Inc. Common Stock,$74.97,1.53,2.083%,2534111575.00,United States,,611208,Finance,Finance: Consumer Services
SF,Stifel Financial Corporation Common Stock,$75.20,0.46,0.615%,11640045794.00,United States,,1210999,Finance,Investment Bankers/Brokers/Service
SFB,Stifel Financial Corporation 5.20% Senior Notes due 2047,$20.425,0.075,0.369%,2086891818.00,United States,2017,8560,Finance,Investment Bankers/Brokers/Service
SFBS,ServisFirst Bancshares Inc. Common Stock,$79.95,-0.54,-0.671%,4368509974.00,United States,,241174,Finance,Major Banks
SFD,Smithfield Foods Inc. Common Stock,$24.83,0.53,2.181%,9760988614.00,United States,2025,957656,Consumer Staples,Meat/Poultry/Fish
SFM,Sprouts Farmers Market Inc. Common Stock,$76.45,-1.54,-1.975%,7230365245.00,United States,2013,2879137,Consumer Staples,Food Chains
SFNC,Simmons First National Corporation Class A Common Stock,$20.21,0.01,0.05%,2927779168.00,United States,,927561,Finance,Major Banks
SGI,Somnigroup International Inc. Common Stock,$85.76,-0.37,-0.43%,18038811914.00,United States,,1443176,Consumer Discretionary,Home Furnishings
SHAK,Shake Shack Inc. Class A Common Stock,$97.40,1.33,1.384%,4158250571.00,United States,2015,986417,Consumer Discretionary,Restaurants
SHC,Sotera Health Company Common Stock,$15.76,0.06,0.382%,4482019165.00,United States,2020,1504673,Health Care,Misc Health and Biotechnology Services
SHOO,Steven Madden Ltd. Common Stock,$36.12,0.26,0.725%,2633574613.00,United States,1993,1203206,Consumer Discretionary,Shoe Manufacturing
SHOP,Shopify Inc. Class A Subordinate Voting Shares,$129.65,7.78,6.384%,169078039509.00,Canada,,11452448,Technology,Computer Software: Prepackaged Software
SHW,Sherwin-Williams Company (The) Common Stock,$347.67,-1.16,-0.333%,86000467529.00,United States,,1277657,Consumer Discretionary,RETAIL: Building Materials
SIGI,Selective Insurance Group Inc. Common Stock,$82.14,-1.69,-2.016%,4935132194.00,United States,,382173,Finance,Property-Casualty Insurers
SIM,Grupo Simec S.A.B. de C.V. American Depositary Shares,$30.80,0.00,0.00%,4732983332.00,Mexico,1998,264,Industrials,Steel/Iron Ore
SIRI,SiriusXM Holdings Inc. Common Stock,$22.64,0.43,1.936%,7579257935.00,United States,,5261467,Consumer Discretionary,Broadcasting
SITE,SiteOne Landscape Supply Inc. Common Stock,$139.22,-0.92,-0.656%,6189625974.00,United States,2016,289138,Consumer Discretionary,Professional and commerical equipment
SITM,SiTime Corporation Common Stock,$383.47,-22.94,-5.645%,10085228405.00,United States,2019,414222,Technology,Semiconductors
SJM,The J.M. Smucker Company Common Stock,$114.73,2.38,2.118%,12235761639.00,United States,,2896876,Consumer Staples,Packaged Foods
SKT,Tanger Inc. Common Stock,$37.41,0.05,0.134%,4283734441.00,United States,1993,538525,Real Estate,Real Estate Investment Trusts
SKWD,Skyward Specialty Insurance Group Inc. Common Stock,$48.65,0.43,0.892%,2163323637.00,United States,2023,536053,Finance,Property-Casualty Insurers
SKY,Champion Homes Inc. Common Stock,$89.61,0.62,0.697%,4955614102.00,United States,,484664,Consumer Discretionary,Homebuilding
SKYW,SkyWest Inc. Common Stock,$100.36,-0.39,-0.387%,4055213602.00,United States,1986,295290,Consumer Discretionary,Air Freight/Delivery Services
SLAB,Silicon Laboratories Inc. Common Stock,$203.58,-0.06,-0.029%,6709168026.00,United States,2000,856987,Technology,Semiconductors
SLB,SLB Limited Common Shares,$47.89,-0.69,-1.42%,71957672821.00,France,,19903024,Energy,Oilfield Services/Equipment
SLDE,Slide Insurance Holdings Inc. Common Stock,$19.41,0.06,0.31%,2413039670.00,United States,2025,1829454,Finance,Property-Casualty Insurers
SLF,Sun Life Financial Inc. Common Stock,$65.50,0.90,1.393%,36278705932.00,Canada,,439736,Finance,Life Insurance
SLG,SL Green Realty Corp Common Stock,$40.97,1.92,4.917%,2910147568.00,United States,1997,2422656,Real Estate,Real Estate Investment Trusts
SLGN,Silgan Holdings Inc. Common Stock,$46.79,-0.71,-1.495%,4933629823.00,United States,2022,853576,Industrials,Containers/Packaging
SLM,SLM Corporation Common Stock,$19.64,0.45,2.345%,3891756855.00,United States,,6359764,Finance,Finance: Consumer Services
SLMBP,SLM Corporation Floating Rate Non-Cumulative Preferred Stock Series B,$75.51,0.28,0.372%,14962655809.00,United States,,6856,Finance,Finance: Consumer Services
SM,SM Energy Company Common Stock,$24.54,0.45,1.868%,5849333934.00,United States,,5566623,Energy,Oil & Gas Production
SMCI,Super Micro Computer Inc. Common Stock,$32.65,1.97,6.421%,19557004824.00,United States,2020,31424966,Technology,Computer Manufacturing
SMG,Scotts Miracle-Gro Company (The) Common Stock,$68.93,-0.57,-0.82%,4000680174.00,United States,1992,656396,Industrials,Agricultural Chemicals
SMMT,Summit Therapeutics Inc. Common Stock ,$15.38,0.27,1.787%,11925232126.00,United States,2015,2156392,Health Care,Biotechnology: Pharmaceutical Preparations
SMR,NuScale Power Corporation Class A Common Stock,$12.54,0.01,0.08%,4238724753.00,United States,2022,18009014,Industrials,Metal Fabrications
SMTC,Semtech Corporation Common Stock,$89.75,-0.42,-0.466%,8305470116.00,United States,,1445733,Technology,Semiconductors
SN,SharkNinja Inc. Ordinary Shares,$114.86,-0.88,-0.76%,16223154785.00,United States,2023,2139166,Consumer Discretionary,Consumer Electronics/Appliances
SNA,Snap-On Incorporated Common Stock,$383.50,-0.34,-0.089%,19908681904.00,United States,,315982,Consumer Discretionary,Industrial Machinery/Components
SNAP,Snap Inc. Class A Common Stock,$5.37,0.12,2.286%,9069672186.00,United States,2017,33641258,Technology,Computer Software: Programming Data Processing
SNDK,Sandisk Corporation Common Stock,$599.06,33.65,5.951%,88421838286.00,United States,,15523062,Technology,Electronic Components
SNDR,Schneider National Inc. Common Stock,$28.25,0.31,1.11%,4953256577.00,United States,2017,654473,Industrials,Trucking Freight/Courier Services
SNEX,StoneX Group Inc. Common Stock,$123.38,-2.00,-1.595%,6472923928.00,United States,,386001,Finance,Investment Bankers/Brokers/Service
SNN,Smith & Nephew SNATS Inc. Common Stock,$36.36,-0.39,-1.061%,15447982684.00,United Kingdom,,1416624,Health Care,Industrial Specialties
SNOW,Snowflake Inc. Common Stock,$168.26,2.47,1.49%,57578572000.00,United States,2020,3838823,Technology,Computer Software: Prepackaged Software
SNPS,Synopsys Inc. Common Stock,$430.98,6.66,1.57%,82559402396.00,United States,1992,2480841,Technology,Computer Software: Prepackaged Software
SNX,TD SYNNEX Corporation Common Stock,$160.27,4.10,2.625%,12921991525.00,United States,2003,619840,Technology,Retail: Computer Software & Peripheral Equipment
SNY,Sanofi ADS,$46.22,-0.25,-0.538%,112723840754.00,France,,4326924,Health Care,Biotechnology: Pharmaceutical Preparations
SO,Southern Company (The) Common Stock,$97.63,0.84,0.868%,109286171740.00,United States,,5947179,Utilities,Electric Utilities: Central
SOBO,South Bow Corporation Common Shares,$33.33,0.26,0.786%,6940989565.00,Canada,2024,596349,Energy,Natural Gas Distribution
SOFI,SoFi Technologies Inc. Common Stock  ,$18.70,0.09,0.484%,23847433995.00,United States,,62552801,Finance,Finance: Consumer Services
SOJC,Southern Company (The) Series 2017B 5.25% Junior Subordinated Notes due December 1 2077,$22.27,0.01,0.045%,24498055754.00,United States,2017,8295,Utilities,Electric Utilities: Central
SOJD,Southern Company (The) Series 2020A 4.95% Junior Subordinated Notes due January 30 2080,$21.03,-0.03,-0.142%,23133996969.00,United States,2020,39877,Utilities,Electric Utilities: Central
SOJE,Southern Company (The) Series 2020C 4.20% Junior Subordinated Notes due October 15 2060,$18.38,-0.01,-0.054%,20118118246.00,United States,2020,23779,Basic Materials,Metal Mining
SOLS,Solstice Advanced Materials Inc. Common Stock ,$75.11,1.21,1.637%,11923528105.00,United States,,2246418,Industrials,Aerospace
SOLV,Solventum Corporation Common Stock,$70.40,-0.41,-0.579%,12213907552.00,United States,2024,1200537,Health Care,Medical/Dental Instruments
SOMN,Southern Company (The) 2025 Series A Corporate Units,$53.92,0.36,0.672%,60357578411.00,United States,,103122,Basic Materials,Metal Mining
SON,Sonoco Products Company Common Stock,$54.98,-0.53,-0.955%,5423447945.00,United States,,647872,Consumer Discretionary,Containers/Packaging
SOUN,SoundHound AI Inc Class A Common Stock,$8.16,-0.35,-4.113%,3450163831.00,United States,,18938210,Technology,Computer Software: Prepackaged Software
SPG,Simon Property Group Inc. Common Stock,$203.10,1.15,0.569%,65998009949.00,United States,,1121693,Real Estate,Real Estate Investment Trusts
SPGI,S&P Global Inc. Common Stock,$445.50,1.51,0.34%,133115400000.00,United States,,2054497,Finance,Finance: Consumer Services
SPHR,Sphere Entertainment Co. Class A Common Stock,$115.98,4.37,3.915%,4117535878.00,United States,2020,1105967,Consumer Discretionary,Services-Misc. Amusement & Recreation
SPOT,Spotify Technology S.A. Ordinary Shares,$534.09,14.13,2.718%,109933094345.00,Luxembourg,2018,3472407,Consumer Discretionary,Broadcasting
SPSC,SPS Commerce Inc. Common Stock,$62.17,2.18,3.634%,2324590574.00,United States,2010,665256,Technology,Computer Software: Prepackaged Software
SPXC,SPX Technologies Inc. Common Stock,$222.07,2.49,1.134%,11076160296.00,United States,,244714,Industrials,Industrial Machinery/Components
SR,Spire Inc. Common Stock,$91.98,0.28,0.305%,5435704164.00,United States,,243137,Utilities,Oil/Gas Transmission
SRAD,Sportradar Group AG Class A Ordinary Shares,$19.23,1.56,8.829%,5758614377.00,Switzerland,2021,3662916,Technology,Computer Software: Programming Data Processing
SRE,DBA Sempra Common Stock,$95.39,0.03,0.031%,62316774115.00,United States,,2470292,Utilities,Natural Gas Distribution
SREA,DBA Sempra 5.750% Junior Subordinated Notes due 2079,$22.79,0.22,0.975%,14429394491.00,United States,2019,40245,Utilities,Natural Gas Distribution
SRRK,Scholar Rock Holding Corporation Common Stock,$47.43,3.12,7.041%,4838213686.00,United States,2018,3862294,Health Care,Biotechnology: Biological Products (No Diagnostic Substances)
SSB,SouthState Bank Corporation Common Stock,$98.94,0.36,0.365%,9702911934.00,United States,,945665,Finance,Major Banks
SSD,Simpson Manufacturing Company Inc. Common Stock,$191.44,0.66,0.346%,7926005580.00,United States,,162928,Consumer Discretionary,Industrial Machinery/Components
SSNC,SS&C Technologies Holdings Inc. Common Stock,$75.20,0.42,0.562%,18161198109.00,United States,2010,1553110,Technology,Computer Software: Prepackaged Software
SSRM,SSR Mining Inc. Common Stock,$33.26,4.33,14.967%,6751817883.00,Canada,,10764465,Industrials,Precious Metals
ST,Sensata Technologies Holding plc Ordinary Shares,$34.95,-0.35,-0.992%,5095694063.00,Netherlands,2010,1558900,Industrials,Industrial Machinery/Components
STAG,Stag Industrial Inc. Common Stock,$39.47,0.10,0.254%,7540202958.00,United States,2011,1167047,Real Estate,Real Estate Investment Trusts
STC,Stewart Information Services Corporation Common Stock,$70.01,1.43,2.085%,2129663244.00,United States,,255648,Finance,Specialty Insurers
STE,STERIS plc (Ireland) Ordinary Shares,$243.07,-0.28,-0.115%,23839096327.00,United States,,843564,Health Care,Industrial Specialties
STEP,StepStone Group Inc. Class A Common Stock,$46.96,2.21,4.939%,5595832399.00,United States,2020,1759204,Finance,Investment Managers
STLA,Stellantis N.V. Common Shares,$7.47,-0.02,-0.267%,21644199474.00,United Kingdom,2014,13325977,Industrials,Auto Manufacturing
STLD,Steel Dynamics Inc.,$193.91,-3.54,-1.793%,28094146378.00,United States,1996,1001942,Industrials,Steel/Iron Ore
STM,STMicroelectronics N.V. Common Stock,$33.33,1.71,5.408%,29622642506.00,Switzerland,,10057332,Technology,Semiconductors
STN,Stantec Inc Common Stock,$92.74,-1.68,-1.779%,10578573116.00,Canada,,217870,Consumer Discretionary,Military/Government/Technical
STRC,Strategy Inc Variable Rate Series A Perpetual Stretch Preferred Stock,$100.05,0.04,0.04%,33391958435.00,United States,,1500270,Technology,Computer Software: Prepackaged Software
STRD,Strategy Inc 10.00% Series A Perpetual Stride Preferred Stock,$79.74,1.39,1.774%,26613440936.00,United States,,149580,Technology,Computer Software: Prepackaged Software
STRF,Strategy Inc 10.00% Series A Perpetual Strife Preferred Stock,$100.91,0.91,0.91%,33678985764.00,United States,,279410,Technology,Computer Software: Prepackaged Software
STRK,Strategy Inc 8.00% Series A Perpetual Strike Preferred Stock,$81.795,2.055,2.577%,27299302751.00,United States,,347140,Technology,Computer Software: Prepackaged Software
STRL,Sterling Infrastructure Inc. Common Stock,$420.22,4.71,1.134%,12877267904.00,United States,,458855,Industrials,Military/Government/Technical
STT,State Street Corporation Common Stock,$126.54,0.63,0.50%,35270267820.00,United States,,1593379,Finance,Major Banks
STWD,STARWOOD PROPERTY TRUST INC. Starwood Property Trust Inc.,$18.10,0.16,0.892%,6707529983.00,United States,2009,3566791,Real Estate,Real Estate Investment Trusts
STX,Seagate Technology Holdings PLC Ordinary Shares (Ireland),$375.01,17.39,4.863%,81779580856.00,Ireland,2002,3770499,Technology,Electronic Components
STZ,Constellation Brands Inc. Common Stock,$151.24,-4.78,-3.064%,26222690685.00,United States,,1821223,Consumer Staples,Beverages (Production/Distribution)
SU,Suncor Energy  Inc. Common Stock,$57.34,0.20,0.35%,68057473701.00,Canada,,5744302,Energy,Integrated oil Companies
SUI,Sun Communities Inc. Common Stock,$135.86,-0.55,-0.403%,16735864104.00,United States,1993,736350,Real Estate,Real Estate Investment Trusts
SUN,Sunoco LP Common Units representing limited partner interests,$63.05,0.01,0.016%,12914073253.00,United States,2012,262609,Energy,Integrated oil Companies
SUPN,Supernus Pharmaceuticals Inc. Common Stock,$55.58,1.02,1.87%,3193485738.00,United States,2012,552834,Health Care,Biotechnology: Pharmaceutical Preparations
SVM,Silvercorp Metals Inc. Common Shares,$12.69,0.36,2.92%,2795311437.00,Canada,,2867058,Basic Materials,Precious Metals
SW,Smurfit WestRock plc Ordinary Shares,$45.19,-0.01,-0.022%,23691026285.00,Ireland,2024,4558954,Consumer Discretionary,Containers/Packaging
SWK,Stanley Black & Decker Inc. Common Stock,$79.78,-1.85,-2.266%,12372239957.00,United States,,2427206,Consumer Discretionary,Industrial Machinery/Components
SWKS,Skyworks Solutions Inc. Common Stock,$56.28,-1.87,-3.216%,8463026883.00,United States,,3046467,Technology,Semiconductors
SWX,Southwest Gas Holdings Inc. Common Stock (DE),$89.60,0.70,0.787%,6475313600.00,United States,,776896,Utilities,Oil & Gas Production
SXI,Standex International Corporation Common Stock,$264.96,6.00,2.317%,3210979496.00,United States,,219150,Industrials,Industrial Machinery/Components
SXT,Sensient Technologies Corporation Common Stock,$95.92,-1.61,-1.651%,4077242664.00,United States,,208778,Industrials,Major Chemicals
SYF,Synchrony Financial Common Stock,$69.27,0.61,0.888%,24077994246.00,United States,2014,2974195,Finance,Finance: Consumer Services
SYK,Stryker Corporation Common Stock,$381.89,-2.70,-0.702%,146144978096.00,United States,,1661180,Health Care,Medical/Dental Instruments
SYM,Symbotic Inc. Class A Common Stock,$54.04,1.37,2.601%,32541363640.00,United States,2021,791863,Industrials,Industrial Machinery/Components
SYNA,Synaptics Incorporated Common Stock $0.001 Par Value,$77.03,-0.03,-0.039%,2983351949.00,United States,2002,601486,Technology,Semiconductors
SYRE,Spyre Therapeutics Inc. Common Stock,$41.00,0.93,2.321%,3220146724.00,United States,2016,725342,Health Care,Biotechnology: Pharmaceutical Preparations
SYY,Sysco Corporation Common Stock,$87.63,-0.38,-0.432%,41968692772.00,United States,,4058372,Consumer Discretionary,Food Distributors
TAC,TransAlta Corporation Ordinary Shares,$13.25,-0.02,-0.151%,3932600000.00,Canada,,1009232,Utilities,Electric Utilities: Central
TALO,Talos Energy Inc. Common Stock,$13.04,-0.05,-0.382%,2197431466.00,United States,2018,1658105,Energy,Oil & Gas Production
TAP,Molson Coors Beverage Company Class B Common Stock,$47.33,-0.73,-1.519%,8894658981.00,Canada,,2888593,Consumer Staples,Beverages (Production/Distribution)
TARS,Tarsus Pharmaceuticals Inc. Common Stock,$76.20,-0.35,-0.457%,3242880890.00,United States,2020,265212,Health Care,Biotechnology: Biological Products (No Diagnostic Substances)
TBB,AT&T Inc. 5.350% Global Notes due 2066,$22.75,0.02,0.088%,162671269670.00,United States,2017,45323,Telecommunications,Telecommunications Equipment
TBBB,BBB Foods Inc. Class A Common Shares,$34.88,-0.16,-0.457%,4003066158.00,Mexico,2024,339535,Consumer Staples,Food Chains
TBBK,The Bancorp Inc Common Stock,$55.30,0.66,1.208%,2333318799.00,United States,2004,592820,Finance,Major Banks
TCBI,Texas Capital Bancshares Inc. Common Stock,$96.08,0.55,0.576%,4244510499.00,United States,2003,462289,Finance,Major Banks
TD,Toronto Dominion Bank (The) Common Stock,$98.73,1.01,1.034%,165005276940.00,Canada,,1310885,Finance,Commercial Banks
TDC,Teradata Corporation Common Stock,$28.72,-1.64,-5.402%,2647984000.00,United States,,2400309,Technology,Computer Software: Prepackaged Software
TDG,Transdigm Group Incorporated Common Stock,$1315.12,-11.22,-0.846%,74269512173.00,United States,2006,211839,Industrials,Military/Government/Technical
TDS,Telephone and Data Systems Inc. Common Shares,$45.11,0.84,1.897%,5129007000.00,United States,,502674,Telecommunications,Telecommunications Equipment
TDW,Tidewater Inc. Common Stock,$83.80,-3.87,-4.414%,4154260976.00,United States,2017,1114488,Consumer Discretionary,Marine Transportation
TDY,Teledyne Technologies Incorporated Common Stock,$682.77,-3.48,-0.507%,31615877191.00,United States,,253855,Industrials,Industrial Machinery/Components
TECH,Bio-Techne Corp Common Stock,$57.85,0.86,1.509%,9050822942.00,United States,,2194568,Health Care,Biotechnology: Biological Products (No Diagnostic Substances)
TECK,Teck Resources Ltd Ordinary Shares,$55.50,0.04,0.072%,27095100000.00,Canada,,4404787,Industrials,Mining & Quarrying of Nonmetallic Minerals (No Fuels)
TEL,TE Connectivity plc Ordinary Shares,$209.02,4.71,2.305%,61333631742.00,Ireland,,1920402,Technology,Electronic Components
TEM,Tempus AI Inc. Class A Common Stock,$51.29,-0.11,-0.214%,9169302560.00,United States,2024,5982537,Technology,Computer Software: Programming Data Processing
TENB,Tenable Holdings Inc. Common Stock,$20.39,0.43,2.154%,2342558531.00,United States,2018,2856475,Technology,Computer Software: Prepackaged Software
TER,Teradyne Inc. Common Stock,$305.20,0.98,0.322%,47780875940.00,United States,,3357866,Industrials,Electrical Products
TERN,Terns Pharmaceuticals Inc. Common Stock,$42.53,1.02,2.457%,4412975319.00,United States,2021,1971366,Health Care,Biotechnology: Pharmaceutical Preparations
TEX,Terex Corporation Common Stock,$67.14,0.60,0.902%,7633818000.00,United States,,1580160,Industrials,Construction/Ag Equipment/Trucks
TFC,Truist Financial Corporation Common Stock,$49.11,-0.19,-0.385%,61346656293.00,United States,,5166834,Finance,Major Banks
TFII,TFI International Inc. Common Shares,$118.28,-0.20,-0.169%,9716824065.00,Canada,,173596,Industrials,Trucking Freight/Courier Services
TFPM,Triple Flag Precious Metals Corp. Common Shares,$39.27,0.62,1.604%,8112028090.00,Canada,2022,599581,Industrials,Precious Metals
TFSL,TFS Financial Corporation Common Stock,$14.24,-0.09,-0.628%,3995328178.00,United States,2007,732743,Finance,Savings Institutions
TFX,Teleflex Incorporated Common Stock,$119.18,-3.01,-2.463%,5267822979.00,United States,,884645,Health Care,Medical/Dental Instruments
TGB,Taseko Mines Ltd. Common Stock,$8.18,0.15,1.868%,2982077487.00,Canada,,4326703,Basic Materials,Precious Metals
TGNA,TEGNA Inc,$20.95,0.02,0.096%,3391966525.00,United States,,3496704,Industrials,Broadcasting
TGT,Target Corporation Common Stock,$120.08,-0.72,-0.596%,54372994673.00,United States,,9485951,Consumer Discretionary,Department/Specialty Retail Stores
TGTX,TG Therapeutics Inc. Common Stock,$29.19,0.31,1.073%,4661300193.00,United States,,1551591,Health Care,Biotechnology: Pharmaceutical Preparations
THC,Tenet Healthcare Corporation Common Stock,$244.80,1.92,0.791%,21288542400.00,United States,,1136174,Health Care,Hospital/Nursing Management
THG,Hanover Insurance Group Inc,$179.46,0.24,0.134%,6307896249.00,United States,,241360,Finance,Property-Casualty Insurers
THO,Thor Industries Inc. Common Stock,$90.86,0.49,0.542%,4778866472.00,United States,,787675,Industrials,Homebuilding
TIC,TIC Solutions Inc. Common Stock,$9.20,0.02,0.218%,2035129111.00,United States,2025,1637723,Real Estate,Real Estate
TIGO,Millicom International Cellular S.A. Common Stock,$72.50,0.48,0.666%,12476982113.00,Luxembourg,,1076350,Telecommunications,Telecommunications Equipment
TJX,TJX Companies Inc. (The) Common Stock,$161.73,2.02,1.265%,179595843274.00,United States,,4741120,Consumer Discretionary,Clothing/Shoe/Accessory Stores
TKO,TKO Group Holdings Inc. Class A Common Stock,$216.23,-3.71,-1.687%,41975638587.00,United States,2023,876070,Consumer Discretionary,Services-Misc. Amusement & Recreation
TKR,Timken Company (The) Common Stock,$105.59,-0.99,-0.929%,7343182531.00,United States,,553866,Industrials,Metal Fabrications
TLN,Talen Energy Corporation Common Stock,$336.57,-4.82,-1.412%,15379568506.00,United States,,1158947,Utilities,Electric Utilities: Central
TMC,TMC the metals company Inc. Common Stock,$6.06,-0.06,-0.98%,2505761793.00,Canada,,3001288,Basic Materials,Metal Mining
TMDX,TransMedics Group Inc. Common Stock,$147.66,-0.34,-0.23%,5065099915.00,United States,2019,701768,Health Care,Biotechnology: Electromedical & Electrotherapeutic Apparatus
TME,Tencent Music Entertainment Group American Depositary Shares each representing two Class A Ordinary Shares,$14.14,-0.07,-0.493%,21901509687.00,United States,2018,5517580,Consumer Discretionary,Broadcasting
TMHC,Taylor Morrison Home Corporation Common Stock,$63.53,-0.04,-0.063%,6120077928.00,United States,2013,910786,Consumer Discretionary,Homebuilding
TMO,Thermo Fisher Scientific Inc Common Stock,$512.69,4.59,0.903%,190456257056.00,United States,,1679218,Industrials,Industrial Machinery/Components
TNL,Travel   Leisure Co. Common  Stock,$74.95,0.38,0.51%,4676710163.00,United States,,715953,Consumer Discretionary,Hotels/Resorts
TOL,Toll Brothers Inc. Common Stock,$153.56,-0.10,-0.065%,14543206920.00,United States,,1002354,Consumer Discretionary,Homebuilding
TOST,Toast Inc. Class A Common Stock,$29.47,0.36,1.237%,17357830000.00,United States,2021,10693351,Technology,EDP Services
TOWN,TowneBank Common Stock,$34.09,-0.29,-0.844%,2543704780.00,United States,,458750,Finance,Major Banks
TPC,Tutor Perini Corporation Common Stock,$73.71,3.76,5.375%,3891257853.00,United States,1970,675174,Consumer Discretionary,General Bldg Contractors - Nonresidential Bldgs
TPG,TPG Inc. Class A Common Stock,$45.57,1.21,2.728%,17205752342.00,United States,2022,2870518,Finance,Investment Managers
TPGXL,TPG Operating Group II L.P. 6.950% Fixed-Rate Junior Subordinated Notes due 2064,$24.64,0.07,0.285%,8989307096.00,United States,,5072,,
TPH,Tri Pointe Homes Inc. Common Stock,$46.35,-0.01,-0.022%,3915635717.00,United States,2013,2150285,Consumer Discretionary,Homebuilding
TPL,Texas Pacific Land Corporation Common Stock,$536.11,12.47,2.381%,36960256515.00,United States,,492187,Energy,Oil & Gas Production
TPR,Tapestry Inc. Common Stock,$156.91,2.49,1.612%,31768661231.00,United States,,1980738,Consumer Discretionary,Apparel
TR,Tootsie Roll Industries Inc. Common Stock,$43.20,1.14,2.71%,3153022416.00,United States,,160359,Consumer Staples,Specialty Foods
TREX,Trex Company Inc. Common Stock,$40.21,0.05,0.125%,4251699447.00,United States,,1645417,Basic Materials,Forest Products
TRGP,Targa Resources Inc. Common Stock,$243.05,-0.99,-0.406%,52244034504.00,United States,2010,988794,Utilities,Natural Gas Distribution
TRI,Thomson Reuters Corporation Common Shares,$104.82,-0.64,-0.607%,46628389487.00,United States,,2643044,Consumer Discretionary,Publishing
TRMB,Trimble Inc. Common Stock,$69.92,0.76,1.099%,16356344207.00,United States,1990,1579336,Industrials,Industrial Machinery/Components
TRMD,TORM plc Class A Common Stock,$30.76,-0.14,-0.453%,3116994067.00,United Kingdom,,852014,Consumer Discretionary,Marine Transportation
TRMK,Trustmark Corporation Common Stock,$43.24,-0.04,-0.092%,2544664833.00,United States,,354222,Finance,Major Banks
TRN,Trinity Industries Inc. Common Stock,$34.25,0.09,0.263%,2734510410.00,United States,,547187,Industrials,Railroads
TRNO,Terreno Realty Corporation Common Stock,$64.97,-0.43,-0.657%,5717084592.00,United States,2010,730788,Finance,Real Estate
TROW,T. Rowe Price Group Inc. Common Stock,$91.99,-1.43,-1.531%,20060526163.00,United States,1986,2492113,Finance,Investment Bankers/Brokers/Service
TRP,TC Energy Corporation Common Stock,$64.20,-0.59,-0.911%,64200000000.00,Canada,,2030170,Utilities,Natural Gas Distribution
TRU,TransUnion Common Stock,$77.48,-1.75,-2.209%,14922648000.00,United States,2015,1769962,Finance,Finance: Consumer Services
TRV,The Travelers Companies Inc. Common Stock,$312.03,1.06,0.341%,67472712561.00,United States,,1315768,Finance,Property-Casualty Insurers
TS,Tenaris S.A. American Depositary Shares,$53.60,0.66,1.247%,29058494746.00,Luxembourg,,1656345,Industrials,Steel/Iron Ore
TSCO,Tractor Supply Company Common Stock,$50.59,-1.01,-1.957%,26628111559.00,United States,1994,6675278,Consumer Discretionary,RETAIL: Building Materials
TSN,Tyson Foods Inc. Common Stock,$62.92,-0.08,-0.127%,22152808541.00,United States,,2358356,Consumer Staples,Meat/Poultry/Fish
TT,Trane Technologies plc,$445.05,-0.78,-0.175%,98503764320.00,Ireland,,846153,Industrials,Auto Parts:O.E.M.
TTAN,ServiceTitan Inc. Class A Common Stock,$77.20,1.42,1.874%,7229520145.00,United States,2024,1198080,Technology,Computer Software: Prepackaged Software
TTC,Toro Company (The) Common Stock,$100.73,1.57,1.583%,9861939323.00,United States,,1296626,Consumer Discretionary,Tools/Hardware
TTD,The Trade Desk Inc. Class A Common Stock,$25.17,0.17,0.68%,11980342273.00,United States,2016,21833802,Technology,Computer Software: Programming Data Processing
TTE,TotalEnergies SE Ordinary Shares,$76.92,-1.42,-1.813%,167828809964.00,France,,3826509,Energy,Oil & Gas Production
TTEK,Tetra Tech Inc. Common Stock,$36.16,-0.29,-0.796%,9430801406.00,United States,1991,1753324,Consumer Discretionary,Military/Government/Technical
TTMI,TTM Technologies Inc. Common Stock,$105.14,1.09,1.048%,10871993815.00,United States,2000,1376731,Technology,Electrical Products
TTWO,Take-Two Interactive Software Inc. Common Stock,$215.77,-1.28,-0.59%,39955308141.00,United States,1997,2470456,Consumer Discretionary,Services-Misc. Amusement & Recreation
TU,Telus Corporation Ordinary Shares,$13.88,0.17,1.24%,21666680000.00,Canada,,5917556,Telecommunications,Telecommunications Equipment
TV,Grupo Televisa S.A.B. Common Stock,$2.88,0.12,4.348%,5500800000.00,Mexico,1993,2045434,Industrials,Broadcasting
TVTX,Travere Therapeutics Inc. Common Stock,$28.18,-0.09,-0.318%,2599366879.00,United States,,1475586,Health Care,Biotechnology: Pharmaceutical Preparations
TW,Tradeweb Markets Inc. Class A Common Stock,$124.58,-1.03,-0.82%,29357014510.00,United States,2019,1505846,Finance,Investment Bankers/Brokers/Service
TWLO,Twilio Inc. Class A Common Stock,$122.99,-0.52,-0.421%,18634706737.00,United States,2016,2141908,Technology,Computer Software: Prepackaged Software
TWST,Twist Bioscience Corporation Common Stock,$48.06,1.41,3.023%,2946640494.00,United States,2018,1056373,Health Care,Biotechnology: Biological Products (No Diagnostic Substances)
TX,Ternium S.A. Ternium S.A. American Depositary Shares (each representing ten shares USD1.00 par value),$41.74,0.14,0.337%,8367799119.00,Luxembourg,,126961,Industrials,Steel/Iron Ore
TXG,10x Genomics Inc. Class A Common Stock,$22.37,-0.25,-1.105%,2857817922.00,United States,2019,1974542,Industrials,Biotechnology: Laboratory Analytical Instruments
TXN,Texas Instruments Incorporated Common Stock,$202.39,-0.28,-0.138%,183679201150.00,United States,,5449955,Technology,Semiconductors
TXNM,TXNM Energy Inc. Common Stock,$59.00,0.07,0.119%,6426360004.00,United States,,1818966,Utilities,Electric Utilities: Central
TXRH,Texas Roadhouse Inc. Common Stock,$178.70,-2.53,-1.396%,11780823412.00,United States,2004,1055788,Consumer Discretionary,Restaurants
TXT,Textron Inc. Common Stock,$99.31,0.76,0.771%,17296071618.00,United States,,1033533,Industrials,Aerospace
TYL,Tyler Technologies Inc. Common Stock,$368.16,0.94,0.256%,15825482774.00,United States,,523168,Technology,Computer Software: Prepackaged Software
U,Unity Software Inc. Common Stock,$20.38,0.36,1.798%,8824287512.00,United States,2020,14384759,Technology,Computer Software: Prepackaged Software
UA,Under Armour Inc. Class C Common Stock,$6.70,-0.27,-3.874%,2853463007.00,United States,2016,2895871,Consumer Discretionary,Apparel
UAA,Under Armour Inc. Class A Common Stock,$6.82,-0.30,-4.213%,2904569807.00,United States,,14088955,Consumer Discretionary,Apparel
UAL,United Airlines Holdings Inc. Common Stock,$100.48,-2.06,-2.009%,32498288501.00,United States,,6638665,Consumer Discretionary,Air Freight/Delivery Services
UBER,Uber Technologies Inc. Common Stock,$76.65,0.29,0.38%,157754590097.00,United States,2019,19812387,Real Estate,Real Estate
UBS,UBS Group AG Registered Ordinary Shares,$39.76,0.06,0.151%,126231051980.00,Switzerland,2014,2741788,Finance,Major Banks
UBSI,United Bankshares Inc. Common Stock,$41.38,-0.01,-0.024%,5769178289.00,United States,,1010526,Finance,Major Banks
UCB,United Community Banks Inc. Common Stock,$32.54,0.14,0.432%,3892212747.00,United States,2024,920558,Finance,Major Banks
UCTT,Ultra Clean Holdings Inc. Common Stock,$58.97,-0.63,-1.057%,2682547541.00,United States,2004,1548197,Technology,Semiconductors
UDR,UDR Inc. Common Stock,$37.75,0.29,0.774%,12403591679.00,United States,,2900483,Real Estate,Real Estate Investment Trusts
UE,Urban Edge Properties Common Shares of Beneficial Interest,$20.89,-0.07,-0.334%,2631222657.00,United States,2015,961598,Finance,Real Estate
UEC,Uranium Energy Corp. Common Stock,$15.04,0.48,3.297%,7269996126.00,Canada,,7039804,Basic Materials,Other Metals and Minerals
UFPI,UFP Industries Inc. Common Stock,$98.49,-1.00,-1.005%,5574034459.00,United States,1993,230785,Basic Materials,Forest Products
UGI,UGI Corporation Common Stock,$36.67,-0.41,-1.106%,7870714478.00,United States,,1903825,Utilities,Natural Gas Distribution
UHAL,U-Haul Holding Company Common Stock,$50.98,-0.12,-0.235%,9996050322.00,United States,2022,121828,Consumer Discretionary,Rental/Leasing Companies
UHS,Universal Health Services Inc. Common Stock,$202.31,-2.54,-1.24%,12358438138.00,United States,,646880,Health Care,Hospital/Nursing Management
UI,Ubiquiti Inc. Common Stock,$798.38,36.03,4.726%,48318591514.00,United States,,96766,Technology,Radio And Television Broadcasting And Communications Equipment
UL,Unilever PLC American Depositary Shares (each representing One Ordinary Share),$69.07,-0.08,-0.116%,154207781728.00,United Kingdom,2025,2919694,Consumer Discretionary,Package Goods/Cosmetics
ULS,UL Solutions Inc. Class A Common Stock,$81.08,-1.20,-1.458%,16300502468.00,United States,2024,594510,Health Care,Precision Instruments
ULTA,Ulta Beauty Inc. Common Stock,$661.34,-7.61,-1.138%,29338478830.00,United States,2007,465535,Consumer Discretionary,Other Specialty Stores
UMBF,UMB Financial Corporation Common Stock,$119.19,1.45,1.232%,9074587980.00,United States,,577324,Finance,Major Banks
UMBFO,UMB Financial Corporation Depositary Shares Each Representing a 1/400th Interest in a Share of 7.750% Fixed-Rate Reset Non-Cumulative Perpetual Preferred Stock Series B,$27.23,0.23,0.852%,2073169148.00,United States,,6118,Finance,Major Banks
UNF,Unifirst Corporation Common Stock,$231.26,-1.44,-0.619%,4179453982.00,United States,,76327,Consumer Discretionary,Other Consumer Services
UNFI,United Natural Foods Inc. Common Stock,$38.36,0.42,1.107%,2337344500.00,United States,2019,492382,Consumer Discretionary,Food Distributors
UNM,Unum Group Common Stock,$73.39,2.73,3.864%,12017892703.00,United States,,1766578,Finance,Accident &Health Insurance
UNMA,Unum Group 6.250% Junior Subordinated Notes due 2058,$23.27,-0.02,-0.086%,3963189095.00,United States,2018,58991,Finance,Accident &Health Insurance
UNP,Union Pacific Corporation Common Stock,$266.70,0.86,0.324%,158257502382.00,United States,,2327617,Industrials,Railroads
UPS,United Parcel Service Inc. Common Stock,$110.50,-2.73,-2.411%,93825739397.00,United States,1999,11428941,Industrials,Trucking Freight/Courier Services
UPST,Upstart Holdings Inc. Common stock,$28.36,0.12,0.425%,2781017787.00,United States,2020,4040174,Finance,Finance: Consumer Services
URBN,Urban Outfitters Inc. Common Stock,$66.90,1.05,1.595%,5999521019.00,United States,1993,1442920,Consumer Discretionary,Clothing/Shoe/Accessory Stores
URI,United Rentals Inc. Common Stock,$851.88,18.41,2.209%,53666861466.00,United States,1997,514805,Consumer Discretionary,Diversified Commercial Services
USAC,USA Compression Partners LP Common Units Representing Limited Partner Interests,$27.71,0.28,1.021%,4017184040.00,United States,2013,145458,Utilities,Natural Gas Distribution
USAR,USA Rare Earth Inc. Class A Common Stock,$18.91,-0.51,-2.626%,4121257465.00,United States,2023,9593224,Basic Materials,Metal Mining
USAS,Americas Gold and Silver Corporation Common Shares no par value,$9.49,0.44,4.862%,2596744932.00,Canada,2017,5030645,Basic Materials,Metal Mining
USB,U.S. Bancorp Common Stock,$54.34,0.35,0.648%,84427829718.00,United States,,6987583,Finance,Major Banks
USFD,US Foods Holding Corp. Common Stock,$93.14,0.14,0.151%,20541277875.00,United States,2016,2279003,Consumer Discretionary,Food Distributors
USLM,United States Lime & Minerals Inc. Common Stock,$127.87,3.30,2.649%,3666040061.00,United States,,81352,Industrials,Mining & Quarrying of Nonmetallic Minerals (No Fuels)
UTHR,United Therapeutics Corporation Common Stock,$490.21,-8.44,-1.693%,21484769954.00,United States,1999,535265,Health Care,Biotechnology: Pharmaceutical Preparations
UUUU,Energy Fuels Inc Ordinary Shares (Canada),$21.81,0.92,4.404%,5269426860.00,Canada,,12383747,Industrials,Mining & Quarrying of Nonmetallic Minerals (No Fuels)
UWMC,UWM Holdings Corporation Class A Common Stock,$4.18,-0.07,-1.647%,6687777419.00,United States,,11830381,Finance,Finance: Consumer Services
VAC,Marriott Vacations Worldwide Corporation Common Stock,$68.59,0.65,0.957%,2353012393.00,United States,,643462,Finance,Real Estate
VAL,Valaris Limited Common Shares,$94.44,3.81,4.204%,6538168651.00,United States,2021,976437,Energy,Oil & Gas Production
VC,Visteon Corporation Common Stock,$92.38,-1.99,-2.109%,2477584117.00,United States,,701893,Consumer Discretionary,Auto Parts:O.E.M.
VCTR,Victory Capital Holdings Inc. Class A Common Stock,$68.71,-0.29,-0.42%,4400850490.00,United States,2018,968037,Finance,Investment Managers
VCYT,Veracyte Inc. Common Stock,$36.27,1.19,3.392%,2881957147.00,United States,2013,931590,Health Care,Medical Specialities
VEEV,Veeva Systems Inc. Class A Common Stock,$188.48,2.57,1.382%,30982692030.00,United States,2013,3414044,Technology,Computer Software: Prepackaged Software
VEON,VEON Ltd. ADS,$54.73,1.67,3.147%,4048248226.00,Netherlands,,42579,Telecommunications,Telecommunications Equipment
VERA,Vera Therapeutics Inc. Class A Common Stock,$39.65,0.35,0.891%,2829252197.00,United States,2021,1759683,Health Care,Biotechnology: Pharmaceutical Preparations
VERX,Vertex Inc. Class A Common Stock,$15.15,0.51,3.484%,2423346944.00,United States,2020,1641920,Technology,Computer Software: Prepackaged Software
VFC,V.F. Corporation Common Stock,$18.71,-0.08,-0.426%,7320537148.00,United States,,3523153,Industrials,Garments and Clothing
VG,Venture Global Inc. Class A common stock,$11.16,-0.30,-2.618%,27419788604.00,United States,2025,38108906,Utilities,Oil/Gas Transmission
VIAV,Viavi Solutions Inc. Common Stock,$32.59,-0.45,-1.362%,7540978754.00,United States,,4464282,Technology,Semiconductors
VICI,VICI Properties Inc. Common Stock,$29.89,-0.31,-1.026%,31944557867.00,United States,2018,7970289,Real Estate,Real Estate Investment Trusts
VICR,Vicor Corporation Common Stock,$203.185,1.215,0.602%,9219142264.00,United States,,778814,Technology,Industrial Machinery/Components
VIK,Viking Holdings Ltd Ordinary Shares,$75.28,-1.14,-1.492%,33345316200.00,United States,2024,2307395,Consumer Discretionary,Marine Transportation
VIRT,Virtu Financial Inc. Class A Common Stock,$41.06,-0.58,-1.393%,6350527367.00,United States,,859978,Finance,Investment Bankers/Brokers/Service
VISN,Vistance Networks Inc. Common Stock,$17.56,0.15,0.862%,3959112948.00,United States,2013,6268889,Technology,Radio And Television Broadcasting And Communications Equipment
VIST,Vista Energy S.A.B. de C.V. American Depositary Shares each representing one series A share with no par value,$59.69,0.12,0.201%,6225729973.00,Mexico,2019,1036665,Energy,Oil & Gas Production
VKTX,Viking Therapeutics Inc. Common Stock,$32.14,0.21,0.658%,3713915041.00,United States,2015,1647095,Health Care,Biotechnology: Pharmaceutical Preparations
VLO,Valero Energy Corporation Common Stock,$225.60,7.89,3.624%,67460316586.00,United States,,4219903,Energy,Integrated oil Companies
VLTO,Veralto Corp Common Stock ,$94.70,-0.94,-0.983%,23470766192.00,United States,2023,1683587,Industrials,Electrical Products
VLY,Valley National Bancorp Common Stock,$12.58,0.03,0.239%,6987261848.00,United States,,8284910,Finance,Major Banks
VLYPN,Valley National Bancorp 8.250% Fixed-Rate Reset Non-Cumulative Perpetual Preferred Stock Series C,$26.12,0.02,0.077%,14507732866.00,United States,,12577,Finance,Major Banks
VLYPO,Valley National Bancorp 5.50% Fixed-to-Floating Rate Non-Cumulative Perpetual Preferred Stock Series B,$25.21,0.125,0.498%,14002295006.00,United States,,2651,Finance,Major Banks
VLYPP,Valley National Bancorp 6.25% Fixed-to-Floating Rate Non-Cumulative Perpetual Preferred Stock Series A,$25.38,0.00,0.00%,14096717464.00,United States,,5416,Finance,Major Banks
VMC,Vulcan Materials Company (Holding Company) Common Stock,$295.98,-4.02,-1.34%,38649182056.00,United States,,1307656,Industrials,Mining & Quarrying of Nonmetallic Minerals (No Fuels)
VMI,Valmont Industries Inc. Common Stock,$451.57,5.17,1.158%,8821538261.00,United States,,118647,Industrials,Metal Fabrications
VNO,Vornado Realty Trust Common Stock,$28.54,1.02,3.706%,5441618114.00,United States,,1588368,Real Estate,Real Estate Investment Trusts
VNOM,Viper Energy Inc. Class A Common Stock,$44.65,-0.13,-0.29%,15964557001.00,United States,2014,8933476,Energy,Oil & Gas Production
VNT,Vontier Corporation Common Stock ,$40.53,0.19,0.471%,5739048000.00,United States,2020,1110417,Industrials,Industrial Machinery/Components
VOD,Vodafone Group Plc American Depositary Shares,$15.03,0.15,1.008%,35709789595.00,United Kingdom,,3220182,Telecommunications,Telecommunications Equipment
VOYA,Voya Financial Inc. Common Stock,$70.45,2.84,4.201%,6535157577.00,United States,2013,1386871,Finance,Life Insurance
VRDN,Viridian Therapeutics Inc. Common Stock,$30.39,1.07,3.649%,3106057693.00,United States,2014,1018448,Health Care,Medical Specialities
VRNS,Varonis Systems Inc. Common Stock,$23.49,-0.06,-0.255%,2758847084.00,United States,2014,1950766,Technology,Computer Software: Prepackaged Software
VRRM,Verra Mobility Corporation Class A Common Stock,$16.50,-0.29,-1.727%,2497472324.00,United States,2017,1068161,Consumer Discretionary,Transportation Services
VRSK,Verisk Analytics Inc. Common Stock,$215.58,0.83,0.386%,29737512215.00,United States,2009,2017227,Industrials,Diversified Commercial Services
VRSN,VeriSign Inc. Common Stock,$238.83,3.41,1.448%,21900711000.00,United States,1998,673777,Technology,EDP Services
VRT,Vertiv Holdings LLC Class A Common Stock,$251.28,6.84,2.798%,96139342034.00,United States,2018,4287055,Technology,Industrial Machinery/Components
VRTX,Vertex Pharmaceuticals Incorporated Common Stock,$477.89,3.62,0.763%,121400399059.00,United States,1991,996201,Health Care,Biotechnology: Pharmaceutical Preparations
VSAT,ViaSat Inc. Common Stock,$47.84,2.02,4.409%,6498174224.00,United States,1996,1256204,Technology,Radio And Television Broadcasting And Communications Equipment
VSCO,Victorias Secret & Co. Common Stock ,$60.01,-2.11,-3.397%,4816938129.00,United States,2021,3160302,Consumer Discretionary,Clothing/Shoe/Accessory Stores
VSEC,VSE Corporation Common Stock,$223.75,7.15,3.301%,6262992291.00,United States,,473276,Consumer Discretionary,Military/Government/Technical
VSH,Vishay Intertechnology Inc. Common Stock,$17.78,-0.17,-0.947%,2414421587.00,United States,,1372483,Technology,Electrical Products
VSNT,Versant Media Group Inc. Class A Common Stock ,$36.02,2.01,5.91%,5205970600.00,United States,,5282514,Industrials,Broadcasting
VST,Vistra Corp. Common Stock,$163.36,1.66,1.027%,55044847260.00,United States,,4672388,Utilities,Electric Utilities: Central
VTR,Ventas Inc. Common Stock,$86.75,0.25,0.289%,41203233182.00,United States,,2453379,Real Estate,Real Estate Investment Trusts
VTRS,Viatris Inc. Common Stock,$14.71,-0.18,-1.209%,16936989883.00,United States,,12587029,Health Care,Biotechnology: Pharmaceutical Preparations
VVV,Valvoline Inc. Common Stock,$36.94,-0.56,-1.493%,4703046612.00,United States,2016,1479482,Industrials,Major Chemicals
VVX,V2X Inc. Common Stock,$73.93,1.01,1.385%,2304652789.00,United States,2014,595159,Consumer Discretionary,Diversified Commercial Services
W,Wayfair Inc. Class A Common Stock,$78.71,3.23,4.279%,10291164218.00,United States,2014,3928594,Consumer Discretionary,Catalog/Specialty Distribution
WAB,Westinghouse Air Brake Technologies Corporation Common Stock,$260.79,-0.04,-0.015%,44469177980.00,United States,,603832,Industrials,Railroads
WAFD,WaFd Inc. Common Stock,$31.78,0.34,1.081%,2410936755.00,United States,,456805,Finance,Major Banks
WAL,Western Alliance Bancorporation Common Stock (DE),$81.56,2.01,2.527%,8961742414.00,United States,2005,1522274,Finance,Major Banks
WAT,Waters Corporation Common Stock,$319.04,6.90,2.211%,31298420924.00,United States,1995,1246580,Industrials,Biotechnology: Laboratory Analytical Instruments
WAY,Waystar Holding Corp. Common Stock,$26.93,0.35,1.317%,5161985273.00,United States,2024,1816811,Technology,EDP Services
WBD,Warner Bros. Discovery Inc. Series A Common Stock ,$27.95,-0.25,-0.887%,69314029944.00,United States,,37691665,Consumer Discretionary,Services-Misc. Amusement & Recreation
WBS,Webster Financial Corporation Common Stock,$70.10,1.33,1.934%,11301983609.00,United States,,9179148,Finance,Major Banks
WCC,WESCO International Inc. Common Stock,$286.58,-2.00,-0.693%,13945531601.00,United States,1999,361395,Consumer Discretionary,Telecommunications Equipment
WCN,Waste Connections Inc. Common Shares,$169.84,-2.73,-1.582%,43822013028.00,Canada,,1625687,Utilities,Environmental Services
WDAY,Workday Inc. Class A Common Stock,$143.04,-0.57,-0.397%,37619520000.00,United States,,4963314,Technology,EDP Services
WDC,Western Digital Corporation Common Stock,$261.30,10.69,4.266%,88590609019.00,United States,,9698093,Technology,Electronic Components
WDFC,WD-40 Company Common Stock,$244.34,0.50,0.205%,3295243031.00,United States,1973,154390,Industrials,Major Chemicals
WEC,WEC Energy Group Inc. Common Stock,$117.55,1.43,1.231%,37508935695.00,United States,,2835964,Utilities,Power Generation
WELL,Welltower Inc. Common Stock,$206.85,-1.15,-0.553%,144330110831.00,United States,,3085555,Real Estate,Real Estate Investment Trusts
WERN,Werner Enterprises Inc. Common Stock,$34.52,-0.01,-0.029%,2066691861.00,United States,1986,767759,Industrials,Trucking Freight/Courier Services
WES,Western Midstream Partners LP Common Units Representing Limited Partner Interests,$42.28,0.68,1.635%,16644259110.00,United States,2012,1636289,Utilities,Natural Gas Distribution
WEX,WEX Inc. common stock,$164.79,1.11,0.678%,5654046740.00,United States,,366509,Real Estate,Real Estate
WFRD,Weatherford International plc Ordinary Shares,$95.80,-2.03,-2.075%,6870545409.00,United States,,1520610,Consumer Discretionary,Oil and Gas Field Machinery
WGS,GeneDx Holdings Corp. Class A Common Stock,$79.47,2.50,3.248%,2327576088.00,United States,2020,690451,Technology,Retail: Computer Software & Peripheral Equipment
WH,Wyndham Hotels & Resorts Inc. Common Stock ,$80.44,-0.48,-0.593%,6044973011.00,United States,2018,1080002,Consumer Discretionary,Hotels/Resorts
WHD,Cactus Inc. Class A Common Stock,$50.02,-0.19,-0.378%,3994510966.00,United States,2018,1482867,Consumer Discretionary,Oil and Gas Field Machinery
WHR,Whirlpool Corporation Common Stock,$59.95,-0.40,-0.663%,3388296005.00,United States,,3359983,Consumer Discretionary,Consumer Electronics/Appliances
WING,Wingstop Inc. Common Stock,$239.34,-7.87,-3.184%,6578156984.00,United States,2015,468126,Consumer Discretionary,Restaurants
WK,Workiva Inc. Class A Common Stock,$61.83,-0.72,-1.151%,3514085791.00,United States,2014,1155917,Technology,Computer Software: Prepackaged Software
WLK,Westlake Corporation Common Stock,$106.13,3.21,3.119%,13575124172.00,United States,2004,1031884,Industrials,Major Chemicals
WM,Waste Management Inc. Common Stock,$243.95,0.51,0.209%,98393763775.00,United States,,2412757,Utilities,Environmental Services
WMB,Williams Companies Inc. (The) Common Stock,$75.77,-0.11,-0.145%,92557836920.00,United States,,5518213,Utilities,Natural Gas Distribution
WMG,Warner Music Group Corp. Class A Common Stock,$28.29,-0.13,-0.457%,14777173093.00,United States,2020,1216461,Consumer Discretionary,Services-Misc. Amusement & Recreation
WMS,Advanced Drainage Systems Inc. Common Stock,$161.07,-1.14,-0.703%,12546641876.00,United States,2014,455312,Consumer Discretionary,Containers/Packaging
WOR,Worthington Enterprises Inc. Common Shares,$53.73,-0.05,-0.093%,2662137797.00,United States,,132447,Industrials,Steel/Iron Ore
WPC,W. P. Carey Inc. REIT,$73.00,-0.79,-1.071%,15999380873.00,United States,,968234,Real Estate,Real Estate Investment Trusts
WPM,Wheaton Precious Metals Corp Common Shares (Canada),$153.95,2.61,1.725%,69896646411.00,Canada,,1987495,Basic Materials,Precious Metals
WPP,WPP plc American Depositary Shares,$17.15,0.83,5.086%,3700292095.00,Ireland,,555980,Consumer Discretionary,Advertising
WRB,W.R. Berkley Corporation Common Stock,$70.39,-2.25,-3.097%,26360411354.00,United States,,1786378,Finance,Property-Casualty Insurers
WRBY,Warby Parker Inc. Class A Common Stock,$27.36,-0.12,-0.437%,3350171179.00,United States,2021,2851644,Health Care,Ophthalmic Goods
WSBC,WesBanco Inc. Common Stock,$35.07,-0.22,-0.623%,3370684979.00,United States,,669689,Finance,Major Banks
WSBCO,WesBanco Inc. Depositary Shares each representing 1/40th interest in a share of 7.375% Fixed-Rate Reset Non-Cumulative Perpetual Preferred Stock Series B,$25.81,-0.08,-0.309%,2480678053.00,United States,,2476,Finance,Major Banks
WSC,WillScot Holdings Corporation Class A Common Stock,$21.41,0.55,2.637%,3872093518.00,United States,2015,1798875,Industrials,Misc Corporate Leasing Services
WSFS,WSFS Financial Corporation Common Stock,$65.20,0.59,0.913%,3438137614.00,United States,,299175,Finance,Major Banks
WSM,Williams-Sonoma Inc. Common Stock (DE),$196.34,-3.24,-1.623%,23439208798.00,United States,,817147,Consumer Discretionary,Home Furnishings
WSO,Watsco Inc. Common Stock,$405.03,-2.09,-0.513%,16445386917.00,United States,,290674,Consumer Discretionary,Industrial Machinery/Components
WST,West Pharmaceutical Services Inc. Common Stock,$248.84,-2.54,-1.01%,17921827820.00,United States,,1317698,Health Care,Medical/Dental Instruments
WT,WisdomTree Inc. Common Stock,$17.50,0.51,3.002%,2478292215.00,United States,2022,1772554,Finance,Investment Bankers/Brokers/Service
WTFC,Wintrust Financial Corporation Common Stock,$145.35,0.09,0.062%,9777765285.00,United States,,273468,Finance,Major Banks
WTM,White Mountains Insurance Group Ltd. Common Stock,$2223.79,8.70,0.393%,5486212238.00,United States,,20242,Finance,Property-Casualty Insurers
WTRG,Essential Utilities Inc. Common Stock,$40.24,0.13,0.324%,11392660916.00,United States,,1821329,Utilities,Water Supply
WTS,Watts Water Technologies Inc. Class A Common Stock,$319.61,-1.26,-0.393%,10655773749.00,United States,1986,123410,Industrials,Metal Fabrications
WTW,Willis Towers Watson Public Limited Company Ordinary Shares,$304.49,1.42,0.469%,28788282004.00,United Kingdom,,540310,Finance,Specialty Insurers
WU,Western Union Company (The) Common Stock,$9.58,0.01,0.104%,3002897070.00,United States,,6061795,Real Estate,Real Estate
WULF,TeraWulf Inc. Common Stock,$15.37,0.63,4.274%,6517927081.00,United States,,23654021,Technology,EDP Services
WWD,Woodward Inc. Common Stock,$384.99,-0.57,-0.148%,22951513406.00,United States,,575009,Energy,Industrial Machinery/Components
WY,Weyerhaeuser Company Common Stock,$24.82,0.05,0.202%,17886905300.00,United States,,4711680,Real Estate,Real Estate Investment Trusts
WYNN,Wynn Resorts Limited Common stock,$103.33,1.05,1.027%,10775592459.00,United States,2002,2817829,Consumer Discretionary,Hotels/Resorts
XEL,Xcel Energy Inc. Common Stock,$83.04,-0.13,-0.156%,51806730552.00,United States,,4729915,Utilities,Power Generation
XENE,Xenon Pharmaceuticals Inc. Common Shares,$43.05,-0.74,-1.69%,3581343104.00,Canada,2014,1141263,Health Care,Biotechnology: Pharmaceutical Preparations
XMTR,Xometry Inc. Class A Common Stock,$44.72,3.46,8.386%,2317588241.00,United States,2021,865565,Real Estate,Real Estate
XPO,XPO Inc. Common Stock,$214.46,-0.91,-0.423%,25123422182.00,United States,,1913222,Consumer Discretionary,Transportation Services
XRAY,DENTSPLY SIRONA Inc. Common Stock,$13.44,0.14,1.053%,2684631036.00,United States,1987,5714107,Health Care,Medical/Dental Instruments
XYL,Xylem Inc. Common Stock New,$129.40,2.22,1.746%,31462497807.00,United States,2011,1479405,Industrials,Fluid Controls
XYZ,Block Inc. Class A Common Stock,$65.24,2.34,3.72%,39085023040.00,United States,2015,10394195,Technology,Computer Software: Prepackaged Software
YETI,YETI Holdings Inc. Common Stock,$42.64,-0.82,-1.887%,3209443169.00,United States,2018,1009528,Consumer Discretionary,Recreational Games/Products/Toys
YOU,Clear Secure Inc. Class A Common Stock,$48.40,-0.52,-1.063%,6452765440.00,United States,2021,1844841,Technology,Computer Software: Prepackaged Software
YUM,Yum! Brands Inc.,$158.99,-1.49,-0.928%,43949626369.00,United States,,1580925,Consumer Discretionary,Restaurants
YUMC,Yum China Holdings Inc. Common Stock,$52.33,-0.04,-0.076%,18477536915.00,United States,2016,1401744,Consumer Discretionary,Restaurants
Z,Zillow Group Inc. Class C Capital Stock,$45.82,0.59,1.304%,10993510857.00,United States,,3680967,Real Estate,Real Estate
ZBH,Zimmer Biomet Holdings Inc. Common Stock,$95.75,-2.22,-2.266%,18733679383.00,United States,,1765125,Health Care,Industrial Specialties
ZBRA,Zebra Technologies Corporation Class A Common Stock,$231.42,6.04,2.68%,11383944140.00,United States,1991,861052,Industrials,Industrial Machinery/Components
ZETA,Zeta Global Holdings Corp. Class A Common Stock,$18.76,0.72,3.991%,4579758736.00,United States,2021,9762214,Technology,Computer Software: Prepackaged Software
ZG,Zillow Group Inc. Class A Common Stock,$46.10,0.58,1.274%,11060690758.00,United States,2011,1102785,Real Estate,Real Estate
ZION,Zions Bancorporation N.A. Common Stock,$58.22,0.57,0.989%,8610087624.00,United States,,1452007,Finance,Major Banks
ZIONP,Zions Bancorporation N.A. Depositary Shares (Each representing 1/40th Interest in a Share of Series A Floating-Rate Non-Cumulative Perpetual Preferred Stock),$19.08,-0.2653,-1.371%,2821718857.00,United States,,11570,Finance,Major Banks
ZM,Zoom Communications Inc. Class A Common Stock,$78.02,4.52,6.15%,22989910446.00,United States,2019,7804559,Technology,Computer Software: Programming Data Processing
ZS,Zscaler Inc. Common Stock,$156.21,1.54,0.996%,25117115716.00,United States,2018,1992349,Technology,EDP Services
ZTS,Zoetis Inc. Class A Common Stock,$125.96,0.03,0.024%,53171206226.00,United States,2013,5413691,Health Care,Biotechnology: Pharmaceutical Preparations
ZWS,Zurn Elkay Water Solutions Corporation Common Stock,$50.33,0.05,0.099%,8394942031.00,United States,2012,841415,Industrials,Industrial Machinery/Components
