Symbol,Name,Last Sale,Net Change,% Change,Market Cap,Country,IPO Year,Volume,Sector,Industry
AAOI,Applied Optoelectronics Inc. Common Stock,$126.15,5.66,4.697%,9486330765.00,United States,2013,9158390,Technology,Semiconductors
AAPG,Ascentage Pharma Group International American Depository Shares,$23.8801,-0.6099,-2.49%,2079160189.00,China,2025,1602,Health Care,Biotechnology: Pharmaceutical Preparations
AAT,American Assets Trust Inc. Common Stock,$18.73,-0.32,-1.68%,1149852231.00,United States,2011,199578,Real Estate,Real Estate Investment Trusts
ABCL,AbCellera Biologics Inc. Common Shares,$3.59,0.02,0.56%,1057849260.00,Canada,2020,1157873,Health Care,Biotechnology: Pharmaceutical Preparations
ABR,Arbor Realty Trust Common Stock,$7.875,0.005,0.064%,1520783114.00,United States,2004,1948793,Real Estate,Real Estate Investment Trusts
ABSI,Absci Corporation Common Stock,$2.415,-0.125,-4.921%,363147247.00,United States,2021,1467785,Health Care,Biotechnology: Commercial Physical & Biological Resarch
ABT,Abbott Laboratories Common Stock,$109.97,-0.58,-0.525%,191092987083.00,United States,,4692012,Health Care,Biotechnology: Pharmaceutical Preparations
ABTC,American Bitcoin Corp. Class A Common Stock,$1.12,-0.04,-3.448%,1038917593.00,United States,2018,15048346,Technology,EDP Services
ABUS,Arbutus Biopharma Corporation Common Stock,$4.685,-0.025,-0.531%,901038020.00,Canada,,1049559,Health Care,Biotechnology: Pharmaceutical Preparations
ACAD,ACADIA Pharmaceuticals Inc. Common Stock,$22.04,-0.50,-2.218%,3757701271.00,United States,1985,487837,Health Care,Biotechnology: Pharmaceutical Preparations
ACHC,Acadia Healthcare Company Inc. Common Stock,$23.96,-1.18,-4.694%,2209394177.00,United States,,1441540,Health Care,Medical Specialities
ACIW,ACI Worldwide Inc. Common Stock,$41.17,-0.90,-2.139%,4187811618.00,United States,,471327,Technology,Computer Software: Prepackaged Software
ACLS,Axcelis Technologies Inc. Common Stock,$85.43,-0.39,-0.454%,2624308365.00,United States,2000,240961,Technology,Industrial Machinery/Components
ACLX,Arcellx Inc. Common Stock,$114.35,-0.04,-0.035%,6687166502.00,United States,2022,697737,Health Care,Biotechnology: Biological Products (No Diagnostic Substances)
ACMR,ACM Research Inc. Class A Common Stock,$47.70,-0.36,-0.749%,3135206234.00,United States,2017,677232,Technology,Industrial Machinery/Components
ACRS,Aclaris Therapeutics Inc. Common Stock,$3.5701,-0.0999,-2.722%,430536884.00,United States,2015,986401,Health Care,Biotechnology: Pharmaceutical Preparations
ACVA,ACV Auctions Inc. Class A Common Stock,$4.95,-0.21,-4.07%,861654321.00,United States,2025,1159148,Real Estate,Real Estate
ADAM,Adamas Trust Inc. Common Stock,$8.025,-0.135,-1.654%,726056587.00,United States,,286670,Technology,Computer Software: Prepackaged Software
ADAMI,Adamas Trust Inc. 9.125% Senior Notes Due 2029,$25.33,0.03,0.119%,2294377443.00,United States,,8563,Real Estate,Real Estate Investment Trusts
ADAML,Adamas Trust Inc. 6.875% Series F Fixed-to-Floating Rate Cumulative Redeemable Preferred Stock $0.01 par value per share,$23.70,0.095,0.402%,2144241882.00,United States,,4140,Real Estate,Real Estate Investment Trusts
ADAMM,Adamas Trust Inc. 7.875% Series E Fixed-to-Floating Rate Cumulative Redeemable Preferred Stock,$25.5499,0.0499,0.196%,2311610365.00,United States,,9630,Real Estate,Real Estate Investment Trusts
ADAMN,Adamas Trust Inc. 8.00% Series D Fixed-to-Floating Rate Cumulative Redeemable Preferred Stock,$22.55,0.00,0.00%,2040196390.00,United States,,4102,Real Estate,Real Estate Investment Trusts
ADAMZ,Adamas Trust Inc. 7.000% Series G Cumulative Redeemable Preferred Stock $0.01 par value per share,$19.6728,-0.0672,-0.34%,1779883616.00,United States,,8117,Real Estate,Real Estate Investment Trusts
ADBE,Adobe Inc. Common Stock,$271.62,-3.51,-1.276%,111500010000.00,United States,1986,3320218,Technology,Computer Software: Prepackaged Software
ADC,Agree Realty Corporation Common Stock,$79.98,-0.51,-0.634%,9599863354.00,United States,,479142,Real Estate,Real Estate Investment Trusts
ADEA,Adeia Inc. Common Stock,$23.135,0.145,0.631%,2522929749.00,United States,2003,954162,Technology,Computer Software: Prepackaged Software
ADI,Analog Devices Inc. Common Stock,$318.11,-0.70,-0.22%,155302624383.00,United States,,1326147,Technology,Semiconductors
ADMA,ADMA Biologics Inc Common Stock,$15.705,-0.125,-0.79%,3740289859.00,United States,,1114879,Health Care,Biotechnology: Biological Products (No Diagnostic Substances)
ADPT,Adaptive Biotechnologies Corporation Common Stock,$14.05,-0.47,-3.237%,2163440932.00,United States,2019,1228658,Health Care,Biotechnology: Biological Products (No Diagnostic Substances)
ADSK,Autodesk Inc. Common Stock,$251.97,-1.88,-0.741%,53165670000.00,United States,,1116333,Technology,Computer Software: Prepackaged Software
ADUS,Addus HomeCare Corporation Common Stock,$103.08,0.93,0.91%,1908863375.00,United States,2009,140455,Health Care,Medical/Nursing Services
AEIS,Advanced Energy Industries Inc. Common Stock,$312.78,1.39,0.446%,11807754652.00,United States,1995,186001,Technology,Industrial Machinery/Components
AGIO,Agios Pharmaceuticals Inc. Common Stock,$27.505,-0.755,-2.672%,1611577691.00,United States,2013,171149,Health Care,Biotechnology: Pharmaceutical Preparations
AGNC,AGNC Investment Corp. Common Stock,$10.6265,-0.0935,-0.872%,11782351525.00,United States,2008,10507211,Real Estate,Real Estate Investment Trusts
AGNCL,AGNC Investment Corp. Depositary Shares Each Representing a 1/1000th Interest in a Share of 7.75% Series G Fixed-Rate Reset Cumulative Redeemable Preferred Stock,$25.15,-0.08,-0.317%,27885582351.00,United States,,6937,Real Estate,Real Estate Investment Trusts
AGNCM,AGNC Investment Corp. Depositary Shares rep 6.875% Series D Fixed-to-Floating Cumulative Redeemable Preferred Stock,$24.85,0.00,0.00%,27552951150.00,United States,,14170,Real Estate,Real Estate Investment Trusts
AGNCN,AGNC Investment Corp. Depositary Shares Each Representing a 1/1000th Interest in a Share of 7.00% Series C Fixed-To-Floating Rate Cumulative Redeemable Preferred Stock,$25.62,0.06,0.235%,28406704565.00,United States,,8345,Real Estate,Real Estate Investment Trusts
AGNCO,AGNC Investment Corp. Depositary Shares each representing a 1/1000th interest in a share of 6.50% Series E Fixed-to-Floating Cumulative Redeemable Preferred Stock,$25.42,-0.0199,-0.078%,28184950431.00,United States,,15094,Real Estate,Real Estate Investment Trusts
AGNCP,AGNC Investment Corp. Depositary Shares Each Representing a 1/1000th Interest in a Share of 6.125% Series F Fixed-to-Floating Rate Cumulative Redeemable Preferred Stock,$24.915,-0.005,-0.02%,27625021243.00,United States,,34753,Real Estate,Real Estate Investment Trusts
AGYS,Agilysys Inc. Common Stock (DE),$72.615,-0.695,-0.948%,2041080356.00,United States,,133434,Technology,EDP Services
AHCO,AdaptHealth Corp. Common Stock,$9.725,0.025,0.258%,1321771586.00,United States,2018,891351,Health Care,Medical/Nursing Services
AHG,Akso Health Group ADS,$2.15,0.37,20.787%,1186501531.00,China,2017,209791,Real Estate,Real Estate
AHR,American Healthcare REIT Inc. Common Stock,$52.59,-0.39,-0.736%,9888421024.00,United States,2024,1679707,Real Estate,Real Estate Investment Trusts
AI,C3.ai Inc. Class A Common Stock,$9.195,0.235,2.623%,1294226419.00,United States,2020,3028936,Technology,Computer Software: Prepackaged Software
AIP,Arteris Inc. Common Stock,$15.70,0.45,2.951%,713835998.00,United States,2021,294050,Technology,Semiconductors
AIV,Apartment Investment and Management Company Common Stock,$4.23,0.00,0.00%,608571479.00,United States,1994,808650,Real Estate,Real Estate Investment Trusts
AKAM,Akamai Technologies Inc. Common Stock,$106.66,2.16,2.067%,15467189720.00,United States,1999,3250401,Real Estate,Real Estate
AKBA,Akebia Therapeutics Inc. Common Stock,$1.3899,0.0099,0.717%,372325354.00,United States,2014,1528785,Health Care,Biotechnology: Pharmaceutical Preparations
AKR,Acadia Realty Trust Common Stock,$20.49,-0.21,-1.014%,2684997060.00,United States,,267892,Real Estate,Real Estate Investment Trusts
AKTS,Aktis Oncology Inc. Common stock,$19.315,0.335,1.765%,1029430589.00,United States,2026,200859,Health Care,Biotechnology: Pharmaceutical Preparations
ALAB,Astera Labs Inc. Common Stock,$124.53,8.05,6.911%,21196812059.00,United States,2024,4346428,Technology,Semiconductors
ALEX,Alexander & Baldwin Inc. Common Stock REIT Holding Company,$20.83,0.00,0.00%,1517996498.00,United States,,942581,Real Estate,Real Estate Investment Trusts
ALGM,Allegro MicroSystems Inc. Common Stock,$33.12,-0.05,-0.151%,6136833614.00,United States,2020,627541,Technology,Semiconductors
ALGN,Align Technology Inc. Common Stock,$176.74,7.31,4.314%,12598404010.00,United States,2001,741990,Health Care,Industrial Specialties
ALHC,Alignment Healthcare Inc. Common Stock,$17.81,-0.29,-1.602%,3638520540.00,United States,2021,998317,Health Care,Medical Specialities
ALIT,Alight Inc. Class A Common Stock,$0.9306,0.0232,2.557%,497408288.00,United States,2021,23488415,Real Estate,Real Estate
ALKT,Alkami Technology Inc. Common Stock,$18.305,0.345,1.921%,1943041776.00,United States,2021,2218381,Technology,Computer Software: Prepackaged Software
ALLO,Allogene Therapeutics Inc. Common Stock,$2.655,-0.055,-2.03%,596658532.00,United States,2018,2234302,Health Care,Biotechnology: Biological Products (No Diagnostic Substances)
ALMS,Alumis Inc. Common Stock,$26.355,-1.745,-6.21%,2751288136.00,United States,2024,600970,Health Care,Biotechnology: Pharmaceutical Preparations
ALNY,Alnylam Pharmaceuticals Inc. Common Stock,$319.16,-3.22,-0.999%,42328002639.00,United States,2004,457589,Health Care,Biotechnology: Pharmaceutical Preparations
ALRM,Alarm.com Holdings Inc. Common Stock,$48.63,-0.27,-0.552%,2415265264.00,United States,2015,154132,Technology,Computer Software: Prepackaged Software
ALT,Altimmune Inc. Common Stock,$3.7701,-0.0899,-2.329%,490376843.00,United States,,2187761,Health Care,Biotechnology: Pharmaceutical Preparations
ALX,Alexander's Inc. Common Stock,$243.79,-0.52,-0.213%,1245106229.00,United States,,56444,Real Estate,Real Estate Investment Trusts
AMBA,Ambarella Inc. Ordinary Shares,$54.595,0.595,1.102%,2350341283.00,United States,2012,286822,Technology,Semiconductors
AMBQ,Ambiq Micro Inc. Common Stock,$31.01,0.38,1.241%,659356048.00,United States,2025,190989,Technology,Semiconductors
AMH,American Homes 4 Rent Common Shares of Beneficial Interest,$28.68,-0.84,-2.846%,10433103882.00,United States,2013,2363805,Real Estate,Real Estate Investment Trusts
AMKR,Amkor Technology Inc. Common Stock,$43.97,0.03,0.068%,10874179500.00,United States,1998,1297116,Technology,Semiconductors
AMLX,Amylyx Pharmaceuticals Inc. Common Stock,$14.665,-0.315,-2.103%,1621024284.00,United States,2022,407411,Health Care,Biotechnology: Pharmaceutical Preparations
AMPH,Amphastar Pharmaceuticals Inc. Common Stock,$18.77,-0.14,-0.74%,851598110.00,United States,2014,337491,Health Care,Biotechnology: Pharmaceutical Preparations
AMPL,Amplitude Inc. Class A Common Stock,$7.585,-0.115,-1.494%,1014316944.00,United States,,681313,Technology,Computer Software: Prepackaged Software
AMRX,Amneal Pharmaceuticals Inc. Class A Common Stock,$12.595,-0.755,-5.655%,3962753527.00,United States,,2732497,Health Care,Biotechnology: Pharmaceutical Preparations
AMT,American Tower Corporation (REIT) Common Stock,$182.94,-3.18,-1.709%,85265556971.00,United States,,913813,Real Estate,Real Estate Investment Trusts
AMTM,Amentum Holdings Inc. Common Stock,$28.12,-0.67,-2.327%,6859457149.00,United States,2024,1353621,Real Estate,Real Estate
ANAB,AnaptysBio Inc. Common Stock,$63.765,1.755,2.83%,1833132480.00,United States,2017,583941,Health Care,Biotechnology: Pharmaceutical Preparations
ANGO,AngioDynamics Inc. Common Stock,$11.0401,0.0501,0.456%,455044063.00,United States,2004,144739,Health Care,Medical/Dental Instruments
ANIP,ANI Pharmaceuticals Inc.,$76.38,0.42,0.553%,1715354872.00,United States,,125914,Health Care,Biotechnology: Pharmaceutical Preparations
ANNX,Annexon Inc. Common Stock,$5.965,-0.115,-1.891%,713609676.00,United States,2020,854766,Health Care,Biotechnology: Pharmaceutical Preparations
ANRO,Alto Neuroscience Inc. Common Stock,$23.11,2.23,10.68%,717943002.00,United States,2024,328927,Health Care,Biotechnology: Pharmaceutical Preparations
AORT,Artivion Inc. Common Stock,$36.00,0.04,0.111%,1723820292.00,United States,,125767,Health Care,Medical/Dental Instruments
APEI,American Public Education Inc. Common Stock,$45.675,0.165,0.363%,826033745.00,United States,2007,101695,Real Estate,Other Consumer Services
APGE,Apogee Therapeutics Inc. Common Stock,$74.33,-1.04,-1.38%,5164838410.00,United States,2023,462193,Health Care,Biotechnology: Biological Products (No Diagnostic Substances)
APH,Amphenol Corporation Common Stock,$133.53,-3.21,-2.348%,164137069603.00,United States,,3464820,Technology,Electrical Products
API,Agora Inc. American Depositary Shares,$3.975,-0.205,-4.904%,371705195.00,China,2020,482150,Technology,Computer Software: Prepackaged Software
APLE,Apple Hospitality REIT Inc. Common Shares,$11.98,-0.06,-0.498%,2823192664.00,United States,2015,987517,Real Estate,Real Estate Investment Trusts
APLS,Apellis Pharmaceuticals Inc. Common Stock,$19.30,-0.34,-1.731%,2467117244.00,United States,2017,768565,Health Care,Biotechnology: Pharmaceutical Preparations
APP,Applovin Corporation Class A Common Stock,$458.965,-18.425,-3.86%,154798797270.00,United States,2021,4491475,Technology,Computer Software: Programming Data Processing
APPF,AppFolio Inc. Class A Common Stock,$178.57,-6.59,-3.559%,6426721443.00,United States,2015,222284,Technology,Computer Software: Prepackaged Software
APPN,Appian Corporation Class A Common Stock,$25.43,-0.31,-1.204%,1880796290.00,United States,2017,246161,Technology,Computer Software: Prepackaged Software
AQST,Aquestive Therapeutics Inc. Common Stock,$4.235,0.035,0.833%,516860783.00,United States,2018,1329763,Health Care,Biotechnology: Pharmaceutical Preparations
ARDT,Ardent Health Inc. Common Stock,$8.92,-0.12,-1.327%,1277234115.00,United States,2024,112428,Health Care,Hospital/Nursing Management
ARDX,Ardelyx Inc. Common Stock,$5.985,-0.135,-2.206%,1467805851.00,United States,2014,1561045,Health Care,Biotechnology: Pharmaceutical Preparations
ARE,Alexandria Real Estate Equities Inc. Common Stock,$50.68,-0.37,-0.725%,8782862295.00,United States,,775741,Real Estate,Real Estate Investment Trusts
ARI,Apollo Commercial Real Estate Finance Inc,$10.50,-0.05,-0.474%,1465789322.00,United States,2009,1175345,Real Estate,Real Estate Investment Trusts
ARMP,Armata Pharmaceuticals Inc. Common Stock,$11.2445,-0.7155,-5.982%,409377443.00,United States,,23841,Health Care,Biotechnology: Biological Products (No Diagnostic Substances)
ARQT,Arcutis Biotherapeutics Inc. Common Stock,$23.70,-0.89,-3.619%,2939591153.00,United States,2020,279152,Health Care,Biotechnology: Pharmaceutical Preparations
ARR,ARMOUR Residential REIT Inc.,$17.795,-0.005,-0.028%,2124454651.00,United States,,1868841,Real Estate,Real Estate Investment Trusts
ARVN,Arvinas Inc. Common Stock,$13.42,-0.41,-2.965%,858356580.00,United States,2018,291173,Health Care,Biotechnology: Pharmaceutical Preparations
ARW,Arrow Electronics Inc. Common Stock,$141.65,1.69,1.207%,7236355272.00,United States,,229321,Technology,Electronic Components
ARWR,Arrowhead Pharmaceuticals Inc. Common Stock,$57.705,-1.495,-2.525%,8080557524.00,United States,,1513360,Health Care,Biotechnology: Pharmaceutical Preparations
ASAN,Asana Inc. Class A Common Stock,$7.085,-0.265,-3.605%,1679853507.00,United States,2020,3919586,Technology,Computer Software: Prepackaged Software
ASMB,Assembly Biosciences Inc. Common Stock,$29.145,-0.455,-1.537%,460990545.00,United States,2010,33031,Health Care,Biotechnology: Pharmaceutical Preparations
ASST,Strive Inc. Class A Common Stock,$9.165,0.185,2.06%,571637923.00,United States,2023,2683860,Technology,Computer Software: Prepackaged Software
ATEC,Alphatec Holdings Inc. Common Stock,$12.62,0.11,0.879%,1910120544.00,United States,2006,1279273,Health Care,Medical/Dental Instruments
ATHM,Autohome Inc. American Depositary Shares each representing four class A ordinary shares.,$19.26,-0.38,-1.935%,2281226336.00,China,2013,676666,Technology,EDP Services
ATRC,AtriCure Inc. Common Stock,$29.62,0.44,1.508%,1475369268.00,United States,2005,344537,Health Care,Medical/Dental Instruments
AUPH,Aurinia Pharmaceuticals Inc Ordinary Shares,$14.73,-0.07,-0.473%,1958662521.00,Canada,,339915,Health Care,Biotechnology: Pharmaceutical Preparations
AUR,Aurora Innovation Inc. Class A Common Stock,$4.4141,0.0441,1.009%,8602256532.00,United States,2021,12625918,Technology,EDP Services
AURA,Aura Biosciences Inc. Common Stock,$5.565,-0.075,-1.33%,353395692.00,United States,2021,130226,Health Care,Biotechnology: Biological Products (No Diagnostic Substances)
AUROW,Aurora Innovation Inc. Warrant,$0.2419,-0.0076,-3.046%,471417923.00,United States,2021,2863,Technology,EDP Services
AVAH,Aveanna Healthcare Holdings Inc. Common Stock,$7.028,-0.182,-2.524%,1468229200.00,United States,2021,384310,Health Care,Medical/Nursing Services
AVB,AvalonBay Communities Inc. Common Stock,$170.505,-3.945,-2.261%,23884932564.00,United States,,625928,Real Estate,Real Estate Investment Trusts
AVBP,ArriVent BioPharma Inc. Common Stock,$24.57,-0.76,-3.00%,1086033853.00,United States,2024,348519,Health Care,Biotechnology: Pharmaceutical Preparations
AVIR,Atea Pharmaceuticals Inc. Common Stock,$6.005,-0.045,-0.744%,478430858.00,United States,2020,509265,Health Care,Biotechnology: Pharmaceutical Preparations
AVNS,Avanos Medical Inc. Common Stock,$13.26,0.15,1.144%,616635853.00,United States,2014,320430,Health Care,Industrial Specialties
AVNW,Aviat Networks Inc. Common Stock,$25.85,0.11,0.427%,333524714.00,United States,,32800,Technology,Radio And Television Broadcasting And Communications Equipment
AVPT,AvePoint Inc. Class A Common Stock,$10.61,-0.11,-1.026%,2286094462.00,United States,2019,858606,Technology,Computer Software: Prepackaged Software
AVR,Anteris Technologies Global Corp. Common Stock,$6.65,0.27,4.232%,646593159.00,United States,2024,892965,Health Care,Industrial Specialties
AVT,Avnet Inc. Common Stock,$60.92,0.26,0.429%,4987091950.00,United States,,190240,Technology,Electronic Components
AVTX,Avalo Therapeutics Inc. Common Stock,$17.00,0.075,0.443%,314716869.00,United States,2015,741481,Health Care,Biotechnology: Pharmaceutical Preparations
AVXL,Anavex Life Sciences Corp. Common Stock,$4.5599,-0.0801,-1.726%,422573949.00,United States,,364899,Health Care,Biotechnology: Biological Products (No Diagnostic Substances)
AXGN,Axogen Inc. Common Stock,$31.45,0.76,2.476%,1632182099.00,United States,,355210,Health Care,Biotechnology: Electromedical & Electrotherapeutic Apparatus
AXSM,Axsome Therapeutics Inc. Common Stock,$159.65,-6.69,-4.022%,8166622589.00,United States,2015,409483,Health Care,Biotechnology: Pharmaceutical Preparations
AXTI,AXT Inc Common Stock,$47.27,2.97,6.704%,2226931959.00,United States,1998,9365850,Technology,Semiconductors
AZTA,Azenta Inc.,$23.065,0.285,1.251%,1062409166.00,United States,,489688,Technology,Industrial Machinery/Components
BAND,Bandwidth Inc. Class A Common Stock,$15.57,-0.74,-4.537%,488694376.00,United States,2017,284036,Technology,Computer Software: Prepackaged Software
BAX,Baxter International Inc. Common Stock,$17.905,0.445,2.549%,9211944256.00,United States,,7898033,Health Care,Medical/Dental Instruments
BB,BlackBerry Limited Common Stock,$3.46,0.01,0.29%,2041400000.00,Canada,,3671021,Technology,Computer Software: Prepackaged Software
BBAI,BigBear.ai Inc. Common Stock,$4.095,0.025,0.614%,1949451683.00,United States,2021,33434090,Technology,Computer Software: Prepackaged Software
BBIO,BridgeBio Pharma Inc. Common Stock,$71.32,-3.00,-4.037%,13826299960.00,United States,2019,1661796,Health Care,Biotechnology: Pharmaceutical Preparations
BBNX,Beta Bionics Inc. Common Stock,$10.53,-0.44,-4.011%,467343997.00,United States,2025,372757,Health Care,Medical/Dental Instruments
BBOT,BridgeBio Oncology Therapeutics Inc. Common Stock  ,$9.9446,-0.2454,-2.408%,795894412.00,United States,2024,71707,Health Care,Biotechnology: Pharmaceutical Preparations
BCAX,Bicara Therapeutics Inc. Common Stock,$19.90,-0.16,-0.798%,1086788292.00,United States,2024,258565,Health Care,Biotechnology: Pharmaceutical Preparations
BCRX,BioCryst Pharmaceuticals Inc. Common Stock,$8.475,-0.275,-3.143%,2125535255.00,United States,1994,1967506,Health Care,Biotechnology: Biological Products (No Diagnostic Substances)
BDN,Brandywine Realty Trust Common Stock,$2.985,-0.045,-1.485%,518529866.00,United States,,1740620,Real Estate,Real Estate Investment Trusts
BDX,Becton Dickinson and Company Common Stock,$162.93,-0.95,-0.58%,46392982940.00,United States,,2202167,Health Care,Medical/Dental Instruments
BEAM,Beam Therapeutics Inc. Common Stock,$25.76,-0.32,-1.227%,2623816871.00,United States,2020,970178,Health Care,Biotechnology: Biological Products (No Diagnostic Substances)
BFH,Bread Financial Holdings Inc. Common Stock,$72.94,0.35,0.482%,3144816561.00,United States,,327102,Real Estate,Real Estate
BFLY,Butterfly Network Inc. Class A Common Stock,$3.70,-0.03,-0.804%,942141608.00,United States,2020,2367499,Health Care,Medical Electronics
BFS,Saul Centers Inc. Common Stock,$33.595,-0.465,-1.365%,822935561.00,United States,1993,19556,Real Estate,Real Estate Investment Trusts
BHC,Bausch Health Companies Inc. Common Stock,$5.365,-0.035,-0.648%,1988067426.00,Canada,,890868,Health Care,Biotechnology: Pharmaceutical Preparations
BHE,Benchmark Electronics Inc. Common Stock,$54.72,0.43,0.792%,1951700702.00,United States,,142252,Technology,Electrical Products
BHVN,Biohaven Ltd. Common Shares ,$10.35,0.08,0.779%,1556816819.00,United States,2022,1352828,Health Care,Biotechnology: Pharmaceutical Preparations
BIDU,Baidu Inc. ADS,$124.235,-1.265,-1.008%,42708377265.00,China,2005,1410460,Technology,Computer Software: Programming Data Processing
BIIB,Biogen Inc. Common Stock,$189.81,1.40,0.743%,27856236200.00,United States,,392630,Health Care,Biotechnology: Biological Products (No Diagnostic Substances)
BILI,Bilibili Inc. American Depositary Shares,$25.36,-1.22,-4.59%,10600137665.00,China,2018,2864247,Technology,EDP Services
BILL,BILL Holdings Inc. Common Stock,$41.40,-0.87,-2.058%,4096962216.00,United States,2019,1320738,Technology,EDP Services
BIOA,BioAge Labs Inc. Common Stock,$20.09,-0.88,-4.196%,838706712.00,United States,2024,487695,Health Care,Biotechnology: Pharmaceutical Preparations
BKD,Brookdale Senior Living Inc. Common Stock,$14.41,0.09,0.628%,3426588671.00,United States,2005,1496845,Health Care,Hospital/Nursing Management
BKSY,BlackSky Technology Inc. Class A Common Stock,$23.26,-0.74,-3.083%,964327269.00,United States,2019,641885,Technology,Radio And Television Broadcasting And Communications Equipment
BKTI,BK Technologies Corporation Common Stock,$84.025,-1.255,-1.472%,313601550.00,United States,,32330,Technology,Radio And Television Broadcasting And Communications Equipment
BL,BlackLine Inc. Common Stock,$35.8401,-0.3199,-0.885%,2134003241.00,United States,2016,487333,Technology,Computer Software: Prepackaged Software
BLFS,BioLife Solutions Inc. Common Stock,$18.725,0.055,0.295%,904417500.00,United States,,304008,Health Care,Biotechnology: Electromedical & Electrotherapeutic Apparatus
BLKB,Blackbaud Inc. Common Stock,$45.09,-0.27,-0.595%,2071139441.00,United States,2004,429092,Technology,Computer Software: Prepackaged Software
BLLN,BillionToOne Inc. Class A Common Stock,$65.70,-4.50,-6.41%,3007007532.00,United States,2025,224427,Health Care,Medical Specialities
BLND,Blend Labs Inc. Class A Common Stock,$1.795,0.165,10.123%,466245721.00,United States,2021,6259867,Technology,Computer Software: Programming Data Processing
BLTE,Belite Bio Inc American Depositary Shares,$173.72,-0.28,-0.161%,6517041524.00,United States,2022,39636,Health Care,Biotechnology: Pharmaceutical Preparations
BMBL,Bumble Inc. Class A Common Stock,$2.885,0.075,2.669%,325252001.00,United States,2021,3172474,Technology,Computer Software: Programming Data Processing
BMRN,BioMarin Pharmaceutical Inc. Common Stock,$60.495,-0.395,-0.649%,11634601603.00,United States,1999,808437,Health Care,Biotechnology: Pharmaceutical Preparations
BMY,Bristol-Myers Squibb Company Common Stock,$59.63,-0.50,-0.832%,121434927029.00,United States,,4892234,Health Care,Biotechnology: Pharmaceutical Preparations
BN,Brookfield Corporation Class A Limited Voting Shares,$40.56,-1.13,-2.71%,91070871032.00,Canada,1925,4198525,Real Estate,Building operators
BNH,Brookfield Finance Inc. 4.625% Subordinated Notes due October 16 2080,$15.43,-0.07,-0.452%,23265307155.00,Canada,2020,17987,Real Estate,Building operators
BNJ,Brookfield Finance Inc. 4.50% Perpetual Subordinated Notes,$15.13,-0.04,-0.264%,22812968065.00,Canada,2020,10812,Real Estate,Building operators
BNL,Broadstone Net Lease Inc. Common Stock,$18.875,-0.175,-0.919%,3613117185.00,United States,2020,507922,Real Estate,Real Estate Investment Trusts
BNTC,Benitec Biopharma Inc. Common Stock,$12.36,0.09,0.733%,424619568.00,United States,2015,100684,Health Care,Biotechnology: Pharmaceutical Preparations
BOX,Box Inc. Class A Common Stock,$24.61,-0.22,-0.886%,3407244188.00,United States,2015,916175,Technology,Computer Software: Prepackaged Software
BR,Broadridge Financial Solutions Inc. Common Stock,$183.845,-2.785,-1.492%,21463667509.00,United States,,637392,Real Estate,Real Estate
BRSP,BrightSpire Capital Inc. Class A Common Stock,$5.67,-0.06,-1.047%,729316485.00,United States,2018,403570,Real Estate,Real Estate Investment Trusts
BRX,Brixmor Property Group Inc. Common Stock,$29.715,-0.175,-0.585%,9110314659.00,United States,2013,730173,Real Estate,Real Estate Investment Trusts
BRZE,Braze Inc. Class A Common Stock,$18.71,0.02,0.107%,2099551968.00,United States,2021,985115,Technology,Computer Software: Prepackaged Software
BSX,Boston Scientific Corporation Common Stock,$69.22,-0.74,-1.058%,102714551264.00,United States,,8443065,Health Care,Medical/Dental Instruments
BSY,Bentley Systems Incorporated Class B Common Stock,$38.57,-0.40,-1.026%,11682653130.00,United States,2020,989221,Technology,Computer Software: Prepackaged Software
BTSG,BrightSpring Health Services Inc. Common Stock,$41.36,0.02,0.048%,8004684116.00,United States,2024,558874,Health Care,Medical/Nursing Services
BTSGU,BrightSpring Health Services Inc. Tangible Equity Unit,$137.72,-0.98,-0.707%,26653894982.00,United States,2024,107,Health Care,Medical/Nursing Services
BV,BrightView Holdings Inc. Common Stock,$11.835,-0.295,-2.432%,1114857000.00,United States,2018,501457,Real Estate,Real Estate
BVS,Bioventus Inc. Class A Common Stock,$8.81,-0.05,-0.564%,732593691.00,United States,2021,182497,Health Care,Medical/Dental Instruments
BXMT,Blackstone Mortgage Trust Inc. Common Stock,$18.905,-0.215,-1.124%,3190004027.00,United States,,409244,Real Estate,Real Estate Investment Trusts
BXP,BXP Inc. Common Stock,$51.89,-1.55,-2.90%,8231265244.00,United States,1997,896329,Real Estate,Real Estate Investment Trusts
BZ,KANZHUN LIMITED American Depository Shares,$14.465,-0.565,-3.759%,6288451944.00,China,2021,2931232,Technology,Computer Software: Programming Data Processing
CABA,Cabaletta Bio Inc. Common Stock,$3.255,-0.065,-1.958%,313343239.00,United States,2019,1213451,Health Care,Biotechnology: Biological Products (No Diagnostic Substances)
CACI,CACI International Inc. Class A Common Stock,$608.60,16.89,2.854%,13441402056.00,United States,,149119,Technology,EDP Services
CAH,Cardinal Health Inc. Common Stock,$215.53,-1.51,-0.696%,50717660928.00,United States,,573534,Health Care,Other Pharmaceuticals
CAI,Caris Life Sciences Inc. Common Stock,$18.49,-0.05,-0.27%,5224902702.00,United States,2025,936018,Health Care,Medical Specialities
CAPR,Capricor Therapeutics Inc. Common Stock,$32.765,-0.635,-1.901%,1694506686.00,United States,,1271703,Health Care,Biotechnology: Pharmaceutical Preparations
CARG,CarGurus Inc. Class A Common Stock ,$31.355,-1.025,-3.166%,2984655704.00,United States,2017,526121,Technology,EDP Services
CARL,Carlsmed Inc. Common Stock,$11.63,-0.17,-1.441%,310893067.00,United States,2025,44863,Health Care,Medical/Dental Instruments
CARS,Cars.com Inc. Common Stock ,$7.61,-0.19,-2.436%,446225766.00,United States,2017,986607,Technology,EDP Services
CART,Maplebear Inc. Common Stock,$36.825,-1.155,-3.041%,8860649695.00,United States,2023,2733144,Real Estate,Real Estate
CASS,Cass Information Systems Inc Common Stock,$44.45,-0.44,-0.98%,573453006.00,United States,,23802,Real Estate,Real Estate
CAST,FreeCast Inc. Class A Common Stock,$7.655,-1.475,-16.156%,312763856.00,United States,,121246,Technology,EDP Services
CATX,Perspective Therapeutics Inc. Common Stock,$5.235,-0.115,-2.15%,389159378.00,United States,,619660,Health Care,Medical/Dental Instruments
CBIO,Crescent Biopharma Inc. Common Stock,$12.02,-0.53,-4.223%,331232339.00,United States,2014,77069,Health Care,Biotechnology: Pharmaceutical Preparations
CBL,CBL & Associates Properties Inc. Common Stock,$38.19,-0.04,-0.105%,1182969163.00,United States,2021,56575,Real Estate,Real Estate Investment Trusts
CBLL,CeriBell Inc. Common Stock,$18.335,-0.095,-0.515%,690151934.00,United States,2024,146510,Health Care,Biotechnology: Electromedical & Electrotherapeutic Apparatus
CBZ,CBIZ Inc. Common Stock,$26.55,0.51,1.959%,1329454717.00,United States,,907376,Real Estate,Real Estate
CCC,CCC Intelligent Solutions Holdings Inc. Common Stock,$5.915,0.055,0.939%,3591150645.00,United States,,5898170,Technology,Computer Software: Prepackaged Software
CCI,Crown Castle Inc. Common Stock,$87.445,-1.075,-1.214%,38132179276.00,United States,,1531269,Real Estate,Real Estate Investment Trusts
CCLDO,CareCloud Inc. 8.75% Series B Cumulative Redeemable Perpetual Preferred Stock,$25.51,-0.0792,-0.31%,1081548465.00,United States,,4129,Technology,Computer Software: Prepackaged Software
CCSI,Consensus Cloud Solutions Inc. Common Stock,$29.61,-0.32,-1.069%,558709165.00,United States,,93345,Technology,Computer Software: Prepackaged Software
CDNA,CareDx Inc. Common Stock,$16.95,-0.03,-0.177%,868117031.00,United States,2014,283300,Health Care,Medical Specialities
CDNS,Cadence Design Systems Inc. Common Stock,$292.465,-0.825,-0.281%,79740874715.00,United States,,933865,Technology,Computer Software: Prepackaged Software
CDP,COPT Defense Properties Common Shares of Beneficial Interest,$31.90,-0.44,-1.361%,3611324354.00,United States,,407887,Real Estate,Real Estate Investment Trusts
CDRE,Cadre Holdings Inc. Common Stock,$35.265,-5.425,-13.333%,1434010459.00,United States,2021,945425,Health Care,Industrial Specialties
CDW,CDW Corporation Common Stock,$118.41,-0.24,-0.202%,15274130755.00,United States,2013,485942,Technology,Retail: Computer Software & Peripheral Equipment
CELC,Celcuity Inc. Common Stock,$115.155,-1.945,-1.661%,5328366830.00,United States,2017,403494,Health Care,Medical Specialities
CERS,Cerus Corporation Common Stock,$1.745,-0.025,-1.412%,335339749.00,United States,1997,1796525,Technology,EDP Services
CERT,Certara Inc. Common Stock,$6.655,-0.275,-3.968%,1059073785.00,United States,2020,1770811,Technology,Computer Software: Prepackaged Software
CEVA,CEVA Inc. Common Stock,$19.92,-0.07,-0.35%,552862389.00,United States,,232746,Technology,Computer Software: Programming Data Processing
CFLT,Confluent Inc. Class A Common Stock,$30.695,-0.035,-0.114%,10977897958.00,United States,2021,3960482,Technology,Computer Software: Prepackaged Software
CGC,Canopy Growth Corporation Common Shares,$1.07,0.01,0.943%,394064564.00,Canada,,5902735,Health Care, Medicinal Chemicals and Botanical Products 
CGEM,Cullinan Therapeutics Inc. Common Stock,$14.225,-0.685,-4.594%,840359784.00,United States,2021,482782,Health Care,Biotechnology: Biological Products (No Diagnostic Substances)
CGON,CG Oncology Inc. Common stock,$63.74,0.94,1.497%,5381899648.00,United States,2024,3647277,Health Care,Biotechnology: Biological Products (No Diagnostic Substances)
CHCT,Community Healthcare Trust Incorporated Common Stock,$16.2799,-0.2701,-1.632%,465145933.00,United States,2015,136194,Real Estate,Real Estate Investment Trusts
CHE,Chemed Corp,$401.55,0.79,0.197%,5527390361.00,United States,,144201,Health Care,Medical/Nursing Services
CI,The Cigna Group Common Stock,$259.735,-2.705,-1.031%,68447517027.00,United States,,1052354,Health Care,Medical Specialities
CIM,Chimera Investment Corporation Common Stock,$13.33,-0.17,-1.259%,1111755672.00,United States,2007,214765,Real Estate,Real Estate Investment Trusts
CIMN,Chimera Investment Corporation 9.000% Senior Notes due 2029,$25.25,0.07,0.278%,2033400074.00,United States,2024,3837,Real Estate,Real Estate Investment Trusts
CLDT,Chatham Lodging Trust (REIT) Common Shares of Beneficial Interest,$7.82,-0.08,-1.013%,369526569.00,United States,2010,105644,Real Estate,Real Estate Investment Trusts
CLDX,Celldex Therapeutics Inc.,$31.25,0.10,0.321%,2080198313.00,United States,,551683,Health Care,Biotechnology: In Vitro & In Vivo Diagnostic Substances
CLMB,Climb Global Solutions Inc. Common Stock,$81.43,-3.33,-3.929%,375041500.00,United States,,47126,Technology,Retail: Computer Software & Peripheral Equipment
CLOV,Clover Health Investments Corp. Class A Common Stock,$2.0061,0.0161,0.809%,1052535042.00,United States,,2841906,Health Care,Medical Specialities
CLPT,ClearPoint Neuro Inc. Common Stock,$11.56,0.24,2.12%,328573440.00,United States,,415373,Health Care,Medical/Dental Instruments
CLS,Celestica Inc. Common Stock,$266.9701,-2.2299,-0.828%,30692979479.00,Canada,1998,849113,Technology,Electrical Products
CLYM,Climb Bio Inc. Common Stock,$7.365,0.035,0.477%,351811173.00,United States,2021,450083,Health Care,Biotechnology: Pharmaceutical Preparations
CMCM,Cheetah Mobile Inc. American Depositary Shares each representing fifty (50) Class A Ordinary Shares,$6.80,-0.70,-9.333%,5217416402.00,China,2022,76909,Technology,Computer Software: Prepackaged Software
CMPX,Compass Therapeutics Inc. Common Stock,$5.595,0.025,0.449%,1007591884.00,United States,,829112,Health Care,Biotechnology: Biological Products (No Diagnostic Substances)
CNC,Centene Corporation Common Stock,$35.96,-0.44,-1.209%,17684085160.00,United States,,6443129,Health Care,Medical Specialities
CNMD,CONMED Corporation Common Stock,$38.37,-0.09,-0.234%,1183082776.00,United States,1987,172136,Health Care,Biotechnology: Electromedical & Electrotherapeutic Apparatus
CNXC,Concentrix Corporation Common Stock,$33.04,0.82,2.545%,2035174924.00,United States,,523351,Technology,Computer Software: Prepackaged Software
COGT,Cogent Biosciences Inc. Common Stock,$36.17,-0.51,-1.39%,5870710019.00,United States,2018,774611,Health Care,Biotechnology: Pharmaceutical Preparations
COHR,Coherent Corp. Common Stock,$250.40,-10.24,-3.929%,46945455741.00,United States,,5387148,Technology,Electronic Components
COLD,Americold Realty Trust Inc. Common Stock,$11.745,-0.355,-2.934%,3345911818.00,United States,2018,2071399,Real Estate,Real Estate Investment Trusts
COLL,Collegium Pharmaceutical Inc. Common Stock,$35.66,-0.95,-2.595%,1132319504.00,United States,2015,120667,Health Care,Biotechnology: Pharmaceutical Preparations
COMP,Compass Inc. Class A Common Stock,$8.585,-0.235,-2.664%,6372428154.00,United States,2021,4997610,Technology,EDP Services
CON,Concentra Group Holdings Parent Inc. Common Stock,$22.345,-0.095,-0.423%,2874343466.00,United States,2024,241174,Health Care,Medical Specialities
COO,The Cooper Companies Inc. Common Stock,$73.71,-0.70,-0.941%,14381882277.00,United States,,1314783,Health Care,Ophthalmic Goods
COR,Cencora Inc. Common Stock,$351.38,-0.81,-0.23%,68354191041.00,United States,,332965,Health Care,Other Pharmaceuticals
CORT,Corcept Therapeutics Incorporated Common Stock,$33.90,0.36,1.073%,3606079278.00,United States,2004,549950,Health Care,Biotechnology: Pharmaceutical Preparations
COUR,Coursera Inc. Common Stock,$6.06,0.02,0.331%,1019292000.00,United States,2021,1505351,Technology,Computer Software: Prepackaged Software
CPAY,Corpay Inc. Common Stock,$329.92,0.84,0.255%,22451153656.00,United States,,590003,Real Estate,Real Estate
CPRX,Catalyst Pharmaceuticals Inc. Common Stock,$24.385,-0.385,-1.554%,2977990911.00,United States,2006,374744,Health Care,Biotechnology: Pharmaceutical Preparations
CPT,Camden Property Trust Common Stock,$101.59,-2.02,-1.95%,10505240054.00,United States,1993,388176,Real Estate,Real Estate Investment Trusts
CRCT,Cricut Inc. Class A Common Stock,$4.0315,-0.0085,-0.21%,853796222.00,United States,2021,280522,Technology,Industrial Machinery/Components
CRDO,Credo Technology Group Holding Ltd Ordinary Shares,$116.50,4.17,3.712%,21488418010.00,United States,2022,4363820,Technology,Semiconductors
CRL,Charles River Laboratories International Inc. Common Stock,$168.185,0.815,0.487%,8279377543.00,United States,2000,206702,Health Care,Biotechnology: Commercial Physical & Biological Resarch
CRM,Salesforce Inc. Common Stock,$193.01,-1.90,-0.975%,178148230000.00,United States,2004,6390818,Technology,Computer Software: Prepackaged Software
CRMD,CorMedix Inc. Common Stock,$6.585,-0.135,-2.009%,520546851.00,United States,,660017,Health Care,Biotechnology: Pharmaceutical Preparations
CRNC,Cerence Inc. Common Stock,$6.965,-0.015,-0.215%,313550941.00,United States,,432985,Technology,Computer Software: Prepackaged Software
CRNX,Crinetics Pharmaceuticals Inc. Common Stock,$36.67,-0.68,-1.821%,3839544451.00,United States,2018,575065,Health Care,Biotechnology: Pharmaceutical Preparations
CRON,Cronos Group Inc. Common Share,$2.55,0.03,1.19%,976377831.00,Canada,,463375,Health Care, Medicinal Chemicals and Botanical Products 
CRSR,Corsair Gaming Inc. Common Stock,$5.665,0.005,0.088%,604242139.00,United States,2020,876746,Technology,Computer peripheral equipment
CRUS,Cirrus Logic Inc. Common Stock,$134.755,0.565,0.421%,6873500705.00,United States,1989,142756,Technology,Semiconductors
CRVS,Corvus Pharmaceuticals Inc. Common Stock,$16.68,-0.10,-0.596%,1377476917.00,United States,2016,455319,Health Care,Biotechnology: Pharmaceutical Preparations
CRWD,CrowdStrike Holdings Inc. Class A Common Stock,$440.0101,3.6801,0.843%,111592761102.00,United States,2019,1939865,Technology,Computer Software: Prepackaged Software
CRWV,CoreWeave Inc. Class A Common Stock,$80.67,5.75,7.675%,42407261689.00,United States,2025,27481269,Technology,Computer Software: Prepackaged Software
CSGP,CoStar Group Inc. Common Stock,$45.67,-0.66,-1.425%,19171960057.00,United States,1998,2386712,Real Estate,Real Estate
CSGS,CSG Systems International Inc. Common Stock,$79.825,-0.055,-0.069%,2275167041.00,United States,1996,266885,Technology,EDP Services
CSIQ,Canadian Solar Inc. Common Shares (ON),$17.64,0.28,1.613%,1181206064.00,Canada,2006,1213308,Technology,Semiconductors
CSR,D/B/A Centerspace Common Stock,$61.735,0.005,0.008%,1035563695.00,United States,,42794,Real Estate,Real Estate Investment Trusts
CSTL,Castle Biosciences Inc. Common Stock,$25.97,-0.63,-2.368%,772119212.00,United States,2019,122388,Health Care,Medical Specialities
CTMX,CytomX Therapeutics Inc. Common Stock,$4.875,-0.005,-0.102%,825997551.00,United States,2015,1012237,Health Care,Biotechnology: Pharmaceutical Preparations
CTNM,Contineum Therapeutics Inc. Class A Common Stock,$14.745,1.335,9.955%,550519851.00,United States,2024,180497,Health Care,Biotechnology: Pharmaceutical Preparations
CTO,CTO Realty Growth Inc. Common Stock,$19.235,-0.355,-1.812%,626283675.00,United States,1992,193050,Real Estate,Real Estate Investment Trusts
CTRE,CareTrust REIT Inc. Common Stock,$39.825,-0.145,-0.363%,8897092775.00,United States,2022,1006672,Real Estate,Real Estate Investment Trusts
CTS,CTS Corporation Common Stock,$47.79,-0.32,-0.665%,1371367981.00,United States,,79353,Technology,Electrical Products
CTSH,Cognizant Technology Solutions Corporation Class A Common Stock,$62.52,-0.46,-0.73%,29899997438.00,United States,1998,2991710,Technology,EDP Services
CUBE,CubeSmart Common Shares,$38.63,-1.35,-3.377%,8772637705.00,United States,,1026891,Real Estate,Real Estate Investment Trusts
CUZ,Cousins Properties Incorporated Common Stock,$22.80,-0.41,-1.766%,3829989372.00,United States,,892268,Real Estate,Real Estate Investment Trusts
CVLT,Commvault Systems Inc. Common Stock,$80.72,0.35,0.435%,3549612519.00,United States,2006,629778,Technology,Computer Software: Prepackaged Software
CVSA,Covista Inc. Common Shares,$100.27,-0.85,-0.841%,3460169601.00,United States,,160732,Real Estate,Other Consumer Services
CW,Curtiss-Wright Corporation Common Stock,$690.665,-12.945,-1.84%,25464493937.00,United States,,128743,Technology,Industrial Machinery/Components
CWAN,Clearwater Analytics Holdings Inc. Class A Common Stock,$23.215,0.035,0.151%,6859248135.00,United States,2021,1618219,Technology,Computer Software: Prepackaged Software
CXM,Sprinklr Inc. Class A Common Stock,$5.98,0.36,6.406%,1475183093.00,United States,2021,2282681,Technology,Computer Software: Prepackaged Software
CXW,CoreCivic Inc. Common Stock,$17.42,-0.30,-1.693%,1702094752.00,United States,,490919,Real Estate,Real Estate Investment Trusts
CYH,Community Health Systems Inc. Common Stock,$3.23,-0.15,-4.438%,447761192.00,United States,2000,2069274,Health Care,Hospital/Nursing Management
CYRX,CryoPort Inc. Common Stock,$7.9873,0.1073,1.362%,398215907.00,United States,,281120,Health Care,Biotechnology: Pharmaceutical Preparations
CYTK,Cytokinetics Incorporated Common Stock,$62.87,-1.33,-2.072%,7743245676.00,United States,2004,1129353,Health Care,Biotechnology: Pharmaceutical Preparations
DAO,Youdao Inc. American Depositary Shares each representing one Class A Ordinary Share,$10.06,-0.09,-0.887%,1202866645.00,China,2019,31969,Real Estate,Other Consumer Services
DASH,DoorDash Inc. Class A Common Stock,$168.375,-1.555,-0.915%,73146537018.00,United States,,2006922,Technology,EDP Services
DAWN,Day One Biopharmaceuticals Inc. Common Stock,$21.285,0.005,0.023%,2198691353.00,United States,2021,3845056,Health Care,Biotechnology: Pharmaceutical Preparations
DBRG,DigitalBridge Group Inc.,$15.37,0.00,0.00%,2812937384.00,United States,2014,1789966,Real Estate,Real Estate Investment Trusts
DBX,Dropbox Inc. Class A Common Stock,$25.8099,-0.5901,-2.235%,6225046369.00,United States,2018,1394947,Technology,Computer Software: Prepackaged Software
DCBO,Docebo Inc. Common Shares,$22.29,3.59,19.198%,641160014.00,Canada,,418780,Technology,Computer Software: Prepackaged Software
DCTH,Delcath Systems Inc. Common Stock,$9.56,0.19,2.028%,332173548.00,United States,,295292,Health Care,Medical/Dental Instruments
DDD,3D Systems Corporation Common Stock,$2.3725,-0.0775,-3.163%,305430938.00,United States,,3470322,Technology,Computer Software: Prepackaged Software
DDOG,Datadog Inc. Class A Common Stock,$126.48,3.40,2.762%,44755116092.00,United States,2019,2013968,Technology,Computer Software: Prepackaged Software
DEA,Easterly Government Properties Inc. Common Stock,$21.94,-0.33,-1.482%,1016232629.00,United States,2015,196659,Real Estate,Real Estate Investment Trusts
DEI,Douglas Emmett Inc. Common Stock,$9.895,-0.175,-1.738%,1657038617.00,United States,2006,1195448,Real Estate,Real Estate Investment Trusts
DELL,Dell Technologies Inc. Class C Common Stock ,$147.22,3.42,2.378%,97561163648.00,United States,2018,3754811,Technology,Computer Manufacturing
DFTX,Definium Therapeutics Inc. Common Shares,$18.68,-0.37,-1.942%,1840153332.00,United States,,817488,Health Care, Medicinal Chemicals and Botanical Products 
DGX,Quest Diagnostics Incorporated Common Stock,$201.10,0.20,0.10%,22094116952.00,United States,,326166,Health Care,Medical Specialities
DHC,Diversified Healthcare Trust Common Shares of Beneficial Interest,$7.43,0.14,1.92%,1798959216.00,United States,,956813,Real Estate,Real Estate Investment Trusts
DHCNI,Diversified Healthcare Trust 5.625% Senior Notes due 2042,$17.815,0.105,0.593%,4300796770.00,United States,,4987,Real Estate,Real Estate Investment Trusts
DHCNL,Diversified Healthcare Trust 6.25% Senior Notes Due 2046,$18.37,0.0499,0.272%,4434781738.00,United States,,1286,Real Estate,Real Estate Investment Trusts
DIOD,Diodes Incorporated Common Stock,$62.89,-0.12,-0.19%,2885233334.00,United States,,178020,Technology,Semiconductors
DJT,Trump Media & Technology Group Corp. Common Stock,$10.275,0.005,0.049%,2843414262.00,United States,2024,2885787,Technology,Computer Software: Programming Data Processing
DJTWW,Trump Media & Technology Group Corp. Warrants,$5.28,0.085,1.636%,1461141343.00,United States,2021,37607,Technology,Computer Software: Programming Data Processing
DLR,Digital Realty Trust Inc. Common Stock,$181.40,0.54,0.299%,62331841542.00,United States,2004,1462797,Real Estate,Real Estate Investment Trusts
DMAC,DiaMedica Therapeutics Inc. Common Stock,$7.65,-0.30,-3.774%,398392408.00,United States,2018,84355,Health Care,Biotechnology: Pharmaceutical Preparations
DNA,Ginkgo Bioworks Holdings Inc. Class A Common Stock,$6.85,0.51,8.044%,424181811.00,United States,2021,654610,Health Care,Biotechnology: Biological Products (No Diagnostic Substances)
DNLI,Denali Therapeutics Inc. Common Stock,$21.405,-0.025,-0.117%,3394650865.00,United States,2017,598145,Health Care,Biotechnology: Biological Products (No Diagnostic Substances)
DNTH,Dianthus Therapeutics Inc. Common Stock,$83.955,-2.965,-3.411%,3733570697.00,United States,2018,2577911,Health Care,Biotechnology: Pharmaceutical Preparations
DOC,Healthpeak Properties Inc. Common Stock,$16.98,-0.42,-2.414%,11801847069.00,United States,,2567864,Real Estate,Real Estate Investment Trusts
DOCN,DigitalOcean Holdings Inc. Common Stock,$67.90,5.89,9.498%,6246534783.00,United States,2021,3832119,Technology,Computer Software: Programming Data Processing
DOCS,Doximity Inc. Class A Common Stock,$24.52,-0.26,-1.049%,4529063650.00,United States,2021,1125733,Technology,EDP Services
DOCU,DocuSign Inc. Common Stock,$47.9275,-0.7125,-1.465%,9598571746.00,United States,1989,1457548,Technology,Computer Software: Prepackaged Software
DQ,DAQO New Energy Corp. American Depositary Shares each representing five ordinary shares,$23.105,0.105,0.457%,1549345400.00,China,2010,182534,Technology,Semiconductors
DRH,Diamondrock Hospitality Company Common Stock,$9.525,0.005,0.053%,1940272809.00,United States,2005,1028853,Real Estate,Real Estate Investment Trusts
DRUG,Bright Minds Biosciences Inc. Common Stock,$76.73,-2.90,-3.642%,750968864.00,Canada,,144146,Health Care,Biotechnology: Pharmaceutical Preparations
DSGN,Design Therapeutics Inc. Common Stock,$9.9904,0.0004,0.004%,616130736.00,United States,2021,107172,Health Care,Biotechnology: Pharmaceutical Preparations
DSGX,Descartes Systems Group Inc. (The) Common Stock,$69.1368,-0.8732,-1.247%,5944853784.00,Canada,,487321,Technology,Computer Software: Prepackaged Software
DSP,Viant Technology Inc. Class A Common Stock,$10.82,0.32,3.048%,675531617.00,United States,2021,163165,Technology,Computer Software: Programming Data Processing
DT,Dynatrace Inc. Common Stock,$37.17,-0.60,-1.589%,11085993907.00,United States,2019,3056219,Technology,Computer Software: Prepackaged Software
DUOL,Duolingo Inc. Class A Common Stock,$97.59,2.41,2.532%,4581878899.00,United States,2021,1477968,Technology,Computer Software: Prepackaged Software
DV,DoubleVerify Holdings Inc. Common Stock,$10.60,-0.01,-0.094%,1717072493.00,United States,2021,1437125,Technology,Computer Software: Programming Data Processing
DVA,DaVita Inc. Common Stock,$154.24,2.69,1.775%,10303232000.00,United States,,413220,Health Care,Misc Health and Biotechnology Services
DVLT,Datavault AI Inc. Common Stock,$0.7075,0.0346,5.142%,410338611.00,United States,2018,16854997,Technology,Semiconductors
DX,Dynex Capital Inc. Common Stock,$13.475,-0.125,-0.919%,2721724442.00,United States,,3312214,Real Estate,Real Estate Investment Trusts
DXC,DXC Technology Company Common Stock ,$12.28,0.03,0.245%,2084652346.00,United States,,858878,Technology,EDP Services
DXCM,DexCom Inc. Common Stock,$66.17,-1.62,-2.39%,25466506595.00,United States,2005,2444267,Health Care,Medical/Dental Instruments
DYN,Dyne Therapeutics Inc. Common Stock,$19.605,-0.175,-0.885%,3235356668.00,United States,2020,1999720,Health Care,Biotechnology: Pharmaceutical Preparations
EBAY,eBay Inc. Common Stock,$91.34,0.48,0.528%,40920320000.00,United States,1998,2388436,Real Estate,Real Estate
EBS,Emergent BioSolutions Inc. Common Stock,$8.225,-0.165,-1.967%,425815299.00,United States,2006,230219,Health Care,Biotechnology: Pharmaceutical Preparations
ECX,ECARX Holdings Inc. Class A Ordinary shares,$1.275,-0.095,-6.934%,440805783.00,China,,3480728,Technology,EDP Services
EDU,New Oriental Education & Technology Group Inc. Sponsored ADR representing 10 Ordinary Share (Cayman Islands),$53.64,0.53,0.998%,21341444700.00,China,2006,347251,Real Estate,Other Consumer Services
EEX,Emerald Holding Inc. Common Stock,$4.27,0.01,0.235%,844637406.00,United States,2017,6229,Real Estate,Real Estate
EGP,EastGroup Properties Inc. Common Stock,$189.915,-1.255,-0.656%,10128965732.00,United States,,100182,Real Estate,Real Estate Investment Trusts
EHAB,Enhabit Inc. Common Stock,$13.615,0.015,0.11%,690596981.00,United States,2022,2068821,Health Care,Medical/Nursing Services
EHC,Encompass Health Corporation Common Stock,$102.785,-4.105,-3.84%,10218490211.00,United States,,501470,Health Care,Hospital/Nursing Management
EIKN,Eikon Therapeutics Inc. Common Stock,$12.84,-1.18,-8.417%,693158887.00,United States,2026,270560,Health Care,Biotechnology: Biological Products (No Diagnostic Substances)
ELAN,Elanco Animal Health Incorporated Common Stock,$23.39,-0.28,-1.183%,11628761321.00,United States,2018,1656335,Health Care,Biotechnology: Pharmaceutical Preparations
ELS,Equity Lifestyle Properties Inc. Common Stock,$66.95,-0.78,-1.152%,12983450878.00,United States,,745261,Real Estate,Real Estate Investment Trusts
ELV,Elevance Health Inc. Common Stock,$287.60,4.92,1.74%,63474662229.00,United States,,1567287,Health Care,Medical Specialities
ELVN,Enliven Therapeutics Inc. Common Stock,$30.40,0.16,0.529%,1817932342.00,United States,2020,489569,Health Care,Biotechnology: Pharmaceutical Preparations
EMBC,Embecta Corp. Common Stock,$8.945,-0.145,-1.595%,529721594.00,United States,,456078,Health Care,Medical/Dental Instruments
EMR,Emerson Electric Company Common Stock,$138.29,-1.81,-1.292%,77718980000.00,United States,,1058080,Technology,Consumer Electronics/Appliances
ENGN,enGene Holdings Inc. Common Stock,$6.88,-0.06,-0.865%,460887526.00,Canada,,456943,Health Care,Biotechnology: Biological Products (No Diagnostic Substances)
ENOV,Enovis Corporation Common Stock,$24.36,0.47,1.967%,1394491391.00,United States,,376606,Health Care,Industrial Specialties
ENPH,Enphase Energy Inc. Common Stock,$43.375,-0.215,-0.493%,5686411274.00,United States,2012,2281222,Technology,Semiconductors
ENS,EnerSys Common Stock,$161.845,-0.045,-0.028%,5964210625.00,United States,2004,111466,Technology,Industrial Machinery/Components
ENSG,The Ensign Group Inc. Common Stock,$210.65,1.00,0.477%,12241457107.00,United States,2007,128576,Health Care,Hospital/Nursing Management
ENTA,Enanta Pharmaceuticals Inc. Common Stock,$14.08,0.13,0.932%,408592364.00,United States,2013,65067,Health Care,Biotechnology: Pharmaceutical Preparations
EOLS,Evolus Inc. Common Stock,$5.375,0.095,1.799%,349697446.00,United States,2018,316485,Health Care,Biotechnology: Pharmaceutical Preparations
EPAC,Enerpac Tool Group Corp. Common Stock,$36.56,-0.37,-1.002%,1929501711.00,United States,,105033,Technology,Industrial Machinery/Components
EPAM,EPAM Systems Inc. Common Stock,$142.325,0.145,0.102%,7705471088.00,United States,2012,675137,Technology,EDP Services
EPR,EPR Properties Common Stock,$56.815,-0.685,-1.191%,4347484425.00,United States,1997,321299,Real Estate,Real Estate Investment Trusts
EPRT,Essential Properties Realty Trust Inc. Common Stock,$33.165,-0.545,-1.617%,6960664164.00,United States,2018,1010633,Real Estate,Real Estate Investment Trusts
EPRX,Eupraxia Pharmaceuticals Inc. Common Stock,$7.57,-0.45,-5.611%,383407866.00,Canada,,146138,Health Care,Pharmaceuticals and Biotechnology
EQIX,Equinix Inc. Common Stock REIT,$973.39,17.32,1.812%,95640364366.00,United States,2000,439000,Real Estate,Real Estate Investment Trusts
EQR,Equity Residential Common Shares of Beneficial Interest,$59.52,-1.96,-3.188%,22471603868.00,United States,,1317197,Real Estate,Real Estate Investment Trusts
ERAS,Erasca Inc. Common Stock,$15.375,-0.205,-1.316%,4708006502.00,United States,2021,2640173,Health Care,Biotechnology: Pharmaceutical Preparations
ERII,Energy Recovery Inc. Common Stock,$10.77,-0.10,-0.92%,568964733.00,United States,2008,341678,Technology,Industrial Machinery/Components
ESPR,Esperion Therapeutics Inc. Common Stock,$2.66,-0.04,-1.481%,635908742.00,United States,2013,4581790,Health Care,Biotechnology: Pharmaceutical Preparations
ESRT,Empire State Realty Trust Inc. Class A Common Stock,$5.295,-0.075,-1.397%,906715239.00,United States,2013,862542,Real Estate,Real Estate Investment Trusts
ESS,Essex Property Trust Inc. Common Stock,$248.35,-5.94,-2.336%,16012491915.00,United States,1994,257298,Real Estate,Real Estate Investment Trusts
ESTC,Elastic N.V. Ordinary Shares,$52.58,0.73,1.408%,5442083001.00,United States,2018,874040,Technology,Computer Software: Prepackaged Software
ETON,Eton Pharmaceuticals Inc. Common Stock,$17.905,0.505,2.902%,480167964.00,United States,2018,227751,Health Care,Biotechnology: Pharmaceutical Preparations
ETSY,Etsy Inc. Common Stock,$52.66,-0.69,-1.293%,5068376499.00,United States,2025,1171079,Real Estate,Real Estate
EVCM,EverCommerce Inc. Common Stock,$12.095,0.155,1.298%,2169448449.00,United States,2021,43615,Technology,Computer Software: Prepackaged Software
EVER,EverQuote Inc. Class A Common Stock,$15.825,-0.005,-0.032%,570169733.00,United States,2018,412555,Technology,Computer Software: Programming Data Processing
EVGO,EVgo Inc. Class A Common Stock,$2.165,-0.025,-1.142%,677825849.00,United States,,2145233,Technology,EDP Services
EVLV,Evolv Technologies Holdings Inc. Class A Common Stock,$5.645,0.395,7.524%,985716290.00,United States,2020,8212055,Technology,Computer peripheral equipment
EW,Edwards Lifesciences Corporation Common Stock,$84.625,-1.155,-1.346%,49150200000.00,United States,,2366113,Health Care,Industrial Specialties
EWTX,Edgewise Therapeutics Inc. Common Stock,$30.675,1.375,4.693%,3290523232.00,United States,2021,494516,Health Care,Biotechnology: Pharmaceutical Preparations
EXAS,Exact Sciences Corporation Common Stock,$103.47,0.10,0.097%,19751203192.00,United States,2001,1015377,Health Care,Medical Specialities
EXEL,Exelixis Inc. Common Stock,$41.50,0.21,0.509%,10777910594.00,United States,2000,1105299,Health Care,Biotechnology: Biological Products (No Diagnostic Substances)
EXLS,ExlService Holdings Inc. Common Stock,$30.65,-0.08,-0.26%,4793160650.00,United States,2006,1359686,Real Estate,Real Estate
EXR,Extra Space Storage Inc Common Stock,$141.17,-5.51,-3.756%,29806305156.00,United States,2004,549397,Real Estate,Real Estate Investment Trusts
EYE,National Vision Holdings Inc. Common Stock,$26.40,-1.10,-4.00%,2097141684.00,United States,2017,531029,Health Care,Ophthalmic Goods
FA,First Advantage Corporation Common Stock,$11.17,-0.35,-3.038%,1947144537.00,United States,2021,748085,Technology,EDP Services
FBIOP,Fortress Biotech Inc. 9.375% Series A Cumulative Redeemable Perpetual Preferred Stock,$13.824,0.189,1.386%,437362841.00,United States,,18767,Health Care,Biotechnology: Pharmaceutical Preparations
FBRT,Franklin BSP Realty Trust Inc. Common Stock,$9.065,-0.045,-0.494%,733954914.00,United States,2021,505904,Real Estate,Real Estate Investment Trusts
FBRX,Forte Biosciences Inc. Common Stock,$26.975,-1.295,-4.581%,337914072.00,United States,2017,125631,Health Care,Biotechnology: Pharmaceutical Preparations
FCPT,Four Corners Property Trust Inc. Common Stock,$25.375,-0.225,-0.879%,2784780441.00,United States,2015,435436,Real Estate,Real Estate Investment Trusts
FDMT,4D Molecular Therapeutics Inc. Common Stock,$8.46,-0.41,-4.622%,483362735.00,United States,2020,242253,Health Care,Biotechnology: Biological Products (No Diagnostic Substances)
FDS,FactSet Research Systems Inc. Common Stock,$207.25,-4.76,-2.245%,7688821428.00,United States,2000,520680,Technology,Computer Software: Programming Data Processing
FHTX,Foghorn Therapeutics Inc. Common Stock,$5.6322,0.1422,2.59%,318508170.00,United States,2020,86035,Health Care,Biotechnology: Pharmaceutical Preparations
FICO,Fair Isaac Corporation Common Stock,$1178.105,-107.045,-8.329%,27947164676.00,United States,,632547,Real Estate,Real Estate
FIG,Figma Inc. Class A Common Stock,$28.01,-0.34,-1.199%,14613268185.00,United States,2025,6812291,Technology,Computer Software: Prepackaged Software
FIS,Fidelity National Information Services Inc. Common Stock,$50.31,-0.22,-0.435%,25879649543.00,United States,,2446812,Real Estate,Real Estate
FISV,Fiserv Inc. Common Stock,$58.61,-0.84,-1.413%,31343309978.00,United States,1986,3719280,Real Estate,Real Estate
FIVN,Five9 Inc. Common Stock,$16.61,-0.36,-2.121%,1270593245.00,United States,2014,1383143,Technology,EDP Services
FLGT,Fulgent Genetics Inc. Common Stock,$14.24,-0.14,-0.974%,444724200.00,United States,2016,415166,Health Care,Medical Specialities
FLYW,Flywire Corporation Voting Common Stock,$12.94,-0.21,-1.597%,1568383616.00,United States,2021,986983,Real Estate,Real Estate
FOLD,Amicus Therapeutics Inc. Common Stock,$14.375,0.015,0.104%,4513760235.00,United States,2007,3893870,Health Care,Biotechnology: Pharmaceutical Preparations
FORM,FormFactor Inc. FormFactor Inc. Common Stock,$91.7701,0.7401,0.813%,7150537788.00,United States,2003,390412,Technology,Semiconductors
FOUR,Shift4 Payments Inc. Class A Common Stock,$46.88,0.00,0.00%,3808499087.00,United States,2020,1193150,Real Estate,Real Estate
FPI,Farmland Partners Inc. Common Stock,$12.48,-0.14,-1.109%,543352817.00,United States,2014,169248,Real Estate,Real Estate Investment Trusts
FR,First Industrial Realty Trust Inc. Common Stock,$60.785,-0.345,-0.564%,8055487205.00,United States,1994,526136,Real Estate,Real Estate Investment Trusts
FRMI,Fermi Inc. Common Stock,$8.32,0.27,3.354%,5108691145.00,United States,2025,6912369,Real Estate,Real Estate Investment Trusts
FROG,JFrog Ltd. Ordinary Shares,$42.08,1.17,2.86%,5033985416.00,United States,2020,837788,Technology,Computer Software: Prepackaged Software
FRSH,Freshworks Inc. Class A Common Stock,$8.005,0.005,0.063%,2274502196.00,United States,2021,3334174,Technology,Computer Software: Prepackaged Software
FRT,Federal Realty Investment Trust Common Stock,$106.63,-0.17,-0.159%,9199613399.00,United States,,206403,Real Estate,Real Estate Investment Trusts
FSLR,First Solar Inc. Common Stock,$199.78,1.98,1.001%,21438590381.00,United States,2006,1005240,Technology,Semiconductors
FSLY,Fastly Inc. Class A Common Stock,$24.415,1.675,7.366%,3706197000.00,United States,,11160280,Technology,Computer Software: Prepackaged Software
FTNT,Fortinet Inc. Common Stock,$83.34,-0.86,-1.021%,61665231407.00,United States,2009,2797657,Technology,Computer peripheral equipment
FTRE,Fortrea Holdings Inc. Common Stock,$9.155,0.205,2.291%,855992500.00,United States,,1034799,Health Care,Medical Specialities
FULC,Fulcrum Therapeutics Inc. Common Stock,$7.68,-0.33,-4.12%,511489605.00,United States,2019,607341,Health Care,Biotechnology: Pharmaceutical Preparations
FVR,FrontView REIT Inc. Common Stock,$16.06,-0.15,-0.925%,358346860.00,United States,2024,39270,Real Estate,Real Estate Investment Trusts
GDDY,GoDaddy Inc. Class A Common Stock,$87.19,-3.02,-3.348%,11627145461.00,United States,2015,1000669,Technology,EDP Services
GDRX,GoodRx Holdings Inc. Class A Common Stock,$2.23,-0.17,-7.083%,763941131.00,United States,2020,2288403,Technology,EDP Services
GDS,GDS Holdings Limited ADS,$42.82,-1.07,-2.438%,8580150120.00,China,2016,1253462,Technology,Computer Software: Programming Data Processing
GDYN,Grid Dynamics Holdings Inc. Class A Common Stock,$6.515,0.255,4.073%,556079818.00,United States,2018,1096298,Technology,Computer Software: Prepackaged Software
GEGGL,Great Elm Group Inc.  7.25% Notes due 2027,$24.8799,-0.0101,-0.041%,721437161.00,United States,,1395,Technology,Computer Software: Prepackaged Software
GEHC,GE HealthCare Technologies Inc. Common Stock ,$72.49,-0.24,-0.33%,33037300610.00,United States,,1290972,Health Care,Medical Electronics
GEN,Gen Digital Inc. Common Stock,$21.19,-0.59,-2.709%,12834015371.00,United States,,3002411,Technology,Computer Software: Prepackaged Software
GENB,Generate Biomedicines Inc. Common Stock,$12.055,-0.155,-1.269%,1536412173.00,United States,2026,459002,Health Care,Biotechnology: Pharmaceutical Preparations
GENVR,Gen Digital Inc. Contingent Value Rights,$1.10,-0.33,-23.077%,666230151.00,United States,,136309,Technology,Computer Software: Prepackaged Software
GERN,Geron Corporation Common Stock,$1.6587,0.0287,1.761%,1062471429.00,United States,1996,15157250,Health Care,Biotechnology: Pharmaceutical Preparations
GETY,Getty Images Holdings Inc. Class A Common Stock,$0.7321,-0.0138,-1.85%,305442812.00,United States,2022,973193,Real Estate,Real Estate
GFS,GlobalFoundries Inc. Ordinary Shares,$43.895,-2.735,-5.865%,24400723732.00,United States,2021,2430725,Technology,Semiconductors
GH,Guardant Health Inc. Common Stock,$87.77,-2.72,-3.006%,11512829607.00,United States,2018,986034,Health Care,Medical Specialities
GHC,Graham Holdings Company Common Stock,$1046.355,-9.705,-0.919%,4564027861.00,United States,,12120,Real Estate,Other Consumer Services
GIGGU,GigCapital7 Corp. Unit,$11.27,0.00,0.00%,1756173671.00,United States,2024,3,Technology,Computer Software: Prepackaged Software
GILD,Gilead Sciences Inc. Common Stock,$146.43,-2.13,-1.434%,181781207915.00,United States,1992,2479407,Health Care,Biotechnology: Biological Products (No Diagnostic Substances)
GKOS,Glaukos Corporation Common Stock,$103.45,0.30,0.291%,6008253101.00,United States,2015,306688,Health Care,Medical/Dental Instruments
GLOB,Globant S.A. Common Shares,$48.42,-0.01,-0.021%,2090754102.00,United States,2014,883164,Technology,EDP Services
GLOO,Gloo Holdings Inc. Class A Common Stock,$6.32,0.45,7.666%,511022863.00,United States,2025,50158,Technology,EDP Services
GLPI,Gaming and Leisure Properties Inc. Common Stock,$47.57,-0.79,-1.634%,13472862976.00,United States,,818466,Real Estate,Real Estate Investment Trusts
GLSI,Greenwich LifeSciences Inc. Common Stock,$26.50,-0.44,-1.633%,367145284.00,United States,2020,83319,Health Care,Biotechnology: Pharmaceutical Preparations
GLUE,Monte Rosa Therapeutics Inc. Common Stock,$16.79,-0.49,-2.836%,1093327207.00,United States,2021,413367,Health Care,Biotechnology: Biological Products (No Diagnostic Substances)
GMED,Globus Medical Inc. Class A Common Stock,$87.02,0.37,0.427%,11769720498.00,United States,2012,420465,Health Care,Medical/Dental Instruments
GNL,Global Net Lease Inc. Common Stock,$9.355,-0.025,-0.267%,2003710039.00,United States,2015,1157991,Real Estate,Real Estate Investment Trusts
GOOD,Gladstone Commercial Corporation Real Estate Investment Trust,$12.205,-0.155,-1.254%,590807350.00,United States,2003,173799,Real Estate,Real Estate
GOODN,Gladstone Commercial Corporation 6.625% Series E Cumulative Redeemable Preferred Stock,$22.7873,0.0563,0.248%,1103064672.00,United States,,477,Real Estate,Real Estate
GOODO,Gladstone Commercial Corporation 6.00% Series G Cumulative Redeemable Preferred Stock par value $0.001 per share,$20.16,0.12,0.599%,975884979.00,United States,,991,Real Estate,Real Estate
GOTU,Gaotu Techedu Inc. American Depositary Shares,$2.1384,0.0084,0.394%,517603931.00,China,2019,122533,Real Estate,Other Consumer Services
GPCR,Structure Therapeutics Inc. American Depositary Shares,$58.065,-0.155,-0.266%,4113429814.00,United States,2023,490470,Health Care,Biotechnology: Pharmaceutical Preparations
GPN,Global Payments Inc. Common Stock,$72.36,-1.18,-1.605%,20253660022.00,United States,,2503354,Real Estate,Real Estate
GRAL,GRAIL Inc. Common Stock ,$46.04,-2.63,-5.404%,1794741547.00,United States,,680270,Health Care,Medical Specialities
GSIT,GSI Technology Common Stock,$8.471,-0.129,-1.50%,306533326.00,United States,2007,324522,Technology,Semiconductors
GTLB,GitLab Inc. Class A Common Stock,$23.04,-0.15,-0.647%,3879936000.00,United States,2021,4329830,Technology,Computer Software: Prepackaged Software
GTM,ZoomInfo Technologies Inc Common Stock,$6.295,-0.015,-0.238%,1921829784.00,United States,2020,2894027,Technology,Computer Software: Prepackaged Software
GWRE,Guidewire Software Inc. Common Stock,$157.37,-1.56,-0.982%,13322546054.00,United States,2012,835556,Technology,Computer Software: Prepackaged Software
GYRE,Gyre Therapeutics Inc. Common Stock,$8.24,0.12,1.478%,793785214.00,United States,2006,64517,Health Care,Biotechnology: Pharmaceutical Preparations
HAE,Haemonetics Corporation Common Stock,$60.485,-2.365,-3.763%,2810819605.00,United States,1991,429233,Health Care,Medical/Dental Instruments
HALO,Halozyme Therapeutics Inc. Common Stock,$66.72,-1.09,-1.607%,7874094240.00,United States,,756821,Health Care,Biotechnology: Biological Products (No Diagnostic Substances)
HCA,HCA Healthcare Inc. Common Stock,$536.92,-0.72,-0.134%,120067231624.00,United States,2011,493789,Health Care,Hospital/Nursing Management
HCSG,Healthcare Services Group Inc. Common Stock,$19.99,-0.15,-0.745%,1404648964.00,United States,1983,201419,Health Care,Hospital/Nursing Management
HHH,Howard Hughes Holdings Inc. Common Stock,$63.425,-1.155,-1.788%,3782435055.00,United States,,547897,Real Estate,Real Estate Investment Trusts
HIMS,Hims & Hers Health Inc. Class A Common Stock,$26.455,2.985,12.718%,6030120055.00,United States,2019,93668006,Health Care,Medical/Nursing Services
HIW,Highwoods Properties Inc. Common Stock,$21.91,-0.39,-1.749%,2408590313.00,United States,1994,922871,Real Estate,Real Estate Investment Trusts
HLIT,Harmonic Inc. Common Stock,$9.33,-0.15,-1.582%,1028561181.00,United States,1995,282651,Technology,Radio And Television Broadcasting And Communications Equipment
HNGE,Hinge Health Inc. Class A Common Stock,$45.54,-0.43,-0.935%,3586877950.00,United States,2025,584130,Technology,EDP Services
HOLX,Hologic Inc. Common Stock,$75.425,-0.115,-0.152%,16838246960.00,United States,1990,1068340,Health Care,Medical Electronics
HPE,Hewlett Packard Enterprise Company Common Stock,$21.395,0.295,1.398%,28511854409.00,United States,2015,15490817,Technology,Retail: Computer Software & Peripheral Equipment
HPQ,HP Inc. Common Stock,$18.445,-0.345,-1.836%,16928541595.00,United States,,8463881,Technology,Computer Manufacturing
HQY,HealthEquity Inc. Common Stock,$78.315,-0.185,-0.236%,6690942738.00,United States,2014,289923,Real Estate,Real Estate
HR,Healthcare Realty Trust Incorporated Common Stock,$18.23,-0.23,-1.246%,6359533713.00,United States,,1342269,Real Estate,Real Estate Investment Trusts
HRMY,Harmony Biosciences Holdings Inc. Common Stock,$28.775,0.035,0.122%,1664363668.00,United States,2020,258504,Health Care,Biotechnology: Pharmaceutical Preparations
HROW,Harrow Inc. Common Stock,$36.81,0.73,2.023%,1370425441.00,United States,,698154,Health Care,Biotechnology: Pharmaceutical Preparations
HSIC,Henry Schein Inc. Common Stock,$76.905,0.615,0.806%,8821320426.00,United States,1995,663471,Health Care,Medical Specialities
HST,Host Hotels & Resorts Inc. Common Stock,$19.105,-0.145,-0.753%,13035033184.00,United States,,4414287,Real Estate,Real Estate Investment Trusts
HSTM,HealthStream Inc. Common Stock,$20.45,-1.03,-4.795%,600337358.00,United States,2000,166762,Technology,Computer Software: Programming Data Processing
HTFL,Heartflow Inc. Common Stock,$22.17,-0.42,-1.859%,1887968800.00,United States,2025,485063,Health Care,Medical/Dental Instruments
HUBB,Hubbell Inc Common Stock,$478.40,0.34,0.071%,25432510397.00,United States,2015,240325,Technology,Electrical Products
HUBS,HubSpot Inc. Common Stock,$259.34,-9.98,-3.706%,13677730606.00,United States,2014,921108,Technology,Computer Software: Prepackaged Software
HUM,Humana Inc. Common Stock,$169.85,-3.77,-2.171%,20483224995.00,United States,,746217,Health Care,Medical Specialities
HUYA,HUYA Inc. American depositary shares each  representing one Class A ordinary share,$3.2717,-0.1783,-5.168%,731256715.00,United States,2018,1105219,Technology,Computer Software: Programming Data Processing
IAC,IAC Inc. Common Stock,$37.47,0.06,0.16%,2881741411.00,United States,,421698,Technology,Computer Software: Programming Data Processing
IART,Integra LifeSciences Holdings Corporation Common Stock,$9.615,0.065,0.681%,749366255.00,United States,,434775,Health Care,Medical/Dental Instruments
IBRX,ImmunityBio Inc. Common Stock,$8.295,0.285,3.558%,8528184528.00,United States,2015,14364404,Health Care,Biotechnology: Biological Products (No Diagnostic Substances)
ICHR,Ichor Holdings Ordinary Shares,$44.11,0.66,1.519%,1528161485.00,United States,2016,312891,Technology,Semiconductors
ICUI,ICU Medical Inc. Common Stock,$133.56,1.15,0.869%,3297633129.00,United States,1992,125571,Health Care,Medical/Dental Instruments
IDXX,IDEXX Laboratories Inc. Common Stock,$601.125,2.275,0.38%,47863997438.00,United States,1991,259479,Health Care,Biotechnology: In Vitro & In Vivo Diagnostic Substances
IDYA,IDEAYA Biosciences Inc. Common Stock,$33.765,-0.975,-2.807%,2965040622.00,United States,2019,254781,Health Care,Biotechnology: Pharmaceutical Preparations
IIIV,i3 Verticals Inc. Class A Common Stock,$23.18,0.05,0.216%,706430226.00,United States,2018,113774,Technology,Computer Software: Prepackaged Software
IKT,Inhibikase Therapeutics Inc. Common Stock,$2.005,0.055,2.821%,383276025.00,United States,2020,477313,Health Care,Biotechnology: Biological Products (No Diagnostic Substances)
ILMN,Illumina Inc. Common Stock,$121.03,-1.32,-1.079%,18505487000.00,United States,2000,1004249,Health Care,Medical Specialities
ILPT,Industrial Logistics Properties Trust Common Shares of Beneficial Interest,$6.21,0.00,0.00%,413915931.00,United States,2018,218451,Real Estate,Real Estate Investment Trusts
IMMX,Immix Biopharma Inc. Common Stock,$10.40,0.00,0.00%,550733352.00,United States,2021,357840,Health Care,Biotechnology: Pharmaceutical Preparations
IMNM,Immunome Inc. Common Stock,$21.355,-0.505,-2.31%,2415959465.00,United States,2020,401749,Health Care,Biotechnology: Pharmaceutical Preparations
IMRX,Immuneering Corporation Class A Common Stock,$5.61,-0.01,-0.178%,362702915.00,United States,2021,327645,Health Care,Biotechnology: Pharmaceutical Preparations
IMVT,Immunovant Inc. Common Stock,$25.55,-0.17,-0.661%,5200247199.00,United States,2019,374878,Health Care,Biotechnology: Biological Products (No Diagnostic Substances)
IMXI,International Money Express Inc. Common Stock,$15.79,-0.01,-0.063%,475859014.00,United States,2017,319733,Real Estate,Real Estate
INBX,Inhibrx Biosciences Inc. Common Stock,$71.65,0.02,0.028%,1042058828.00,United States,,58998,Health Care,Biotechnology: Biological Products (No Diagnostic Substances)
INCY,Incyte Corp. Common Stock,$95.155,-0.865,-0.901%,18937223415.00,United States,,722015,Health Care,Biotechnology: Commercial Physical & Biological Resarch
INDI,indie Semiconductor Inc. Class A Common Stock,$2.555,-0.055,-2.107%,571453101.00,United States,,2683148,Technology,Semiconductors
INGM,Ingram Micro Holding Corporation Common Stock,$22.41,0.23,1.037%,5268023893.00,United States,2024,747009,Technology,Retail: Computer Software & Peripheral Equipment
INN,Summit Hotel Properties Inc. Common Stock,$4.03,0.00,0.00%,438458705.00,United States,2011,1129608,Real Estate,Real Estate Investment Trusts
INNV,InnovAge Holding Corp. Common Stock,$8.49,-0.25,-2.86%,1152088509.00,United States,2021,187442,Health Care,Medical/Nursing Services
INOD,Innodata Inc. Common Stock,$43.745,-0.285,-0.647%,1426191857.00,United States,1993,443278,Technology,EDP Services
INSM,Insmed Incorporated Common Stock,$140.11,-3.74,-2.60%,30200976149.00,United States,,668497,Health Care,Biotechnology: Pharmaceutical Preparations
INSP,Inspire Medical Systems Inc. Common Stock,$59.95,0.51,0.858%,1726398555.00,United States,2018,292823,Health Care,Medical/Dental Instruments
INTA,Intapp Inc. Common Stock,$25.26,-0.20,-0.786%,2030797630.00,United States,2021,516067,Technology,Computer Software: Prepackaged Software
INTU,Intuit Inc. Common Stock,$438.84,-15.11,-3.329%,121361202000.00,United States,1993,1963030,Technology,Computer Software: Prepackaged Software
INVA,Innoviva Inc. Common Stock,$22.285,-0.125,-0.558%,1650731201.00,United States,2004,227883,Health Care,Biotechnology: Pharmaceutical Preparations
IONQ,IonQ Inc. Common Stock,$33.91,-1.21,-3.445%,12432788036.00,United States,2021,18705640,Technology,EDP Services
IONS,Ionis Pharmaceuticals Inc. Common Stock,$74.80,-0.86,-1.137%,12356362423.00,United States,,1104015,Health Care,Biotechnology: Pharmaceutical Preparations
IOT,Samsara Inc. Class A Common Stock,$31.57,-1.33,-4.043%,18216018079.00,United States,2021,5004029,Technology,EDP Services
IOVA,Iovance Biotherapeutics Inc. Common Stock,$4.86,-0.34,-6.538%,2002133410.00,United States,,14748047,Health Care,Biotechnology: Biological Products (No Diagnostic Substances)
IPGP,IPG Photonics Corporation Common Stock,$118.81,2.34,2.009%,5012754650.00,United States,2006,259786,Technology,Semiconductors
IPSC,Century Therapeutics Inc. Common Stock,$2.725,-0.045,-1.625%,489540334.00,United States,2021,730633,Health Care,Biotechnology: Biological Products (No Diagnostic Substances)
IQV,IQVIA Holdings Inc. Common Stock,$171.5625,0.6325,0.37%,29117186730.00,United States,2013,538063,Health Care,Biotechnology: Commercial Physical & Biological Resarch
IRD,Opus Genetics Inc. Common Stock,$5.03,0.18,3.711%,346889966.00,United States,,1047360,Health Care,Biotechnology: Pharmaceutical Preparations
IRM,Iron Mountain Incorporated (Delaware)Common Stock REIT,$107.11,-0.66,-0.612%,31686908915.00,United States,,528431,Real Estate,Real Estate Investment Trusts
IRMD,iRadimed Corporation Common Stock,$99.49,0.545,0.551%,1271737491.00,United States,2014,58159,Health Care,Medical/Dental Instruments
IRON,Disc Medicine Inc. Common Stock,$64.08,-2.10,-3.173%,2445296965.00,United States,,175545,Health Care,Biotechnology: Pharmaceutical Preparations
IRT,Independence Realty Trust Inc. Common Stock,$16.035,-0.195,-1.201%,3804789097.00,United States,2013,1368107,Real Estate,Real Estate Investment Trusts
IRTC,iRhythm Holdings Inc. Common Stock,$121.19,0.66,0.548%,3916468144.00,United States,2016,328872,Health Care,Medical/Dental Instruments
IRWD,Ironwood Pharmaceuticals Inc. Class A Common Stock,$3.71,0.01,0.27%,604946352.00,United States,2010,907998,Health Care,Biotechnology: Pharmaceutical Preparations
ISRG,Intuitive Surgical Inc. Common Stock,$490.35,4.50,0.926%,174138111713.00,United States,2000,840904,Health Care,Industrial Specialties
ISSC,Innovative Solutions and Support Inc. Common Stock,$29.285,-1.275,-4.172%,520638775.00,United States,2000,512979,Technology,EDP Services
ITGR,Integer Holdings Corporation Common Stock,$86.06,2.78,3.338%,2961096283.00,United States,,441461,Health Care,Biotechnology: Electromedical & Electrotherapeutic Apparatus
IVR,INVESCO MORTGAGE CAPITAL INC Common Stock,$8.30,-0.08,-0.955%,691145416.00,United States,2009,751452,Real Estate,Real Estate Investment Trusts
IVT,InvenTrust Properties Corp. Common Stock,$30.845,0.075,0.244%,2396633089.00,United States,2021,238444,Real Estate,Real Estate Investment Trusts
IVVD,Invivyd Inc. Common Stock,$1.895,0.065,3.552%,535517011.00,United States,2021,1818121,Health Care,Biotechnology: Biological Products (No Diagnostic Substances)
JANX,Janux Therapeutics Inc. Common Stock,$13.86,-0.21,-1.493%,843126752.00,United States,2021,289776,Health Care,Biotechnology: Pharmaceutical Preparations
JBGS,JBG SMITH Properties Common Shares ,$14.57,-0.22,-1.487%,1100558486.00,United States,2017,157531,Real Estate,Real Estate Investment Trusts
JBIO,Jade Biosciences Inc. Common Stock,$14.12,-0.36,-2.486%,696345972.00,United States,2021,147238,Health Care,Biotechnology: Pharmaceutical Preparations
JBL,Jabil Inc. Common Stock,$252.175,1.025,0.408%,26628486456.00,United States,1993,560185,Technology,Electrical Products
JKHY,Jack Henry & Associates Inc. Common Stock,$166.5701,-4.4499,-2.602%,12020925704.00,United States,1985,378458,Technology,EDP Services
JKS,JinkoSolar Holding Company Limited American Depositary Shares (each representing 4 Common Shares),$25.70,0.34,1.341%,1356210203.00,China,2010,280647,Technology,Semiconductors
JOE,St. Joe Company (The) Common Stock,$70.455,-0.135,-0.191%,4054290068.00,United States,,69623,Real Estate,Homebuilding
KALA,KALA BIO Inc. Common Stock,$0.3772,0.0833,28.343%,343753761.00,United States,2017,273793909,Health Care,Biotechnology: Pharmaceutical Preparations
KC,Kingsoft Cloud Holdings Limited American Depositary Shares,$13.395,-0.695,-4.933%,3645926822.00,China,2020,1037006,Technology,Computer Software: Prepackaged Software
KD,Kyndryl Holdings Inc. Common Stock,$12.73,0.03,0.236%,2869942754.00,United States,2021,1417361,Technology,EDP Services
KDK,Kodiak AI Inc. Common Stock ,$9.09,0.28,3.178%,1647175193.00,United States,,464088,Technology,EDP Services
KE,Kimball Electronics Inc. Common Stock,$22.99,0.03,0.131%,556682941.00,United States,,58054,Technology,Electrical Products
KIDS,OrthoPediatrics Corp. Common Stock,$17.66,-0.15,-0.842%,446423378.00,United States,2017,55649,Health Care,Medical/Dental Instruments
KIM,Kimco Realty Corporation (HC) Common Stock,$23.025,-0.135,-0.583%,15520384708.00,United States,,2652240,Real Estate,Real Estate Investment Trusts
KLAC,KLA Corporation Common Stock,$1468.34,15.40,1.06%,192465030996.00,United States,1980,480138,Technology,Electronic Components
KMTS,Kestra Medical Technologies Ltd. Common Stock,$22.11,-0.18,-0.808%,1290097562.00,United States,2025,218622,Health Care,Medical/Dental Instruments
KNSA,Kiniksa Pharmaceuticals International plc Class A Ordinary Shares,$46.28,-0.74,-1.574%,3542057248.00,United States,2018,149303,Health Care,Biotechnology: Pharmaceutical Preparations
KOD,Kodiak Sciences Inc Common Stock,$24.72,-0.39,-1.553%,1482089652.00,United States,2018,327238,Health Care,Biotechnology: Biological Products (No Diagnostic Substances)
KOPN,Kopin Corporation Common Stock,$2.21,0.05,2.315%,408309940.00,United States,1992,785187,Technology,Semiconductors
KRC,Kilroy Realty Corporation Common Stock,$28.46,-0.58,-1.997%,3372596917.00,United States,1997,772810,Real Estate,Real Estate Investment Trusts
KREF,KKR Real Estate Finance Trust Inc. Common Stock,$6.805,-0.215,-3.063%,437395751.00,United States,2017,710572,Real Estate,Real Estate Investment Trusts
KRG,Kite Realty Group Trust Common Stock,$25.78,-0.12,-0.463%,5331106628.00,United States,2004,1105888,Real Estate,Real Estate Investment Trusts
KRYS,Krystal Biotech Inc. Common Stock,$256.32,-4.76,-1.823%,7492794684.00,United States,2017,59508,Health Care,Biotechnology: Biological Products (No Diagnostic Substances)
KURA,Kura Oncology Inc. Common Stock,$9.09,-0.17,-1.836%,802917509.00,United States,,986950,Health Care,Biotechnology: Pharmaceutical Preparations
KVYO,Klaviyo Inc. Series A Common Stock,$19.84,-0.26,-1.294%,6046718620.00,United States,2023,1197556,Technology,Computer Software: Prepackaged Software
KYMR,Kymera Therapeutics Inc. Common Stock,$83.06,-1.52,-1.797%,6781217246.00,United States,2020,318582,Health Care,Biotechnology: Biological Products (No Diagnostic Substances)
KYTX,Kyverna Therapeutics Inc. Common Stock,$8.74,-0.49,-5.309%,499293651.00,United States,2024,423150,Health Care,Biotechnology: Biological Products (No Diagnostic Substances)
LADR,Ladder Capital Corp Class A Common Stock,$10.145,-0.025,-0.246%,1290784456.00,United States,2014,306388,Real Estate,Real Estate Investment Trusts
LAMR,Lamar Advertising Company Class A Common Stock,$133.885,-1.815,-1.338%,13566650996.00,United States,1996,261539,Real Estate,Real Estate Investment Trusts
LAND,Gladstone Land Corporation Common Stock,$11.88,-0.13,-1.082%,492288263.00,United States,1993,301742,Real Estate,Real Estate Investment Trusts
LANDO,Gladstone Land Corporation 6.00% Series B Cumulative Redeemable Preferred Stock,$19.98,0.07,0.352%,827939352.00,United States,,6143,Real Estate,Real Estate Investment Trusts
LANDP,Gladstone Land Corporation 6.00% Series C Cumulative Redeemable Preferred Stock,$19.9527,0.1077,0.543%,826808083.00,United States,,8723,Real Estate,Real Estate Investment Trusts
LASR,nLIGHT Inc. Common Stock,$65.79,2.00,3.135%,3670510877.00,United States,2018,1276511,Technology,Semiconductors
LAUR,Laureate Education Inc. Common Stock,$33.49,-0.63,-1.846%,4780484169.00,United States,2017,1002425,Real Estate,Other Consumer Services
LBRX,LB Pharmaceuticals Inc Common Stock,$24.68,0.66,2.748%,624381837.00,United States,2025,192149,Health Care,Biotechnology: Pharmaceutical Preparations
LCTX,Lineage Cell Therapeutics Inc. Common Stock,$1.675,-0.135,-7.459%,417221611.00,United States,,1229418,Health Care,Biotechnology: Biological Products (No Diagnostic Substances)
LDOS,Leidos Holdings Inc. Common Stock,$174.38,1.87,1.084%,22040356236.00,United States,,458914,Technology,EDP Services
LEGN,Legend Biotech Corporation American Depositary Shares,$20.065,0.505,2.582%,3684920355.00,United States,2020,943489,Health Care,Biotechnology: Pharmaceutical Preparations
LENZ,LENZ Therapeutics Inc. Common Stock,$12.025,0.085,0.712%,376261877.00,United States,2021,278630,Health Care,Biotechnology: Biological Products (No Diagnostic Substances)
LFMDP,LifeMD Inc. 8.875% Series A Cumulative Perpetual Preferred Stock,$22.83,-0.31,-1.34%,1098942255.00,United States,,764,Health Care,Medical/Nursing Services
LFST,LifeStance Health Group Inc. Common Stock,$6.615,-0.115,-1.709%,2578415934.00,United States,2021,928068,Health Care,Medical/Nursing Services
LGND,Ligand Pharmaceuticals Incorporated Common Stock,$221.205,8.915,4.199%,4411080095.00,United States,,313969,Health Care,Biotechnology: Pharmaceutical Preparations
LH,Labcorp Holdings Inc. Common Stock,$270.7375,2.0375,0.758%,22308770000.00,United States,,238160,Health Care,Medical Specialities
LIF,Life360 Inc. Common Stock,$45.64,-0.74,-1.596%,3660264697.00,United States,2024,803609,Technology,EDP Services
LINC,Lincoln Educational Services Corporation Common Stock,$36.45,0.13,0.358%,1161988311.00,United States,2005,102480,Real Estate,Other Consumer Services
LINE,Lineage Inc. Common Stock,$39.09,-0.07,-0.179%,8876569943.00,United States,2024,1015651,Real Estate,Real Estate Investment Trusts
LMAT,LeMaitre Vascular Inc. Common Stock,$107.875,-1.325,-1.213%,2457215909.00,United States,2006,101164,Health Care,Medical/Dental Instruments
LMRI,Lumexa Imaging Holdings Inc. Common Stock,$13.675,-0.775,-5.363%,1293185291.00,United States,2025,374538,Health Care,Medical Specialities
LNTH,Lantheus Holdings Inc. Common Stock,$81.74,-1.48,-1.778%,5280885776.00,United States,2015,864399,Health Care,Biotechnology: In Vitro & In Vivo Diagnostic Substances
LOGI,Logitech International S.A. Ordinary Shares,$92.28,1.34,1.473%,13527227937.00,United States,1997,445876,Technology,Computer peripheral equipment
LOPE,Grand Canyon Education Inc. Common Stock,$161.24,0.11,0.068%,4376610523.00,United States,2008,109061,Real Estate,Other Consumer Services
LPTH,LightPath Technologies Inc. Class A Common Stock,$10.67,-0.40,-3.613%,615750794.00,United States,1996,875422,Technology,Semiconductors
LQDA,Liquidia Corporation Common Stock,$38.94,0.11,0.283%,3431175865.00,United States,2018,824255,Health Care,Biotechnology: Pharmaceutical Preparations
LQDT,Liquidity Services Inc. Common Stock,$31.25,-0.99,-3.071%,969183781.00,United States,2006,48010,Real Estate,Real Estate
LRMR,Larimar Therapeutics Inc. Common Stock,$5.495,-0.115,-2.05%,470319204.00,United States,2014,892380,Health Care,Biotechnology: Pharmaceutical Preparations
LRN,Stride Inc. Common Stock,$84.605,0.005,0.006%,3602505435.00,United States,,257352,Real Estate,Other Consumer Services
LSCC,Lattice Semiconductor Corporation Common Stock,$91.18,-0.51,-0.556%,12472165990.00,United States,,1083940,Technology,Semiconductors
LSPD,Lightspeed Commerce Inc. Subordinate Voting Shares,$9.295,-0.125,-1.327%,1276212228.00,Canada,,439915,Technology,Computer Software: Prepackaged Software
LTC,LTC Properties Inc. Common Stock,$38.63,-0.21,-0.541%,1873932106.00,United States,,136648,Real Estate,Real Estate Investment Trusts
LXEO,Lexeo Therapeutics Inc. Common Stock,$6.69,-0.51,-7.083%,488285218.00,United States,2023,465100,Health Care,Biotechnology: Biological Products (No Diagnostic Substances)
LXP,LXP Industrial Trust Common Stock (Maryland REIT),$47.04,-0.52,-1.093%,2778983773.00,United States,,393068,Real Estate,Real Estate Investment Trusts
LXRX,Lexicon Pharmaceuticals Inc. Common Stock,$1.675,0.015,0.904%,709665023.00,United States,,1839528,Health Care,Biotechnology: Pharmaceutical Preparations
LYEL,Lyell Immunopharma Inc. Common Stock,$25.66,0.03,0.117%,544459448.00,United States,2021,79620,Health Care,Biotechnology: Pharmaceutical Preparations
LYFT,Lyft Inc. Class A Common Stock,$13.205,-0.045,-0.34%,5257010871.00,United States,2019,7955103,Real Estate,Real Estate
LZ,LegalZoom.com Inc. Common Stock,$6.32,0.02,0.317%,1092869442.00,United States,2021,1039322,Technology,EDP Services
MAA,Mid-America Apartment Communities Inc. Common Stock,$127.345,-2.785,-2.14%,14886760392.00,United States,1994,747630,Real Estate,Real Estate Investment Trusts
MAC,Macerich Company (The) Common Stock,$19.15,-0.28,-1.441%,4915244805.00,United States,1994,712100,Real Estate,Real Estate Investment Trusts
MANH,Manhattan Associates Inc. Common Stock,$143.41,-1.63,-1.124%,8582736859.00,United States,1998,282091,Technology,Computer Software: Prepackaged Software
MARA,MARA Holdings Inc. Common Stock,$8.4401,-0.1299,-1.516%,3209218343.00,United States,,31392044,Technology,EDP Services
MASI,Masimo Corporation Common Stock,$175.475,-0.015,-0.009%,9158485606.00,United States,2007,729569,Health Care,Biotechnology: Electromedical & Electrotherapeutic Apparatus
MAX,MediaAlpha Inc. Class A Common Stock,$9.786,0.096,0.991%,631154676.00,United States,2020,339985,Real Estate,Real Estate
MAZE,Maze Therapeutics Inc. Common Stock,$49.30,-1.755,-3.437%,2372288589.00,United States,2025,316896,Health Care,Biotechnology: Biological Products (No Diagnostic Substances)
MBX,MBX Biosciences Inc. Common Stock,$28.53,-0.48,-1.655%,1281062676.00,United States,2024,185831,Health Care,Biotechnology: Pharmaceutical Preparations
MCHP,Microchip Technology Incorporated Common Stock,$65.405,0.075,0.115%,35392964630.00,United States,1993,4706886,Technology,Semiconductors
MCHPP,Microchip Technology Incorporated Depositary Shares Each Representing a 1/20th Interest in a Share of 7.50% Series A Mandatory Convertible Preferred Stock,$57.95,0.11,0.19%,31358799791.00,United States,,266016,Technology,Semiconductors
MCK,McKesson Corporation Common Stock,$934.4875,5.7975,0.624%,114462996539.00,United States,,257624,Health Care,Other Pharmaceuticals
MD,Pediatrix Medical Group Inc. Common Stock,$19.74,0.00,0.00%,1638441161.00,United States,,413301,Health Care,Hospital/Nursing Management
MDB,MongoDB Inc. Class A Common Stock,$269.95,-0.61,-0.225%,21971705612.00,United States,2017,878826,Technology,Computer Software: Prepackaged Software
MDGL,Madrigal Pharmaceuticals Inc. Common Stock,$430.995,-1.785,-0.412%,9887011939.00,United States,2007,147059,Health Care,Biotechnology: Pharmaceutical Preparations
MDLN,Medline Inc. Class A Common Stock,$42.45,-0.43,-1.003%,55766285339.00,United States,2025,2697602,Health Care,Medical/Dental Instruments
MDT,Medtronic plc. Ordinary Shares,$88.925,-0.965,-1.074%,114169470424.00,United States,,4602614,Health Care,Biotechnology: Electromedical & Electrotherapeutic Apparatus
MDXG,MiMedx Group Inc Common Stock,$4.535,-0.035,-0.766%,673749468.00,United States,,341906,Health Care,Biotechnology: Pharmaceutical Preparations
MEDP,Medpace Holdings Inc. Common Stock,$475.115,8.325,1.783%,13484373273.00,United States,2016,221625,Health Care,Biotechnology: Commercial Physical & Biological Resarch
MFA,MFA Financial Inc.,$10.13,-0.07,-0.686%,1034210822.00,United States,,688093,Real Estate,Real Estate Investment Trusts
MFAN,MFA Financial Inc. 8.875% Senior Notes due 2029,$25.23,0.08,0.318%,2590331351.00,United States,2024,18187,Real Estate,Real Estate Investment Trusts
MFAO,MFA Financial Inc. 9.000% Senior Notes due 2029,$25.31,-0.07,-0.276%,2598544848.00,United States,2024,1694,Real Estate,Real Estate Investment Trusts
MGNI,Magnite Inc. Common Stock,$12.83,-0.17,-1.308%,1852194803.00,United States,,806129,Technology,Computer Software: Programming Data Processing
MGTX,MeiraGTx Holdings plc Ordinary Shares,$7.67,-0.09,-1.16%,617365119.00,United States,2018,144677,Health Care,Biotechnology: Biological Products (No Diagnostic Substances)
MIRM,Mirum Pharmaceuticals Inc. Common Stock,$91.69,0.76,0.836%,5532722863.00,United States,2019,369975,Health Care,Biotechnology: Pharmaceutical Preparations
MITK,Mitek Systems Inc. Common Stock,$14.59,-0.06,-0.41%,661164657.00,United States,,498589,Technology,Computer peripheral equipment
MITN,TPG Mortgage Investment Trust Inc. 9.500% Senior Notes due 2029,$25.35,0.01,0.039%,747647144.00,United States,2024,2138,Real Estate,Real Estate Investment Trusts
MITP,TPG Mortgage Investment Trust Inc. 9.500% Senior Notes due 2029,$25.37,0.01,0.039%,748237004.00,United States,2024,1647,Real Estate,Real Estate Investment Trusts
MLTX,MoonLake Immunotherapeutics Class A Ordinary Shares,$17.84,-0.50,-2.726%,1289012306.00,United States,2020,510050,Health Care,Biotechnology: Pharmaceutical Preparations
MLYS,Mineralys Therapeutics Inc. Common Stock,$27.12,-1.31,-4.608%,2146275607.00,United States,2023,719227,Health Care,Biotechnology: Pharmaceutical Preparations
MMED,MiniMed Group Inc. Common Stock,$18.09,-0.24,-1.309%,5079913465.00,United States,2026,1108728,Health Care,Medical/Dental Instruments
MMM,3M Company Common Stock,$154.30,-0.95,-0.612%,81269810000.00,United States,,2027217,Health Care,Medical/Dental Instruments
MMS,Maximus Inc. Common Stock,$73.69,0.21,0.286%,4019684565.00,United States,1997,341594,Real Estate,Real Estate
MMSI,Merit Medical Systems Inc. Common Stock,$70.29,0.58,0.832%,4177470430.00,United States,,479280,Health Care,Medical/Dental Instruments
MNKD,MannKind Corporation Common Stock,$2.79,0.18,6.897%,859600208.00,United States,2004,5425903,Health Care,Biotechnology: Pharmaceutical Preparations
MNPR,Monopar Therapeutics Inc. Common Stock,$56.64,-1.87,-3.196%,378501558.00,United States,2019,132063,Health Care,Biotechnology: Pharmaceutical Preparations
MO,Altria Group Inc.,$66.275,-0.865,-1.288%,110805045716.00,United States,,4903820,Health Care, Medicinal Chemicals and Botanical Products 
MOH,Molina Healthcare Inc Common Stock,$146.2125,4.8925,3.462%,7529943750.00,United States,2003,843749,Health Care,Medical Specialities
MOMO,Hello Group Inc. American Depositary Shares,$6.08,-0.25,-3.949%,976870365.00,China,2014,309894,Technology,Computer Software: Prepackaged Software
MPLT,MapLight Therapeutics Inc. Common Stock,$18.93,-0.04,-0.211%,858911515.00,United States,2025,54222,Health Care,Biotechnology: Pharmaceutical Preparations
MPT,Medical Properties Trust Inc. common stock,$4.9474,-0.4126,-7.698%,2957060980.00,United States,,13520211,Real Estate,Real Estate Investment Trusts
MPWR,Monolithic Power Systems Inc. Common Stock,$1067.99,12.17,1.153%,52457532820.00,United States,2004,166790,Technology,Semiconductors
MQ,Marqeta Inc. Class A Common Stock,$4.15,-0.02,-0.48%,1772929352.00,United States,2021,1453719,Technology,Computer Software: Prepackaged Software
MRCY,Mercury Systems Inc Common Stock,$86.18,-0.69,-0.794%,5172060986.00,United States,1998,138836,Technology,Electrical Products
MRNA,Moderna Inc. Common Stock,$55.84,0.86,1.564%,22053417436.00,United States,2018,5167550,Health Care,Biotechnology: Biological Products (No Diagnostic Substances)
MRVI,Maravai LifeSciences Holdings Inc. Class A Common Stock,$3.50,0.00,0.00%,899735347.00,United States,2020,783037,Health Care,Biotechnology: Pharmaceutical Preparations
MRVL,Marvell Technology Inc. Common Stock,$90.59,-2.71,-2.905%,78920805599.00,United States,2000,13499799,Technology,Semiconductors
MSA,MSA Safety Incorporated Common Stock,$183.1441,0.0941,0.051%,7101361563.00,United States,2000,73581,Health Care,Industrial Specialties
MSCI,MSCI Inc. Common Stock,$545.18,-4.93,-0.896%,40056578218.00,United States,,288272,Real Estate,Real Estate
MSI,Motorola Solutions Inc. Common Stock,$462.41,-1.70,-0.366%,76602337498.00,United States,,365917,Technology,Radio And Television Broadcasting And Communications Equipment
MSTR,Strategy Inc Common Stock Class A,$137.10,-1.36,-0.982%,45757496267.00,United States,1998,13155281,Technology,Computer Software: Prepackaged Software
MTCH,Match Group Inc. Common Stock,$30.38,-0.46,-1.492%,7067739211.00,United States,,2138803,Technology,Computer Software: Programming Data Processing
MTSI,MACOM Technology Solutions Holdings Inc. Common Stock,$222.47,1.88,0.852%,16687912966.00,United States,2012,374342,Technology,Semiconductors
MXL,MaxLinear Inc. Common Stock,$16.58,0.38,2.346%,1433360067.00,United States,2010,437459,Technology,Semiconductors
MYGN,Myriad Genetics Inc. Common Stock,$4.91,-0.21,-4.102%,459125090.00,United States,1995,1409542,Health Care,Biotechnology: In Vitro & In Vivo Diagnostic Substances
NABL,N-able Inc. Common Stock,$4.785,0.015,0.314%,901380672.00,United States,2021,681024,Technology,Computer Software: Prepackaged Software
NAGE,Niagen Bioscience Inc. Common Stock,$4.86,-0.36,-6.897%,389191172.00,United States,,1195828,Health Care, Medicinal Chemicals and Botanical Products 
NATR,Nature's Sunshine Products Inc. Common Stock,$25.08,0.00,0.00%,438788720.00,United States,,103507,Health Care,Biotechnology: Pharmaceutical Preparations
NAVN,Navan Inc. Class A Common Stock,$9.46,0.06,0.638%,2352172855.00,United States,2025,698529,Technology,Computer Software: Prepackaged Software
NBIX,Neurocrine Biosciences Inc. Common Stock,$129.24,-0.62,-0.477%,12970973958.00,United States,1996,493418,Health Care,Biotechnology: Biological Products (No Diagnostic Substances)
NBP,NovaBridge Biosciences American Depositary Shares,$3.1855,-0.0545,-1.682%,366312355.00,China,2020,412980,Health Care,Biotechnology: Pharmaceutical Preparations
NCNO,nCino Inc. Common Stock,$15.66,-0.22,-1.385%,1795966599.00,United States,2020,838461,Technology,Computer Software: Prepackaged Software
NEE,NextEra Energy Inc. Common Stock,$91.7022,0.1622,0.177%,191063547847.00,United States,,5336825,Technology,EDP Services
NEO,NeoGenomics Inc. Common Stock,$8.53,-0.03,-0.35%,1107298160.00,United States,,683288,Health Care,Precision Instruments
NEOG,Neogen Corporation Common Stock,$9.795,0.145,1.503%,2130666984.00,United States,1989,726477,Health Care,Biotechnology: In Vitro & In Vivo Diagnostic Substances
NERV,Minerva Neurosciences Inc Common Stock,$7.70,-0.24,-3.023%,333212865.00,United States,2014,169164,Health Care,Biotechnology: Pharmaceutical Preparations
NET,Cloudflare Inc. Class A Common Stock,$211.62,4.13,1.99%,74486070663.00,United States,2019,2534950,Technology,Computer Software: Prepackaged Software
NGNE,Neurogene Inc. Common Stock ,$22.49,-0.58,-2.514%,348365602.00,Canada,2014,44757,Health Care,Biotechnology: Pharmaceutical Preparations
NHC,National HealthCare Corporation Common Stock,$156.67,-0.95,-0.603%,2434856881.00,United States,1986,71884,Health Care,Hospital/Nursing Management
NHI,National Health Investors Inc. Common Stock,$85.185,-1.155,-1.338%,4122305231.00,United States,,65962,Real Estate,Real Estate Investment Trusts
NHPAP,National Healthcare Properties Inc. 7.375% Series A Cumulative Redeemable Perpetual Preferred Stock,$19.40,-0.24,-1.222%,551196350.00,United States,,1603,Real Estate,Real Estate Investment Trusts
NHPBP,National Healthcare Properties Inc. 7.125% Series B Cumulative Redeemable Perpetual Preferred Stock,$18.945,0.10,0.531%,538268807.00,United States,,2309,Real Estate,Real Estate Investment Trusts
NKTR,Nektar Therapeutics  Common Stock,$71.985,-0.085,-0.118%,1890035425.00,United States,,406079,Health Care,Biotechnology: Pharmaceutical Preparations
NLY,Annaly Capital Management Inc. Common Stock,$22.305,-0.195,-0.867%,16023621500.00,United States,,2866713,Real Estate,Real Estate Investment Trusts
NMRA,Neumora Therapeutics Inc. Common Stock,$3.255,-0.005,-0.153%,543875066.00,United States,2023,1401621,Health Care,Biotechnology: Biological Products (No Diagnostic Substances)
NNN,NNN REIT Inc. Common Stock,$44.96,-0.34,-0.751%,8539677267.00,United States,,551673,Real Estate,Real Estate Investment Trusts
NOW,ServiceNow Inc. Common Stock,$114.73,-1.88,-1.612%,120007580000.00,United States,2012,9956851,Technology,Computer Software: Prepackaged Software
NPCE,Neuropace Inc. Common Stock,$14.535,0.315,2.215%,489349089.00,United States,2021,155380,Health Care,Medical/Dental Instruments
NRC,National Research Corporation Common Stock (Delaware),$15.96,-0.31,-1.905%,363032496.00,United States,,60593,Health Care,Biotechnology: Commercial Physical & Biological Resarch
NRDS,NerdWallet Inc. Class A Common Stock,$10.64,0.09,0.853%,710600891.00,United States,2021,433495,Technology,EDP Services
NRIX,Nurix Therapeutics Inc. Common stock,$15.805,-0.095,-0.597%,1625433805.00,United States,2020,421235,Health Care,Biotechnology: Pharmaceutical Preparations
NSA,National Storage Affiliates Trust Common Shares of Beneficial Interest,$31.93,-1.37,-4.114%,2462201327.00,United States,2015,1590143,Real Estate,Real Estate Investment Trusts
NTAP,NetApp Inc. Common Stock,$97.7599,0.8499,0.877%,19291000171.00,United States,1995,852850,Technology,Electronic Components
NTCT,NetScout Systems Inc. Common Stock,$30.06,-0.18,-0.595%,2170943721.00,United States,1999,227457,Technology,EDP Services
NTES,NetEase Inc. American Depositary Shares,$115.29,-2.46,-2.089%,73001430162.00,China,,474409,Technology,Computer Software: Prepackaged Software
NTLA,Intellia Therapeutics Inc. Common Stock,$13.105,-0.365,-2.71%,1548140120.00,United States,2016,2198783,Health Care,Biotechnology: In Vitro & In Vivo Diagnostic Substances
NTNX,Nutanix Inc. Class A Common Stock,$38.18,-0.45,-1.165%,10125797863.00,United States,2016,1557462,Technology,Computer Software: Prepackaged Software
NTRA,Natera Inc. Common Stock,$196.77,-2.18,-1.096%,27888458063.00,United States,2015,1103137,Health Care,Medical Specialities
NTSK,Netskope Inc. Class A Common Stock,$12.775,0.765,6.37%,5023881949.00,United States,2025,3260174,Technology,Computer Software: Prepackaged Software
NTST,NetSTREIT Corp. Common Stock,$20.35,-0.22,-1.07%,1975453295.00,United States,2020,437148,Real Estate,Real Estate Investment Trusts
NUS,Nu Skin Enterprises Inc. Common Stock,$7.285,-0.085,-1.153%,350603920.00,United States,1996,229159,Health Care,Other Pharmaceuticals
NUTX,Nutex Health Inc. Common Stock,$88.11,-8.67,-8.958%,613981319.00,United States,,125116,Real Estate,Real Estate
NUVB,Nuvation Bio Inc. Class A Common Stock,$4.555,-0.135,-2.878%,1583305651.00,United States,2020,2170194,Health Care,Biotechnology: Pharmaceutical Preparations
NUVL,Nuvalent Inc. Class A Common Stock,$99.73,-2.53,-2.474%,7840473510.00,United States,2021,228183,Health Care,Biotechnology: Pharmaceutical Preparations
NVAX,Novavax Inc. Common Stock,$10.465,-0.225,-2.105%,1705124664.00,United States,,3396643,Health Care,Biotechnology: Biological Products (No Diagnostic Substances)
NVEC,NVE Corporation Common Stock,$69.81,1.645,2.413%,337682558.00,United States,,15657,Technology,Semiconductors
NVST,Envista Holdings Corporation Common Stock,$26.62,0.62,2.385%,4362363068.00,United States,2019,1433079,Health Care,Medical/Dental Instruments
NVTS,Navitas Semiconductor Corporation Common Stock,$10.6399,1.9599,22.579%,2455611940.00,United States,,46683869,Technology,Semiconductors
NXDR,Nextdoor Holdings Inc. Class A Common Stock,$1.605,0.045,2.885%,622299270.00,United States,,1656285,Technology,Computer Software: Programming Data Processing
NXRT,NexPoint Residential Trust Inc. Common Stock,$26.18,-0.63,-2.35%,665266577.00,United States,2015,115335,Real Estate,Real Estate Investment Trusts
O,Realty Income Corporation Common Stock,$64.37,-0.51,-0.786%,60021176833.00,United States,,2735702,Real Estate,Real Estate Investment Trusts
OCGN,Ocugen Inc. Common Stock,$2.245,0.475,26.836%,736129430.00,United States,2014,37459346,Health Care,Biotechnology: Biological Products (No Diagnostic Substances)
OCUL,Ocular Therapeutix Inc. Common Stock,$9.515,-0.355,-3.597%,2071337277.00,United States,2014,2648823,Health Care,Biotechnology: Pharmaceutical Preparations
OGN,Organon & Co. Common Stock ,$6.415,-0.065,-1.003%,1669924895.00,United States,2021,1346209,Health Care,Biotechnology: Pharmaceutical Preparations
OHI,Omega Healthcare Investors Inc. Common Stock,$47.84,-0.47,-0.973%,14140068800.00,United States,1992,842995,Real Estate,Real Estate Investment Trusts
OKTA,Okta Inc. Class A Common Stock,$80.40,0.79,0.992%,14221789733.00,United States,2017,2157694,Technology,Computer Software: Prepackaged Software
OLED,Universal Display Corporation Common Stock,$97.16,0.51,0.528%,4576069273.00,United States,,304940,Technology,Electrical Products
OLMA,Olema Pharmaceuticals Inc. Common Stock,$15.865,0.105,0.666%,1192597973.00,United States,2020,1024557,Health Care,Biotechnology: Pharmaceutical Preparations
OLP,One Liberty Properties Inc. Common Stock,$22.99,-0.07,-0.304%,501483790.00,United States,1986,34888,Real Estate,Real Estate Investment Trusts
OMCL,Omnicell Inc. Common Stock ($0.001 par value),$37.57,-1.42,-3.642%,1707027439.00,United States,2001,285474,Technology,Computer Manufacturing
OMDA,Omada Health Inc. Common Stock,$13.94,-0.31,-2.175%,821420620.00,United States,2025,967512,Health Care,Medical/Nursing Services
OMER,Omeros Corporation Common Stock,$11.66,-0.05,-0.427%,826699352.00,United States,2009,242340,Health Care,Biotechnology: Pharmaceutical Preparations
ON,ON Semiconductor Corporation Common Stock,$58.98,-0.61,-1.024%,23239330859.00,United States,,2350349,Technology,Semiconductors
ONDS,Ondas Inc. Common Stock,$9.555,-0.455,-4.545%,4295578268.00,United States,,75199027,Technology,Radio And Television Broadcasting And Communications Equipment
ONTF,ON24 Inc. Common Stock,$8.035,0.005,0.062%,339739044.00,United States,2021,135165,Technology,Computer Software: Prepackaged Software
OOMA,Ooma Inc. Common Stock,$14.08,-0.16,-1.124%,388608000.00,United States,2015,116639,Technology,EDP Services
OPCH,Option Care Health Inc. Common Stock,$29.80,0.19,0.642%,4662149566.00,United States,,898324,Health Care,Medical/Nursing Services
OPK,OPKO Health Inc. Common Stock,$1.165,-0.025,-2.101%,884313353.00,United States,,1306853,Health Care,Biotechnology: Pharmaceutical Preparations
ORC,Orchid Island Capital Inc. Common Stock,$7.405,-0.045,-0.604%,1412084568.00,United States,2013,2571999,Real Estate,Real Estate Investment Trusts
ORGO,Organogenesis Holdings Inc. Class A Common Stock,$2.665,-0.045,-1.661%,342827388.00,United States,2016,400372,Health Care,Biotechnology: Pharmaceutical Preparations
ORIC,Oric Pharmaceuticals Inc. Common Stock,$12.11,-0.48,-3.813%,1215338311.00,United States,2020,618851,Health Care,Biotechnology: Pharmaceutical Preparations
ORKA,Oruka Therapeutics Inc. Common Stock,$34.66,0.97,2.879%,1677863981.00,United States,,316780,Health Care,Biotechnology: In Vitro & In Vivo Diagnostic Substances
OS,OneStream Inc. Class A Common Stock,$23.655,-0.025,-0.106%,5815331835.00,United States,2024,712751,Technology,Computer Software: Prepackaged Software
OSCR,Oscar Health Inc. Class A Common Stock,$13.235,-0.065,-0.489%,3940694780.00,United States,2021,4396626,Health Care,Medical Specialities
OSIS,OSI Systems Inc. Common Stock (DE),$276.74,-2.27,-0.814%,4558613210.00,United States,1997,153096,Technology,Semiconductors
OSPN,OneSpan Inc. Common Stock,$10.755,-0.095,-0.876%,402957015.00,United States,,259357,Technology,EDP Services
OTEX,Open Text Corporation Common Shares,$23.95,-0.87,-3.505%,6001936509.00,Canada,1996,1082577,Technology,EDP Services
OTIS,Otis Worldwide Corporation Common Stock ,$84.57,-1.52,-1.766%,32874115773.00,United States,2020,2055501,Technology,Consumer Electronics/Appliances
OUT,OUTFRONT Media Inc. Common Stock,$27.35,-0.67,-2.391%,4814972122.00,United States,2014,921449,Real Estate,Real Estate Investment Trusts
PACS,PACS Group Inc. Common Stock,$34.31,0.14,0.41%,5392332145.00,United States,2024,267183,Health Care,Hospital/Nursing Management
PAHC,Phibro Animal Health Corporation Class A Common Stock,$50.07,-0.36,-0.714%,2029573230.00,United States,2014,129460,Health Care,Biotechnology: Pharmaceutical Preparations
PANW,Palo Alto Networks Inc. Common Stock,$164.73,-0.85,-0.513%,134419680000.00,United States,,3652044,Technology,Computer peripheral equipment
PATH,UiPath Inc. Class A Common Stock,$11.855,0.265,2.286%,6339457504.00,United States,2021,59088045,Technology,Computer Software: Prepackaged Software
PAY,Paymentus Holdings Inc. Class A Common Stock,$25.49,-0.53,-2.037%,3204490415.00,United States,2021,329539,Real Estate,Real Estate
PAYC,Paycom Software Inc. Common Stock,$131.005,-0.905,-0.686%,7110309082.00,United States,2014,627779,Technology,Computer Software: Prepackaged Software
PAYO,Payoneer Global Inc. Common Stock,$4.57,-0.10,-2.141%,1575612459.00,United States,,1950040,Real Estate,Real Estate
PBH,Prestige Consumer Healthcare Inc. Common Stock,$64.89,-0.51,-0.78%,3070512390.00,United States,2005,138336,Health Care,Biotechnology: Pharmaceutical Preparations
PBYI,Puma Biotechnology Inc Common Stock,$5.945,-0.115,-1.898%,302460715.00,United States,,198384,Health Care,Biotechnology: Pharmaceutical Preparations
PCOR,Procore Technologies Inc. Common Stock,$55.32,-2.10,-3.657%,8303558664.00,United States,2021,2490683,Technology,Computer Software: Prepackaged Software
PCRX,Pacira BioSciences Inc. Common Stock,$22.71,0.27,1.203%,919525493.00,United States,2011,301833,Health Care,Biotechnology: Pharmaceutical Preparations
PCTY,Paylocity Holding Corporation Common Stock,$113.535,-1.015,-0.886%,6116890226.00,United States,2014,296933,Technology,Computer Software: Prepackaged Software
PCVX,Vaxcyte Inc. Common Stock,$57.01,-1.23,-2.112%,8204899781.00,United States,2020,353743,Health Care,Biotechnology: Pharmaceutical Preparations
PD,PagerDuty Inc. Common Stock,$7.385,-0.245,-3.211%,677771698.00,United States,2019,1952134,Technology,Computer Software: Prepackaged Software
PDD,PDD Holdings Inc. American Depositary Shares,$103.125,-1.735,-1.655%,146401041394.00,China,2018,2979433,Technology,EDP Services
PDFS,PDF Solutions Inc. Common Stock,$33.39,0.14,0.421%,1331950774.00,United States,2001,131716,Technology,Computer Software: Prepackaged Software
PDM,Piedmont Realty Trust Inc. Class A Common Stock,$6.79,-0.25,-3.551%,847728302.00,United States,,430032,Real Estate,Building operators
PDYN,Palladyne AI Corp. Common Stock,$7.33,-0.22,-2.914%,340807360.00,United States,,1956832,Technology,Computer Software: Prepackaged Software
PEB,Pebblebrook Hotel Trust Common Shares of Beneficial Interest,$12.52,-0.22,-1.727%,1424379692.00,United States,2009,1177846,Real Estate,Real Estate Investment Trusts
PECO,Phillips Edison & Company Inc. Common Stock,$38.32,-0.25,-0.648%,4820656000.00,United States,2021,246859,Real Estate,Real Estate Investment Trusts
PEGA,Pegasystems Inc. Common Stock,$43.40,-1.29,-2.887%,7336497274.00,United States,1996,898404,Technology,EDP Services
PEN,Penumbra Inc. Common Stock,$335.76,-0.98,-0.291%,13176247475.00,United States,2015,446212,Health Care,Medical/Dental Instruments
PENG,Penguin Solutions Inc. Common Stock,$18.42,-0.17,-0.914%,968158092.00,United States,2017,552362,Technology,Semiconductors
PEPG,PepGen Inc. Common Stock,$6.18,0.02,0.325%,427132505.00,United States,2022,230003,Health Care,Biotechnology: Pharmaceutical Preparations
PFE,Pfizer Inc. Common Stock,$27.035,-0.125,-0.46%,153728239997.00,United States,,28172414,Health Care,Biotechnology: Pharmaceutical Preparations
PGEN,Precigen Inc. Common Stock,$3.415,-0.095,-2.707%,1208310664.00,United States,,1025830,Health Care,Biotechnology: Pharmaceutical Preparations
PGNY,Progyny Inc. Common Stock,$17.5178,-0.3922,-2.19%,1434746920.00,United States,2019,933053,Health Care,Misc Health and Biotechnology Services
PHAT,Phathom Pharmaceuticals Inc. Common Stock,$10.79,-0.32,-2.88%,850238102.00,United States,2019,475063,Health Care,Biotechnology: Pharmaceutical Preparations
PHR,Phreesia Inc. Common Stock,$11.37,-0.38,-3.234%,685463224.00,United States,2019,765669,Real Estate,Real Estate
PI,Impinj Inc. Common Stock,$97.94,5.19,5.596%,2960891327.00,United States,2016,774081,Technology,Industrial Machinery/Components
PINS,Pinterest Inc. Class A Common Stock,$19.235,-0.135,-0.697%,12793941413.00,United States,2019,11654628,Technology,Computer Software: Programming Data Processing
PKST,Peakstone Realty Trust Common Shares,$20.825,0.015,0.072%,774279643.00,United States,2023,127756,Real Estate,Real Estate Investment Trusts
PL,Planet Labs PBC Class A Common Stock,$25.28,-0.12,-0.472%,8472367969.00,United States,2021,6278173,Technology,Radio And Television Broadcasting And Communications Equipment
PLAB,Photronics Inc. Common Stock,$34.38,0.28,0.821%,1991384936.00,United States,1987,261003,Technology,Semiconductors
PLD,Prologis Inc. Common Stock,$133.74,-2.42,-1.777%,127229135580.00,United States,,1337137,Real Estate,Real Estate Investment Trusts
PLSE,Pulse Biosciences Inc Common Stock (DE),$19.67,0.22,1.131%,1337345164.00,United States,2016,129177,Health Care,Medical/Dental Instruments
PLUS,ePlus inc. Common Stock,$76.02,-1.10,-1.426%,2006362487.00,United States,1996,92124,Technology,Retail: Computer Software & Peripheral Equipment
PLXS,Plexus Corp. Common Stock,$193.61,0.06,0.031%,5186127682.00,United States,,150577,Technology,Electrical Products
PMT,PennyMac Mortgage Investment Trust Common Shares of Beneficial Interest,$11.87,-0.02,-0.168%,1032887089.00,United States,2009,586957,Real Estate,Real Estate Investment Trusts
PMTU,PennyMac Mortgage Investment Trust 8.50% Senior Notes due 2028,$25.82,0.0776,0.301%,2246768715.00,United States,2023,1868,Real Estate,Real Estate Investment Trusts
PNTG,The Pennant Group Inc. Common Stock ,$33.94,-0.11,-0.323%,1176466225.00,United States,,140141,Health Care,Medical/Nursing Services
PODD,Insulet Corporation Common Stock,$237.8789,-0.3611,-0.152%,16745686887.00,United States,2007,393044,Health Care,Medical/Dental Instruments
POET,POET Technologies Inc. Common Shares,$7.21,0.21,3.00%,656186412.00,Canada,,6661213,Technology,Semiconductors
PONY,Pony AI Inc. American Depositary Shares ,$12.805,-0.455,-3.431%,5551499586.00,China,2024,2622632,Technology,EDP Services
POWI,Power Integrations Inc. Common Stock,$46.54,1.47,3.262%,2583156160.00,United States,1997,338187,Technology,Semiconductors
PRAX,Praxis Precision Medicines Inc. Common Stock,$302.00,-7.91,-2.552%,8410951566.00,United States,2020,150165,Health Care,Biotechnology: Pharmaceutical Preparations
PRCH,Porch Group Inc. Common Stock,$7.545,-0.105,-1.373%,939065020.00,United States,2020,529417,Technology,Computer Software: Prepackaged Software
PRCT,PROCEPT BioRobotics Corporation Common Stock,$26.84,2.67,11.047%,1513512861.00,United States,2021,2657222,Health Care,Medical/Dental Instruments
PRDO,Perdoceo Education Corporation Common Stock,$34.20,-0.02,-0.058%,2136760357.00,United States,,346744,Real Estate,Other Consumer Services
PRGO,Perrigo Company plc Ordinary Shares,$9.885,-0.215,-2.129%,1360663845.00,United States,,2442354,Health Care,Biotechnology: Pharmaceutical Preparations
PRGS,Progress Software Corporation Common Stock (DE),$37.20,-0.25,-0.668%,1566627706.00,United States,1991,435245,Technology,Computer Software: Prepackaged Software
PRKS,United Parks & Resorts Inc. Common Stock,$32.68,-0.25,-0.759%,1589107255.00,United States,2013,267528,Health Care,Biotechnology: Electromedical & Electrotherapeutic Apparatus
PRME,Prime Medicine Inc. Common Stock,$3.71,-0.34,-8.395%,669848584.00,United States,2022,1892460,Health Care,Biotechnology: Biological Products (No Diagnostic Substances)
PROK,ProKidney Corp. Class A Ordinary Shares,$2.45,-0.03,-1.21%,737044229.00,United States,2021,193907,Health Care,Biotechnology: Biological Products (No Diagnostic Substances)
PRSU,Pursuit Attractions and Hospitality Inc. Common Stock,$37.575,0.595,1.609%,1052829819.00,United States,,97771,Real Estate,Real Estate
PRTA,Prothena Corporation plc Ordinary Shares,$9.65,-0.12,-1.228%,519488276.00,United States,,370674,Health Care,Biotechnology: Pharmaceutical Preparations
PRTC,PureTech Health plc American Depositary Shares,$17.2199,-0.1001,-0.578%,416177500.00,United States,,1016,Health Care,Biotechnology: Pharmaceutical Preparations
PRTH,Priority Technology Holdings Inc. Common Stock,$5.184,-0.226,-4.177%,424422209.00,United States,2016,432981,Real Estate,Real Estate
PRVA,Privia Health Group Inc. Common Stock,$22.00,-0.47,-2.092%,2721142358.00,United States,2021,416220,Health Care,Medical/Nursing Services
PSA,Public Storage Common Stock,$300.195,-5.795,-1.894%,52686157857.00,United States,,508635,Real Estate,Real Estate Investment Trusts
PSN,Parsons Corporation Common Stock,$59.265,-0.065,-0.11%,6342036310.00,United States,2019,1299942,Technology,EDP Services
PSNL,Personalis Inc. Common Stock,$7.9265,-0.3835,-4.615%,829364216.00,United States,2019,889791,Health Care,Medical Specialities
PSTG,Everpure Inc. Class A common stock,$62.27,1.23,2.015%,20559788583.00,United States,2015,1625074,Technology,Electronic Components
PSTL,Postal Realty Trust Inc. Class A Common Stock,$19.1944,-0.0956,-0.496%,527215099.00,United States,2019,125133,Real Estate,Real Estate Investment Trusts
PTC,PTC Inc. Common Stock,$158.92,-0.60,-0.376%,18910862755.00,United States,,280843,Technology,Computer Software: Prepackaged Software
PTCT,PTC Therapeutics Inc. Common Stock,$65.46,-3.10,-4.522%,5418433826.00,United States,2013,502414,Health Care,Biotechnology: Pharmaceutical Preparations
PTGX,Protagonist Therapeutics Inc. Common Stock,$96.555,-0.495,-0.51%,6161050573.00,United States,2016,481531,Health Care,Biotechnology: Pharmaceutical Preparations
PUBM,PubMatic Inc. Class A Common Stock,$8.325,-0.175,-2.059%,394650155.00,United States,2020,434231,Technology,Computer Software: Programming Data Processing
PVLA,Palvella Therapeutics Inc. Common Stock,$139.805,-2.305,-1.622%,1654800484.00,United States,,149489,Health Care,Biotechnology: Pharmaceutical Preparations
Q,Qnity Electronics Inc. Common Stock,$115.505,1.535,1.347%,24216652053.00,United States,2025,1433488,Technology,Semiconductors
QCOM,QUALCOMM Incorporated Common Stock,$134.39,-0.81,-0.599%,143394130000.00,United States,1991,4660101,Technology,Radio And Television Broadcasting And Communications Equipment
QDEL,QuidelOrtho Corporation Common Stock,$18.31,-0.99,-5.13%,1246577154.00,United States,,722787,Health Care,Biotechnology: In Vitro & In Vivo Diagnostic Substances
QLYS,Qualys Inc. Common Stock,$96.105,0.725,0.76%,3428634868.00,United States,2012,160479,Technology,Computer Software: Prepackaged Software
QNST,QuinStreet Inc. Common Stock,$11.775,0.145,1.247%,671103632.00,United States,2010,320389,Real Estate,Real Estate
QRVO,Qorvo Inc. Common Stock,$78.30,0.13,0.166%,7258854666.00,United States,,711576,Technology,Semiconductors
QTWO,Q2 Holdings Inc. Common Stock,$50.42,-0.84,-1.639%,3146428436.00,United States,2014,323037,Technology,Computer Software: Prepackaged Software
QUBT,Quantum Computing Inc. Common Stock,$7.505,-0.095,-1.25%,1685159596.00,United States,,7100231,Technology,Computer Software: Prepackaged Software
RAMP,LiveRamp Holdings Inc. Common Stock,$28.46,-0.58,-1.997%,1796534483.00,United States,2018,626949,Technology,EDP Services
RAPP,Rapport Therapeutics Inc. Common Stock,$30.32,0.69,2.329%,1444754549.00,United States,2024,151156,Health Care,Biotechnology: Pharmaceutical Preparations
RARE,Ultragenyx Pharmaceutical Inc. Common Stock,$21.97,-0.87,-3.809%,2122956442.00,United States,2014,1053387,Health Care,Biotechnology: Pharmaceutical Preparations
RBA,RB Global Inc. Common Stock,$102.18,-1.16,-1.123%,18974008764.00,Canada,,349045,Real Estate,Real Estate
RBBN,Ribbon Communications Inc. Common Stock,$2.2599,0.0099,0.44%,396848664.00,United States,,275993,Technology,EDP Services
RBLX,Roblox Corporation Class A Common Stock,$59.785,0.955,1.623%,42369991020.00,United States,2021,4608223,Technology,Computer Software: Prepackaged Software
RBRK,Rubrik Inc. Class A Common Stock,$57.22,1.27,2.27%,11452099205.00,United States,2024,1521354,Technology,Computer Software: Prepackaged Software
RC,Ready Capital Corporation Common Stock,$1.855,-0.015,-0.802%,302140135.00,United States,2013,943165,Real Estate,Real Estate Investment Trusts
RCAT,Red Cat Holdings Inc. Common Stock,$15.81,1.14,7.771%,1887257708.00,United States,,19220719,Technology,Computer Software: Prepackaged Software
RCB,Ready Capital Corporation 6.20% Senior Notes due 2026,$24.93,0.09,0.362%,4096678891.00,United States,2019,881,Real Estate,Real Estate Investment Trusts
RCKT,Rocket Pharmaceuticals Inc. Common Stock,$4.885,-0.415,-7.83%,530360264.00,United States,2015,3097175,Health Care,Biotechnology: Pharmaceutical Preparations
RCUS,Arcus Biosciences Inc. Common Stock,$24.275,-0.285,-1.16%,3042858530.00,United States,2018,513912,Health Care,Biotechnology: Pharmaceutical Preparations
RDDT,Reddit Inc. Class A Common Stock,$136.99,2.86,2.132%,26169992050.00,United States,2024,3920265,Technology,EDP Services
RDNT,RadNet Inc. Common Stock,$59.89,-0.94,-1.545%,4648190166.00,United States,,350126,Health Care,Medical Specialities
RDVT,Red Violet Inc. Common Stock ,$43.695,0.245,0.564%,616532692.00,United States,,44127,Technology,Computer Software: Prepackaged Software
REG,Regency Centers Corporation Common Stock,$77.22,-0.185,-0.239%,14124044640.00,United States,1993,508739,Real Estate,Real Estate Investment Trusts
REGCO,Regency Centers Corporation 5.875% Series B Cumulative Redeemable Preferred Stock,$22.3302,-0.1098,-0.489%,4084340088.00,United States,,289,Real Estate,Real Estate Investment Trusts
REGCP,Regency Centers Corporation 6.25% Series A Cumulative Redeemable Preferred Stock,$23.10,0.00,0.00%,4225141559.00,United States,,1330,Real Estate,Real Estate Investment Trusts
REGN,Regeneron Pharmaceuticals Inc. Common Stock,$774.37,2.34,0.303%,81866246172.00,United States,1991,235406,Health Care,Biotechnology: Pharmaceutical Preparations
RELY,Remitly Global Inc. Common Stock,$16.82,-0.26,-1.522%,3543206773.00,United States,2021,1002485,Real Estate,Real Estate
REPL,Replimune Group Inc. Common Stock,$7.79,-0.44,-5.346%,643240702.00,United States,2018,878147,Health Care,Biotechnology: Biological Products (No Diagnostic Substances)
REXR,Rexford Industrial Realty Inc. Common Stock,$35.11,-0.61,-1.708%,8140037117.00,United States,2013,1121208,Real Estate,Real Estate Investment Trusts
RGEN,Repligen Corporation Common Stock,$119.99,-1.80,-1.478%,6759169889.00,United States,1986,722306,Health Care,Biotechnology: Biological Products (No Diagnostic Substances)
RGNX,REGENXBIO Inc. Common Stock,$9.325,-0.575,-5.808%,481291076.00,United States,2015,498803,Health Care,Biotechnology: Biological Products (No Diagnostic Substances)
RGTI,Rigetti Computing Inc. Common Stock,$16.715,-0.275,-1.619%,5551896560.00,United States,,16835740,Technology,EDP Services
RGTIW,Rigetti Computing Inc. Warrants,$7.56,-0.09,-1.176%,2511058211.00,United States,,41945,Technology,EDP Services
RHP,Ryman Hospitality Properties Inc. (REIT),$94.58,0.01,0.011%,5959110412.00,United States,,135627,Real Estate,Real Estate Investment Trusts
RIGL,Rigel Pharmaceuticals Inc. Common Stock,$27.48,-0.96,-3.376%,507641612.00,United States,2000,202655,Health Care,Biotechnology: Pharmaceutical Preparations
RITM,Rithm Capital Corp. Common Stock,$9.88,-0.05,-0.504%,5492217060.00,United States,,6425434,Real Estate,Real Estate Investment Trusts
RLAY,Relay Therapeutics Inc. Common Stock,$10.62,-0.07,-0.655%,1898068092.00,United States,2020,6805188,Health Care,Biotechnology: Biological Products (No Diagnostic Substances)
RLJ,RLJ Lodging Trust Common Shares of Beneficial Interest $0.01 par value,$7.765,-0.095,-1.209%,1179639426.00,United States,2011,482248,Real Estate,Real Estate Investment Trusts
RLMD,Relmada Therapeutics Inc. Common Stock,$6.29,-0.33,-4.985%,461268482.00,United States,,1537523,Health Care,Biotechnology: Pharmaceutical Preparations
RMBS,Rambus Inc. Common Stock,$92.10,2.49,2.779%,9927526417.00,United States,1997,661655,Technology,Semiconductors
RMD,ResMed Inc. Common Stock,$240.075,-7.035,-2.847%,34973742120.00,United States,,618157,Health Care,Medical/Dental Instruments
RMNI,Rimini Street Inc. (DE) Common Stock,$3.305,-0.105,-3.079%,302949520.00,United States,2015,141457,Real Estate,Real Estate
RNA,Atrium Therapeutics Inc. Common Stock,$14.765,0.095,0.648%,2290784523.00,United States,,589118,Health Care,Biotechnology: Pharmaceutical Preparations
RNG,RingCentral Inc. Class A Common Stock,$38.88,-1.81,-4.448%,3268741560.00,United States,2013,1107990,Technology,EDP Services
ROP,Roper Technologies Inc. Common Stock,$351.81,-2.06,-0.582%,36210929052.00,United States,1992,710807,Technology,Computer Software: Programming Data Processing
RPD,Rapid7 Inc. Common Stock,$6.815,0.315,4.846%,449061558.00,United States,2015,758315,Technology,Computer Software: Prepackaged Software
RPRX,Royalty Pharma plc Class A Ordinary Shares ,$46.61,0.64,1.392%,26887293257.00,United States,2020,1588805,Health Care,Biotechnology: Pharmaceutical Preparations
RUM,Rumble Inc. Class A Common Stock,$5.485,0.255,4.876%,2387239874.00,United States,2021,1266091,Technology,Computer Software: Programming Data Processing
RUMBW,Rumble Inc. Warrant,$1.24,0.04,3.333%,539685951.00,United States,2021,12790,Technology,Computer Software: Programming Data Processing
RVMD,Revolution Medicines Inc. Common Stock,$98.25,-0.61,-0.617%,19470536255.00,United States,2020,711608,Health Care,Biotechnology: Biological Products (No Diagnostic Substances)
RVMDW,Revolution Medicines Inc. Warrant,$1.7199,-0.1601,-8.516%,340838426.00,United States,,40873,Health Care,Biotechnology: Biological Products (No Diagnostic Substances)
RWT,Redwood Trust Inc. Common Stock,$5.995,-0.105,-1.721%,749311735.00,United States,1995,589822,Real Estate,Real Estate Investment Trusts
RWTN,Redwood Trust Inc. 9.125% Senior Notes Due 2029,$24.82,-0.0539,-0.217%,3207326376.00,United States,2024,3790,Real Estate,Real Estate Investment Trusts
RWTO,Redwood Trust Inc. 9.00% Senior Notes Due 2029,$24.95,0.07,0.281%,3224125427.00,United States,2024,361,Real Estate,Real Estate Investment Trusts
RXRX,Recursion Pharmaceuticals Inc. Class A Common Stock,$3.365,-0.075,-2.18%,1774694260.00,United States,2021,9759254,Health Care,Biotechnology: Biological Products (No Diagnostic Substances)
RXST,RxSight Inc. Common Stock,$7.405,-0.105,-1.398%,305577211.00,United States,2021,243638,Health Care,Ophthalmic Goods
RXT,Rackspace Technology Inc. Common Stock,$1.9001,-0.0499,-2.559%,469162050.00,United States,2020,6889418,Technology,Computer Software: Programming Data Processing
RYN,Rayonier Inc. REIT Common Stock,$20.63,-0.13,-0.626%,6236414507.00,United States,,1873916,Real Estate,Real Estate Investment Trusts
RYTM,Rhythm Pharmaceuticals Inc. Common Stock,$89.35,-3.66,-3.935%,6101268235.00,United States,2017,413130,Health Care,Biotechnology: Pharmaceutical Preparations
RZLT,Rezolute Inc. Common Stock (NV),$3.175,-0.035,-1.09%,303840150.00,United States,,826088,Health Care,Biotechnology: Pharmaceutical Preparations
S,SentinelOne Inc. Class A Common Stock,$14.165,0.025,0.177%,4814244300.00,United States,2021,4047848,Technology,Computer Software: Prepackaged Software
SABR,Sabre Corporation Common Stock,$1.655,0.005,0.303%,653998130.00,United States,2014,5752850,Technology,Computer Software: Programming Data Processing
SAFE,Safehold Inc. New Common Stock ,$14.79,-0.34,-2.247%,1061282051.00,United States,2023,101107,Real Estate,Real Estate Investment Trusts
SAIC,Science Applications International Corporation Common Stock,$91.59,1.07,1.182%,4133219848.00,United States,,275679,Technology,EDP Services
SAIL,SailPoint Inc. Common Stock,$15.705,0.385,2.513%,8820332561.00,United States,2025,1884719,Technology,Computer Software: Prepackaged Software
SANA,Sana Biotechnology Inc. Common Stock,$3.145,-0.145,-4.407%,839296391.00,United States,2021,1393315,Health Care,Biotechnology: Biological Products (No Diagnostic Substances)
SANM,Sanmina Corporation Common Stock,$126.71,2.50,2.013%,6918985358.00,United States,1993,394289,Technology,Electrical Products
SBAC,SBA Communications Corporation Class A Common Stock,$188.99,-4.71,-2.432%,19992986002.00,United States,1999,509394,Real Estate,Real Estate Investment Trusts
SBC,SBC Medical Group Holdings Incorporated Common Stock,$3.66,-0.09,-2.40%,375431611.00,United States,2022,12904,Health Care,Medical/Nursing Services
SBET,Sharplink Inc. Common Stock,$7.525,0.135,1.827%,1483620030.00,United States,,3181784,Technology,Computer Software: Prepackaged Software
SBRA,Sabra Health Care REIT Inc. Common Stock,$20.695,-0.125,-0.60%,5218155613.00,United States,,1370184,Real Estate,Real Estate Investment Trusts
SCCD,Sachem Capital Corp. 6.00% Notes due 2026,$24.70,0.05,0.203%,1169354514.00,United States,,5460,Real Estate,Real Estate Investment Trusts
SCCE,Sachem Capital Corp. 6.00% Notes due 2027,$23.80,0.1222,0.516%,1126746454.00,United States,2022,2762,Real Estate,Real Estate Investment Trusts
SCCF,Sachem Capital Corp. 7.125% Notes due 2027,$23.43,0.00,0.00%,1109229808.00,United States,2022,38,Real Estate,Real Estate Investment Trusts
SCCG,Sachem Capital Corp. 8.00% Notes due 2027,$23.77,0.02,0.084%,1125326186.00,United States,2022,5424,Real Estate,Real Estate Investment Trusts
SCSC,ScanSource Inc. Common Stock,$35.97,-0.23,-0.635%,772649448.00,United States,,86730,Technology,Retail: Computer Software & Peripheral Equipment
SDGR,Schrodinger Inc. Common Stock,$12.55,-0.08,-0.633%,926505018.00,United States,2020,626686,Health Care,Biotechnology: Pharmaceutical Preparations
SEM,Select Medical Holdings Corporation Common Stock,$16.23,-0.03,-0.185%,2012817009.00,United States,2009,5152674,Health Care,Hospital/Nursing Management
SEMR,SEMrush Holdings Inc. Class A Common Stock,$11.92,0.00,0.00%,1799433759.00,United States,2021,1078096,Technology,Computer Software: Prepackaged Software
SEPN,Septerna Inc. Common Stock,$26.65,-1.37,-4.889%,1196754867.00,United States,2024,187724,Health Care,Biotechnology: Pharmaceutical Preparations
SGP,SpyGlass Pharma Inc. Common Stock,$28.46,1.64,6.115%,908191727.00,United States,2026,117681,Health Care,Medical/Dental Instruments
SGRY,Surgery Partners Inc. Common Stock,$13.42,0.47,3.629%,1736814199.00,United States,2015,3254339,Health Care,Hospital/Nursing Management
SHC,Sotera Health Company Common Stock,$14.025,-0.035,-0.249%,3988598908.00,United States,2020,1637132,Health Care,Misc Health and Biotechnology Services
SHLS,Shoals Technologies Group Inc. Class A Common Stock,$6.1995,-0.0705,-1.124%,1038108284.00,United States,2021,3896670,Technology,Semiconductors
SHOP,Shopify Inc. Class A Subordinate Voting Shares,$128.085,-1.275,-0.986%,167037105211.00,Canada,,4253916,Technology,Computer Software: Prepackaged Software
SIBN,SI-BONE Inc. Common Stock,$13.99,0.17,1.23%,617872365.00,United States,2018,185501,Health Care,Medical/Dental Instruments
SIGA,SIGA Technologies Inc. Common Stock,$5.475,-0.175,-3.097%,392071878.00,United States,,574104,Health Care,Biotechnology: Pharmaceutical Preparations
SILA,Sila Realty Trust Inc. Common Stock,$24.86,0.17,0.689%,1373425255.00,United States,2024,207949,Real Estate,Real Estate Investment Trusts
SION,Sionna Therapeutics Inc. Common Stock,$38.175,0.095,0.249%,1717801437.00,United States,2025,86108,Health Care,Biotechnology: Pharmaceutical Preparations
SITC,SITE Centers Corp. Common Stock,$5.845,-0.175,-2.907%,306642377.00,United States,,445701,Real Estate,Real Estate Investment Trusts
SITM,SiTime Corporation Common Stock,$351.68,-3.62,-1.019%,9249154107.00,United States,2019,163583,Technology,Semiconductors
SKT,Tanger Inc. Common Stock,$35.42,-0.45,-1.255%,4055864045.00,United States,1993,407238,Real Estate,Real Estate Investment Trusts
SKYT,SkyWater Technology Inc. Common Stock,$28.10,-0.72,-2.498%,1363074800.00,United States,2021,911972,Technology,Semiconductors
SLAB,Silicon Laboratories Inc. Common Stock,$202.00,-0.64,-0.316%,6657097658.00,United States,2000,401195,Technology,Semiconductors
SLDB,Solid Biosciences Inc. Common Stock,$7.24,-0.94,-11.491%,564070130.00,United States,2018,2561796,Health Care,Biotechnology: Biological Products (No Diagnostic Substances)
SLG,SL Green Realty Corp Common Stock,$37.73,-0.84,-2.178%,2680006535.00,United States,1997,701595,Real Estate,Real Estate Investment Trusts
SLNHP,Soluna Holdings Inc 9.0% Series A Cumulative Perpetual Preferred Stock ,$9.25,-0.15,-1.596%,1025158436.00,United States,,10052,Technology,EDP Services
SLNO,Soleno Therapeutics Inc. Common Stock,$39.195,-1.415,-3.484%,2023417731.00,United States,2014,862928,Health Care,Biotechnology: Electromedical & Electrotherapeutic Apparatus
SLS,SELLAS Life Sciences Group Inc. Common Stock,$5.46,-0.36,-6.186%,777734625.00,United States,,5164400,Health Care,Biotechnology: Pharmaceutical Preparations
SMA,SmartStop Self Storage REIT Inc. Common Stock,$32.25,0.04,0.124%,1785268958.00,United States,2025,828376,Real Estate,Real Estate Investment Trusts
SMCI,Super Micro Computer Inc. Common Stock,$31.705,-0.085,-0.267%,18990959815.00,United States,2020,17697666,Technology,Computer Manufacturing
SMMT,Summit Therapeutics Inc. Common Stock ,$16.235,-0.095,-0.582%,12588175785.00,United States,2015,1164395,Health Care,Biotechnology: Pharmaceutical Preparations
SMRT,SmartRent Inc. Class A Common Stock,$1.885,0.005,0.266%,362341808.00,United States,,811936,Technology,EDP Services
SMTC,Semtech Corporation Common Stock,$86.10,-1.48,-1.69%,7967698908.00,United States,,623381,Technology,Semiconductors
SNAP,Snap Inc. Class A Common Stock,$4.885,-0.025,-0.509%,8250530471.00,United States,2017,37058692,Technology,Computer Software: Programming Data Processing
SNDA,Sonida Senior Living Inc. Common Stock,$33.5101,-3.6499,-9.822%,628971307.00,United States,,612318,Health Care,Hospital/Nursing Management
SNDK,Sandisk Corporation Common Stock,$641.6525,22.7625,3.678%,94708532686.00,United States,,12530202,Technology,Electronic Components
SNDL,SNDL Inc. Common Shares,$1.575,0.015,0.962%,405562500.00,Canada,2019,924378,Health Care, Medicinal Chemicals and Botanical Products 
SNDX,Syndax Pharmaceuticals Inc. Common Stock,$24.16,0.00,0.00%,2130926399.00,United States,2016,746835,Health Care,Biotechnology: Pharmaceutical Preparations
SNOW,Snowflake Inc. Common Stock,$178.72,3.40,1.939%,61157984000.00,United States,2020,2458347,Technology,Computer Software: Prepackaged Software
SNPS,Synopsys Inc. Common Stock,$430.6299,-2.0201,-0.467%,82492336531.00,United States,1992,1155676,Technology,Computer Software: Prepackaged Software
SNX,TD SYNNEX Corporation Common Stock,$157.6025,2.0525,1.32%,12706920630.00,United States,2003,206619,Technology,Retail: Computer Software & Peripheral Equipment
SOHOB,Sotherly Hotels Inc. 8.0% Series B Cumulative Redeemable Perpetual Preferred Stock,$18.60,0.015,0.081%,381123319.00,United States,,1584,Real Estate,Real Estate Investment Trusts
SOHON,Sotherly Hotels Inc. 8.25% Series D Cumulative Redeemable Perpetual Preferred Stock,$16.58,0.01,0.06%,339732507.00,United States,,12690,Real Estate,Real Estate Investment Trusts
SOHOO,Sotherly Hotels Inc. 7.875% Series C Cumulative Redeemable Perpetual Preferred Stock,$19.07,0.01,0.052%,390753854.00,United States,,2114,Real Estate,Real Estate Investment Trusts
SOHU,Sohu.com Limited American Depositary Shares,$16.17,-0.24,-1.463%,486157518.00,China,,11630,Technology,EDP Services
SOLV,Solventum Corporation Common Stock,$67.60,0.00,0.00%,11728127138.00,United States,2024,646909,Health Care,Medical/Dental Instruments
SOUN,SoundHound AI Inc Class A Common Stock,$7.82,-0.08,-1.013%,3306407005.00,United States,,20621030,Technology,Computer Software: Prepackaged Software
SOUNW,SoundHound AI Inc. Warrant,$2.61,-0.0902,-3.34%,1103545049.00,United States,2021,11189,Technology,Computer Software: Prepackaged Software
SPG,Simon Property Group Inc. Common Stock,$188.44,-3.63,-1.89%,61234194953.00,United States,,710951,Real Estate,Real Estate Investment Trusts
SPRY,ARS Pharmaceuticals Inc. Common Stock,$8.43,-0.43,-4.853%,837076298.00,United States,2020,816315,Health Care,Biotechnology: Pharmaceutical Preparations
SPSC,SPS Commerce Inc. Common Stock,$62.17,1.04,1.701%,2324590574.00,United States,2010,331327,Technology,Computer Software: Prepackaged Software
SPT,Sprout Social Inc Class A Common Stock,$5.9445,0.0145,0.245%,354056186.00,United States,2019,903350,Technology,Computer Software: Prepackaged Software
SRPT,Sarepta Therapeutics Inc. Common Stock (DE),$17.06,-0.60,-3.398%,1791125510.00,United States,,1643686,Health Care,Biotechnology: Pharmaceutical Preparations
SRRK,Scholar Rock Holding Corporation Common Stock,$43.595,-1.185,-2.646%,5008328570.00,United States,2018,566666,Health Care,Biotechnology: Biological Products (No Diagnostic Substances)
SSNC,SS&C Technologies Holdings Inc. Common Stock,$72.64,-1.03,-1.398%,17542944556.00,United States,2010,1587721,Technology,Computer Software: Prepackaged Software
SSTK,Shutterstock Inc. Common Stock,$16.13,0.00,0.00%,573369158.00,United States,2012,198586,Technology,EDP Services
SSYS,Stratasys Ltd. Ordinary Shares (Israel),$8.12,-0.17,-2.051%,699721017.00,United States,1994,730049,Technology,Computer peripheral equipment
STAA,STAAR Surgical Company Common Stock,$17.56,0.33,1.915%,869443872.00,United States,,484484,Health Care,Ophthalmic Goods
STAG,Stag Industrial Inc. Common Stock,$38.12,-0.25,-0.652%,7282303947.00,United States,2011,492329,Real Estate,Real Estate Investment Trusts
STE,STERIS plc (Ireland) Ordinary Shares,$220.16,-1.92,-0.865%,21592197504.00,United States,,1032521,Health Care,Industrial Specialties
STEX,Streamex Corp. Common Stock,$2.105,0.105,5.25%,375783891.00,United States,,862681,Health Care,Biotechnology: Electromedical & Electrotherapeutic Apparatus
STOK,Stoke Therapeutics Inc. Common Stock,$37.36,-0.99,-2.581%,2133896724.00,United States,2019,259294,Health Care,Biotechnology: Pharmaceutical Preparations
STRA,Strategic Education Inc. Common Stock,$78.08,-1.46,-1.836%,1774788929.00,United States,1996,192221,Real Estate,Other Consumer Services
STRC,Strategy Inc Variable Rate Series A Perpetual Stretch Preferred Stock,$100.12,0.10,0.10%,33415321125.00,United States,,3042127,Technology,Computer Software: Prepackaged Software
STRD,Strategy Inc 10.00% Series A Perpetual Stride Preferred Stock,$79.46,0.41,0.519%,26519990178.00,United States,,167728,Technology,Computer Software: Prepackaged Software
STRF,Strategy Inc 10.00% Series A Perpetual Strife Preferred Stock,$102.39,-0.35,-0.341%,34172939772.00,United States,,46767,Technology,Computer Software: Prepackaged Software
STRK,Strategy Inc 8.00% Series A Perpetual Strike Preferred Stock,$80.12,0.57,0.717%,26740266965.00,United States,,285518,Technology,Computer Software: Prepackaged Software
STRO,Sutro Biopharma Inc. Common Stock,$24.73,-0.70,-2.753%,406370062.00,United States,2018,37879,Health Care,Biotechnology: Biological Products (No Diagnostic Substances)
STTK,Shattuck Labs Inc. Common Stock,$5.925,-0.035,-0.587%,424017986.00,United States,2020,221159,Health Care,Biotechnology: Pharmaceutical Preparations
STWD,STARWOOD PROPERTY TRUST INC. Starwood Property Trust Inc.,$17.795,-0.045,-0.252%,6594502544.00,United States,2009,1602730,Real Estate,Real Estate Investment Trusts
SUI,Sun Communities Inc. Common Stock,$136.395,-0.255,-0.187%,16801767882.00,United States,1993,584120,Real Estate,Real Estate Investment Trusts
SUPN,Supernus Pharmaceuticals Inc. Common Stock,$52.77,-0.90,-1.677%,3032030270.00,United States,2012,201944,Health Care,Biotechnology: Pharmaceutical Preparations
SVC,Service Properties Trust Common Stock,$2.075,-0.065,-3.037%,348726635.00,United States,,883610,Real Estate,Real Estate Investment Trusts
SVRA,Savara Inc. Common Stock,$5.465,-0.145,-2.585%,1111951773.00,United States,,466091,Health Care,Biotechnology: Pharmaceutical Preparations
SWKS,Skyworks Solutions Inc. Common Stock,$55.00,0.07,0.127%,8270548660.00,United States,,1560174,Technology,Semiconductors
SY,So-Young International Inc. American Depository Shares,$3.155,0.025,0.799%,317698868.00,China,2019,170171,Technology,EDP Services
SYK,Stryker Corporation Common Stock,$345.92,-12.73,-3.549%,132379666456.00,United States,,3014171,Health Care,Medical/Dental Instruments
SYNA,Synaptics Incorporated Common Stock $0.001 Par Value,$76.47,1.07,1.419%,2961663294.00,United States,2002,417076,Technology,Semiconductors
SYRE,Spyre Therapeutics Inc. Common Stock,$41.405,-0.165,-0.397%,3251955490.00,United States,2016,327466,Health Care,Biotechnology: Pharmaceutical Preparations
TAL,TAL Education Group American Depositary Shares,$10.96,-0.03,-0.273%,6685837711.00,China,,1188338,Real Estate,Other Consumer Services
TALK,Talkspace Inc. Common Stock,$5.16,-0.03,-0.578%,854785600.00,United States,2020,2563647,Health Care,Medical/Nursing Services
TARS,Tarsus Pharmaceuticals Inc. Common Stock,$70.715,-2.305,-3.157%,3009453047.00,United States,2020,432434,Health Care,Biotechnology: Biological Products (No Diagnostic Substances)
TASK,TaskUs Inc. Class A Common Stock,$10.575,0.345,3.372%,957685240.00,United States,2021,500291,Technology,EDP Services
TCI,Transcontinental Realty Investors Inc. Common Stock,$35.11,-1.20,-3.305%,303326385.00,United States,,3590,Real Estate,Real Estate Investment Trusts
TCMD,Tactile Systems Technology Inc. Common Stock,$27.78,-0.33,-1.174%,623353364.00,United States,2016,147585,Health Care,Medical/Dental Instruments
TCOM,Trip.com Group Limited American Depositary Shares,$52.045,-1.135,-2.134%,33999474466.00,China,2003,1238406,Real Estate,Real Estate
TDC,Teradata Corporation Common Stock,$27.19,-0.70,-2.51%,2506918000.00,United States,,1203227,Technology,Computer Software: Prepackaged Software
TDOC,Teladoc Health Inc. Common Stock,$5.435,-0.135,-2.424%,969584619.00,United States,2015,4111492,Health Care,Medical/Nursing Services
TECH,Bio-Techne Corp Common Stock,$53.13,0.31,0.587%,8312363404.00,United States,,1189002,Health Care,Biotechnology: Biological Products (No Diagnostic Substances)
TECX,Tectonic Therapeutic Inc. Common Stock,$34.695,1.455,4.377%,651455039.00,United States,2018,265523,Health Care,Biotechnology: Biological Products (No Diagnostic Substances)
TEM,Tempus AI Inc. Class A Common Stock,$51.92,1.02,2.004%,9281929985.00,United States,2024,3180778,Technology,Computer Software: Programming Data Processing
TENB,Tenable Holdings Inc. Common Stock,$20.40,-0.29,-1.402%,2343707407.00,United States,2018,1065465,Technology,Computer Software: Prepackaged Software
TERN,Terns Pharmaceuticals Inc. Common Stock,$45.83,0.54,1.192%,4755388170.00,United States,2021,1184832,Health Care,Biotechnology: Pharmaceutical Preparations
TFX,Teleflex Incorporated Common Stock,$111.10,-0.74,-0.662%,4910682438.00,United States,,324180,Health Care,Medical/Dental Instruments
TGTX,TG Therapeutics Inc. Common Stock,$28.29,-0.98,-3.348%,4517580762.00,United States,,707333,Health Care,Biotechnology: Pharmaceutical Preparations
THC,Tenet Healthcare Corporation Common Stock,$236.33,-1.09,-0.459%,20551965790.00,United States,,560229,Health Care,Hospital/Nursing Management
TIC,TIC Solutions Inc. Common Stock,$8.25,-0.32,-3.734%,1824979910.00,United States,2025,2023244,Real Estate,Real Estate
TLRY,Tilray Brands Inc. Common Stock ,$7.2514,0.0514,0.714%,844951982.00,United States,2018,1514555,Health Care, Medicinal Chemicals and Botanical Products 
TLS,Telos Corporation Common Stock,$4.245,-0.015,-0.352%,313087127.00,United States,2020,398115,Technology,EDP Services
TMDX,TransMedics Group Inc. Common Stock,$130.04,-0.81,-0.619%,4460690728.00,United States,2019,226363,Health Care,Biotechnology: Electromedical & Electrotherapeutic Apparatus
TNDM,Tandem Diabetes Care Inc. Common Stock,$21.66,-0.22,-1.005%,1479939579.00,United States,2013,1099429,Health Care,Medical/Dental Instruments
TNET,TriNet Group Inc. Common Stock,$36.52,0.16,0.44%,1727366273.00,United States,2014,192901,Real Estate,Real Estate
TNGX,Tango Therapeutics Inc.,$16.76,0.26,1.576%,2391465143.00,United States,2020,2592221,Health Care,Biotechnology: Pharmaceutical Preparations
TOST,Toast Inc. Class A Common Stock,$28.32,-0.58,-2.007%,16680480000.00,United States,2021,3881436,Technology,EDP Services
TRDA,Entrada Therapeutics Inc. Common Stock,$13.32,0.12,0.909%,509947049.00,United States,2021,141730,Health Care,Biotechnology: Pharmaceutical Preparations
TRIP,TripAdvisor Inc. Common Stock,$9.775,-0.365,-3.60%,1121732285.00,United States,,2823128,Technology,Computer Software: Programming Data Processing
TRTX,TPG RE Finance Trust Inc. Common Stock,$8.165,-0.145,-1.745%,639760835.00,United States,2017,321347,Real Estate,Real Estate Investment Trusts
TRUP,Trupanion Inc. Common Stock,$25.505,0.335,1.331%,1107686460.00,United States,,211273,Health Care,Medical Specialities
TRVI,Trevi Therapeutics Inc. Common Stock,$11.815,0.055,0.468%,1515039033.00,United States,2019,438049,Health Care,Biotechnology: Pharmaceutical Preparations
TSHA,Taysha Gene Therapies Inc. Common Stock,$4.445,-0.125,-2.735%,1217571613.00,United States,2020,1505489,Health Care,Biotechnology: Biological Products (No Diagnostic Substances)
TTAN,ServiceTitan Inc. Class A Common Stock,$77.85,-0.05,-0.064%,7290390457.00,United States,2024,454149,Technology,Computer Software: Prepackaged Software
TTD,The Trade Desk Inc. Class A Common Stock,$27.03,-0.63,-2.278%,12865659580.00,United States,2016,9004612,Technology,Computer Software: Programming Data Processing
TTMI,TTM Technologies Inc. Common Stock,$95.20,-1.23,-1.276%,9844148860.00,United States,2000,635756,Technology,Electrical Products
TUYA,Tuya Inc. American Depositary Shares each representing one Class A Ordinary Share,$2.52,-0.01,-0.395%,1536499311.00,China,2021,559026,Technology,Computer Software: Prepackaged Software
TVTX,Travere Therapeutics Inc. Common Stock,$28.00,-0.63,-2.20%,2582763400.00,United States,,393172,Health Care,Biotechnology: Pharmaceutical Preparations
TWLO,Twilio Inc. Class A Common Stock,$125.675,0.525,0.419%,19041521824.00,United States,2016,666372,Technology,Computer Software: Prepackaged Software
TWO,Two Harbors Investment Corp,$9.445,-0.235,-2.428%,992132911.00,United States,,1619069,Real Estate,Real Estate Investment Trusts
TWST,Twist Bioscience Corporation Common Stock,$47.06,1.665,3.668%,2885328790.00,United States,2018,452484,Health Care,Biotechnology: Biological Products (No Diagnostic Substances)
TXN,Texas Instruments Incorporated Common Stock,$198.61,1.15,0.582%,180827131306.00,United States,,2827676,Technology,Semiconductors
TYL,Tyler Technologies Inc. Common Stock,$349.17,-5.07,-1.431%,15009191168.00,United States,,191934,Technology,Computer Software: Prepackaged Software
TYRA,Tyra Biosciences Inc. Common Stock,$35.68,0.94,2.706%,1921978663.00,United States,2021,634525,Health Care,Biotechnology: Pharmaceutical Preparations
U,Unity Software Inc. Common Stock,$20.10,-0.57,-2.758%,8703050981.00,United States,2020,7508658,Technology,Computer Software: Prepackaged Software
UBER,Uber Technologies Inc. Common Stock,$74.20,1.84,2.543%,152712205939.00,United States,2019,14996645,Real Estate,Real Estate
UCTT,Ultra Clean Holdings Inc. Common Stock,$57.34,1.09,1.938%,2608398779.00,United States,2004,467095,Technology,Semiconductors
UDMY,Udemy Inc. Common Stock,$4.80,0.04,0.84%,698023248.00,United States,2021,844685,Real Estate,Other Consumer Services
UDR,UDR Inc. Common Stock,$35.825,-0.955,-2.597%,11771090646.00,United States,,2196629,Real Estate,Real Estate Investment Trusts
UFPT,UFP Technologies Inc. Common Stock,$209.80,-5.06,-2.355%,1618250340.00,United States,1993,168482,Health Care,Medical/Dental Instruments
UHS,Universal Health Services Inc. Common Stock,$187.215,0.685,0.367%,11436335308.00,United States,,327331,Health Care,Hospital/Nursing Management
UHT,Universal Health Realty Income Trust Common Stock,$42.61,-0.52,-1.206%,591198538.00,United States,,13878,Real Estate,Real Estate Investment Trusts
UI,Ubiquiti Inc. Common Stock,$767.09,-2.49,-0.324%,46424895869.00,United States,,81323,Technology,Radio And Television Broadcasting And Communications Equipment
ULS,UL Solutions Inc. Class A Common Stock,$82.555,0.925,1.133%,16597039729.00,United States,2024,367089,Health Care,Precision Instruments
UMAC,Unusual Machines Inc. Common Stock,$19.155,0.655,3.541%,706351141.00,United States,2024,5290243,Technology,Radio And Television Broadcasting And Communications Equipment
UMH,UMH Properties Inc. Common Stock,$14.70,-0.21,-1.408%,1249736979.00,United States,1994,237581,Real Estate,Real Estate Investment Trusts
UNIT,Uniti Group Inc. Common Stock,$8.305,-0.245,-2.865%,1985503117.00,United States,,978931,Real Estate,Real Estate Investment Trusts
UPB,Upstream Bio Inc. Common Stock,$9.19,1.07,13.177%,496614651.00,United States,2024,1127308,Health Care,Biotechnology: Pharmaceutical Preparations
UPWK,Upwork Inc. Common Stock,$12.28,-0.10,-0.808%,1601069016.00,United States,2018,3065135,Technology,EDP Services
USNA,USANA Health Sciences Inc. Common Stock,$17.52,-0.31,-1.739%,320280615.00,United States,,51025,Health Care, Medicinal Chemicals and Botanical Products 
USPH,U.S. Physical Therapy Inc. Common Stock,$78.46,-1.53,-1.913%,1186516215.00,United States,1992,82635,Health Care,Medical/Nursing Services
UTHR,United Therapeutics Corporation Common Stock,$538.13,2.32,0.433%,23584992667.00,United States,1999,383502,Health Care,Biotechnology: Pharmaceutical Preparations
UTI,Universal Technical Institute Inc Common Stock,$34.455,0.175,0.511%,1895731534.00,United States,2003,197152,Real Estate,Other Consumer Services
UXIN,Uxin Limited ADS,$3.64,0.01,0.275%,750456023.00,China,2018,111680,Real Estate,Real Estate
VCEL,Vericel Corporation Common Stock,$32.845,-0.555,-1.662%,1667321213.00,United States,,156626,Health Care,Biotechnology: Biological Products (No Diagnostic Substances)
VCYT,Veracyte Inc. Common Stock,$32.445,-0.335,-1.022%,2578028664.00,United States,2013,307274,Health Care,Medical Specialities
VECO,Veeco Instruments Inc. Common Stock,$31.49,0.01,0.032%,1901745906.00,United States,1994,323580,Technology,Industrial Machinery/Components
VEEV,Veeva Systems Inc. Class A Common Stock,$187.13,-2.56,-1.35%,30760776526.00,United States,2013,705841,Technology,Computer Software: Prepackaged Software
VELO,Velo3D Inc. Common stock,$13.69,1.30,10.492%,337015355.00,United States,,5022099,Technology,Industrial Machinery/Components
VERA,Vera Therapeutics Inc. Class A Common Stock,$41.40,1.15,2.857%,2954124614.00,United States,2021,933493,Health Care,Biotechnology: Pharmaceutical Preparations
VERX,Vertex Inc. Class A Common Stock,$13.985,-0.275,-1.928%,2236997163.00,United States,2020,688914,Technology,Computer Software: Prepackaged Software
VIAV,Viavi Solutions Inc. Common Stock,$29.75,0.03,0.101%,6883833014.00,United States,,2189935,Technology,Semiconductors
VICI,VICI Properties Inc. Common Stock,$28.595,-0.715,-2.439%,30567740426.00,United States,2018,4871451,Real Estate,Real Estate Investment Trusts
VICR,Vicor Corporation Common Stock,$177.90,2.10,1.195%,8071882318.00,United States,,368885,Technology,Industrial Machinery/Components
VIR,Vir Biotechnology Inc. Common Stock,$9.70,-0.18,-1.822%,1353317597.00,United States,2019,2607526,Health Care,Biotechnology: Biological Products (No Diagnostic Substances)
VISN,Vistance Networks Inc. Common Stock,$17.68,0.03,0.17%,3986168390.00,United States,2013,2043579,Technology,Radio And Television Broadcasting And Communications Equipment
VKTX,Viking Therapeutics Inc. Common Stock,$34.78,0.12,0.346%,4018978380.00,United States,2015,2331368,Health Care,Biotechnology: Pharmaceutical Preparations
VMD,Viemed Healthcare Inc. Common Shares,$9.09,-0.41,-4.316%,350897916.00,United States,,383723,Health Care,Misc Health and Biotechnology Services
VNDA,Vanda Pharmaceuticals Inc. Common Stock,$9.41,-0.15,-1.569%,556206562.00,United States,2006,1062687,Health Care,Biotechnology: Pharmaceutical Preparations
VNET,VNET Group Inc. American Depositary Shares,$10.98,-0.25,-2.226%,2953904393.00,China,2011,3388342,Technology,Computer Software: Programming Data Processing
VNO,Vornado Realty Trust Common Stock,$26.31,-0.20,-0.754%,5016432116.00,United States,,1070222,Real Estate,Real Estate Investment Trusts
VOR,Vor Biopharma Inc. Common Stock,$15.01,-0.99,-6.188%,623212798.00,United States,2021,445852,Health Care,Biotechnology: Biological Products (No Diagnostic Substances)
VPG,Vishay Precision Group Inc. Common Stock,$44.18,-0.36,-0.808%,587479530.00,United States,,78868,Technology,Electrical Products
VRDN,Viridian Therapeutics Inc. Common Stock,$28.41,-0.78,-2.672%,2903688682.00,United States,2014,648017,Health Care,Medical Specialities
VRE,Veris Residential Inc. Common Stock,$18.855,-0.005,-0.027%,1762157906.00,United States,,1411763,Real Estate,Real Estate Investment Trusts
VREX,Varex Imaging Corporation Common Stock,$11.30,0.07,0.623%,473470000.00,United States,,191805,Technology,Industrial Machinery/Components
VRNS,Varonis Systems Inc. Common Stock,$24.06,0.11,0.459%,2825792288.00,United States,2014,743230,Technology,Computer Software: Prepackaged Software
VRSN,VeriSign Inc. Common Stock,$237.025,-1.585,-0.664%,21735192500.00,United States,1998,229460,Technology,EDP Services
VRT,Vertiv Holdings LLC Class A Common Stock,$268.785,-1.275,-0.472%,102836728146.00,United States,2018,5340229,Technology,Industrial Machinery/Components
VRTX,Vertex Pharmaceuticals Incorporated Common Stock,$490.08,-9.09,-1.821%,124497075835.00,United States,1991,1348034,Health Care,Biotechnology: Pharmaceutical Preparations
VSAT,ViaSat Inc. Common Stock,$45.79,-0.52,-1.123%,6219719852.00,United States,1996,796349,Technology,Radio And Television Broadcasting And Communications Equipment
VSH,Vishay Intertechnology Inc. Common Stock,$17.44,0.13,0.751%,2368251546.00,United States,,608115,Technology,Electrical Products
VSTM,Verastem Inc. Common Stock,$6.19,-0.20,-3.13%,543699306.00,United States,2012,602164,Health Care,Biotechnology: Pharmaceutical Preparations
VTR,Ventas Inc. Common Stock,$85.72,-0.36,-0.418%,40714019001.00,United States,,819584,Real Estate,Real Estate Investment Trusts
VTRS,Viatris Inc. Common Stock,$14.045,-0.035,-0.249%,16171313589.00,United States,,5290536,Health Care,Biotechnology: Pharmaceutical Preparations
VYGR,Voyager Therapeutics Inc. Common Stock,$4.815,-0.185,-3.70%,380976874.00,United States,2015,1362257,Health Care,Biotechnology: Biological Products (No Diagnostic Substances)
WAY,Waystar Holding Corp. Common Stock,$24.48,-0.33,-1.33%,4692365372.00,United States,2024,615892,Technology,EDP Services
WB,Weibo Corporation American Depositary Share,$9.76,-0.07,-0.712%,2389494733.00,China,2014,497168,Technology,Computer Software: Programming Data Processing
WDAY,Workday Inc. Class A Common Stock,$137.2945,-5.1955,-3.646%,35284686500.00,United States,,3374871,Technology,EDP Services
WDC,Western Digital Corporation Common Stock,$268.955,2.735,1.027%,91185944312.00,United States,,4422672,Technology,Electronic Components
WEAV,Weave Communications Inc. Common Stock,$5.005,0.075,1.521%,393636298.00,United States,2021,796944,Technology,Computer Software: Prepackaged Software
WELL,Welltower Inc. Common Stock,$205.29,-2.43,-1.17%,143241616884.00,United States,,962398,Real Estate,Real Estate Investment Trusts
WEX,WEX Inc. common stock,$160.27,1.50,0.945%,5498962747.00,United States,,229345,Real Estate,Real Estate
WGS,GeneDx Holdings Corp. Class A Common Stock,$85.875,-2.965,-3.337%,2515170462.00,United States,2020,405062,Technology,Retail: Computer Software & Peripheral Equipment
WK,Workiva Inc. Class A Common Stock,$61.58,-0.61,-0.981%,3499877131.00,United States,2014,275415,Technology,Computer Software: Prepackaged Software
WOLF,Wolfspeed Inc. Common Stock New,$18.035,1.455,8.776%,813173099.00,United States,2025,1256077,Technology,Semiconductors
WPC,W. P. Carey Inc. REIT,$71.415,-0.845,-1.169%,15651997055.00,United States,,409740,Real Estate,Real Estate Investment Trusts
WRBY,Warby Parker Inc. Class A Common Stock,$25.45,-0.09,-0.352%,3116295925.00,United States,2021,931047,Health Care,Ophthalmic Goods
WRD,WeRide Inc. American Depositary Shares,$6.85,0.09,1.331%,1949022999.00,China,2024,1458794,Technology,EDP Services
WSR,Whitestone REIT Common Shares,$16.46,0.20,1.23%,845907942.00,United States,2010,255678,Real Estate,Real Estate Investment Trusts
WST,West Pharmaceutical Services Inc. Common Stock,$237.55,3.72,1.591%,17108705187.00,United States,,395433,Health Care,Medical/Dental Instruments
WU,Western Union Company (The) Common Stock,$9.815,0.085,0.874%,3076558950.00,United States,,6030828,Real Estate,Real Estate
WULF,TeraWulf Inc. Common Stock,$15.165,0.815,5.679%,6430993116.00,United States,,27062540,Technology,EDP Services
WY,Weyerhaeuser Company Common Stock,$23.385,-0.795,-3.288%,16852751025.00,United States,,4462933,Real Estate,Real Estate Investment Trusts
XENE,Xenon Pharmaceuticals Inc. Common Shares,$59.68,-0.93,-1.534%,4964798059.00,Canada,2014,4396312,Health Care,Biotechnology: Pharmaceutical Preparations
XERS,Xeris Biopharma Holdings Inc. Common Stock,$5.74,-0.08,-1.375%,989755605.00,United States,2018,1066723,Health Care,Biotechnology: Pharmaceutical Preparations
XFOR,X4 Pharmaceuticals Inc. Common Stock,$4.385,-0.275,-5.901%,383409877.00,United States,2017,398588,Health Care,Biotechnology: Biological Products (No Diagnostic Substances)
XMTR,Xometry Inc. Class A Common Stock,$41.24,0.00,0.00%,2137239246.00,United States,2021,341892,Real Estate,Real Estate
XNCR,Xencor Inc. Common Stock,$11.84,-0.14,-1.169%,868329521.00,United States,2013,307304,Health Care,Biotechnology: Pharmaceutical Preparations
XNET,Xunlei Limited American Depositary Shares,$6.00,0.16,2.74%,1871161986.00,China,2014,239304,Technology,Computer Software: Prepackaged Software
XOMA,XOMA Royalty Corporation Common Stock,$26.64,-0.64,-2.346%,329885864.00,United States,1986,117966,Health Care,Biotechnology: Pharmaceutical Preparations
XOMAO,XOMA Royalty Corporation Depositary Shares Rep Series B 8.375% Cumulative Preferred Stock,$25.37,-0.11,-0.432%,314159323.00,United States,,2769,Health Care,Biotechnology: Pharmaceutical Preparations
XOMAP,XOMA Royalty Corporation 8.625% Series A Cumulative Perpetual Preferred Stock,$25.7844,-0.1006,-0.389%,319290881.00,United States,,287,Health Care,Biotechnology: Pharmaceutical Preparations
XRAY,DENTSPLY SIRONA Inc. Common Stock,$12.8099,0.1299,1.024%,2558768981.00,United States,1987,1789896,Health Care,Medical/Dental Instruments
XRN,Chiron Real Estate Inc. Common Stock,$35.04,-0.97,-2.694%,463748443.00,United States,2016,47659,Real Estate,Real Estate Investment Trusts
XRX,Xerox Holdings Corporation Common Stock,$1.7346,0.0346,2.035%,333147137.00,United States,,2614561,Technology,Computer peripheral equipment
XYZ,Block Inc. Class A Common Stock,$63.92,-1.68,-2.561%,38294216320.00,United States,2015,5829863,Technology,Computer Software: Prepackaged Software
YDES,YD Bio Limited Ordinary Shares,$7.75,0.083,1.083%,546540532.00,United States,,6047,Health Care,Medical Specialities
YEXT,Yext Inc. Common Stock,$5.475,-0.005,-0.091%,671382809.00,United States,2017,3087963,Technology,EDP Services
YMM,Full Truck Alliance Co. Ltd. American Depositary Shares (each representing 20 Class A Ordinary Shares),$9.05,-0.22,-2.373%,9465342447.00,China,2021,7308063,Technology,Computer Software: Prepackaged Software
YOU,Clear Secure Inc. Class A Common Stock,$44.95,-0.93,-2.027%,5992805920.00,United States,2021,648771,Technology,Computer Software: Prepackaged Software
Z,Zillow Group Inc. Class C Capital Stock,$44.68,0.62,1.407%,10719992691.00,United States,,2055072,Real Estate,Real Estate
ZBH,Zimmer Biomet Holdings Inc. Common Stock,$92.995,1.295,1.412%,18194658112.00,United States,,2102433,Health Care,Industrial Specialties
ZBIO,Zenas BioPharma Inc. Common Stock,$25.25,-0.67,-2.585%,1355398942.00,United States,2024,121160,Health Care,Biotechnology: Pharmaceutical Preparations
ZETA,Zeta Global Holdings Corp. Class A Common Stock,$18.25,-0.07,-0.382%,4455255700.00,United States,2021,3744635,Technology,Computer Software: Prepackaged Software
ZG,Zillow Group Inc. Class A Common Stock,$44.20,0.50,1.144%,10604827147.00,United States,2011,530137,Real Estate,Real Estate
ZIP,ZipRecruiter Inc. Class A Common Stock,$2.845,-0.005,-0.175%,406174317.00,United States,2021,1310511,Technology,Computer Software: Programming Data Processing
ZLAB,Zai Lab Limited American Depositary Shares,$18.96,-0.50,-2.569%,2097748411.00,China,2017,189241,Health Care,Biotechnology: Pharmaceutical Preparations
ZM,Zoom Communications Inc. Class A Common Stock,$75.445,-0.935,-1.224%,22231143214.00,United States,2019,2182060,Technology,Computer Software: Programming Data Processing
ZS,Zscaler Inc. Common Stock,$153.6714,-2.9386,-1.876%,24708932437.00,United States,2018,1879547,Technology,EDP Services
ZTS,Zoetis Inc. Class A Common Stock,$119.69,-0.80,-0.664%,50524465490.00,United States,2013,1331609,Health Care,Biotechnology: Pharmaceutical Preparations
ZVRA,Zevra Therapeutics Inc. Common Stock,$10.41,-0.65,-5.877%,611187589.00,United States,,3325430,Health Care,Biotechnology: Pharmaceutical Preparations
ZYME,Zymeworks Inc. Common Stock,$24.92,-0.54,-2.121%,1837840206.00,United States,,511943,Health Care,Biotechnology: Pharmaceutical Preparations
